Order_ID,Order_Date,iPhone_Model,Storage,Color,Country,Gender,Units_Sold,Unit_Price,Total_Sales,Profit,Month,Year
10001,2025-04-13,iPhone 15 Pro,256GB,Blue,USA,Female,4,1109,4436,908.01,Apr-2025,2025
10002,2026-03-12,iPhone 15,128GB,White,India,Female,3,779,2337,432.52,Mar-2026,2026
10003,2025-09-28,iPhone 16,128GB,Blue,India,Female,1,819,819,169.14,Sep-2025,2025
10004,2025-04-17,iPhone 16 Pro Max,128GB,White,India,Male,1,1199,1199,280.89,Apr-2025,2025
10005,2025-03-13,iPhone 16 Pro,256GB,Purple,India,Female,3,1219,3657,788.33,Mar-2025,2025
10006,2025-01-21,iPhone 16 Pro,128GB,Blue,Canada,Female,3,1079,3237,709.38,Jan-2025,2025
10007,2025-05-02,iPhone 16,256GB,Pink,India,Male,1,919,919,160.77,May-2025,2025
10008,2026-04-12,iPhone 13,512GB,Purple,India,Male,4,819,3276,508.41,Apr-2026,2026
10009,2025-08-03,iPhone 15,256GB,White,India,Female,4,919,3676,647.67,Aug-2025,2025
10010,2025-11-27,iPhone 16 Pro Max,256GB,Black,Canada,Male,1,1299,1299,301.4,Nov-2025,2025
10011,2026-04-04,iPhone 15 Pro,256GB,Purple,India,Male,3,1109,3327,688.71,Apr-2026,2026
10012,2025-03-29,iPhone 14,128GB,Purple,India,Male,1,699,699,116.01,Mar-2025,2025
10013,2026-01-08,iPhone 16 Plus,128GB,Purple,UK,Male,2,919,1838,357.22,Jan-2026,2026
10014,2025-04-10,iPhone 15 Pro,512GB,White,USA,Female,1,1169,1169,245.43,Apr-2025,2025
10015,2025-05-11,iPhone 15,256GB,White,India,Male,1,909,909,158.85,May-2025,2025
10016,2025-11-05,iPhone 16 Pro Max,256GB,Blue,India,Male,2,1309,2618,600.43,Nov-2025,2025
10017,2025-12-10,iPhone 16 Pro,128GB,Pink,Canada,Female,1,1109,1109,263.21,Dec-2025,2025
10018,2026-05-07,iPhone 15 Pro,256GB,Purple,Singapore,Male,2,1099,2198,477.1,May-2026,2026
10019,2026-02-18,iPhone 16 Pro Max,128GB,Blue,India,Female,3,1209,3627,804.81,Feb-2026,2026
10020,2026-01-21,iPhone 16,128GB,Blue,India,Female,1,799,799,145.99,Jan-2026,2026
10021,2025-07-11,iPhone 16 Plus,128GB,Pink,India,Female,1,909,909,172.88,Jul-2025,2025
10022,2025-10-04,iPhone 13,128GB,Blue,UAE,Female,2,619,1238,222.79,Oct-2025,2025
10023,2025-06-10,iPhone 14,128GB,Pink,USA,Male,1,679,679,113.21,Jun-2025,2025
10024,2026-04-05,iPhone 16,128GB,Black,Canada,Male,3,769,2307,433.5,Apr-2026,2026
10025,2025-11-10,iPhone 16 Pro,256GB,Pink,UAE,Male,1,1209,1209,263.11,Nov-2025,2025
10026,2025-01-22,iPhone 16,256GB,Green,Germany,Male,2,899,1798,340.23,Jan-2025,2025
10027,2025-09-10,iPhone 14,256GB,Pink,Australia,Male,1,779,779,135.0,Sep-2025,2025
10028,2026-07-15,iPhone 14,128GB,Pink,Canada,Male,1,699,699,123.22,Jul-2026,2026
10029,2026-04-20,iPhone 16 Pro,1TB,Natural Titanium,USA,Female,1,1399,1399,305.45,Apr-2026,2026
10030,2025-02-28,iPhone 14,128GB,Green,India,Male,1,699,699,140.96,Feb-2025,2025
10031,2026-05-26,iPhone 16,128GB,Pink,USA,Male,1,769,769,146.5,May-2026,2026
10032,2026-04-21,iPhone 13,256GB,White,USA,Male,2,699,1398,237.57,Apr-2026,2026
10033,2025-07-09,iPhone 14,128GB,Natural Titanium,UK,Male,1,679,679,116.34,Jul-2025,2025
10034,2026-07-17,iPhone 16 Plus,256GB,Blue,India,Female,1,969,969,179.1,Jul-2026,2026
10035,2026-07-21,iPhone 16 Plus,256GB,Blue,UK,Female,2,979,1958,377.63,Jul-2026,2026
10036,2025-09-01,iPhone 15 Pro,1TB,Black,USA,Female,3,1299,3897,789.52,Sep-2025,2025
10037,2026-05-20,iPhone 15,512GB,Black,UK,Female,2,969,1938,346.95,May-2026,2026
10038,2025-05-11,iPhone 16 Pro,512GB,Green,India,Female,1,1309,1309,253.0,May-2025,2025
10039,2026-04-30,iPhone 15,128GB,White,USA,Female,3,799,2397,416.75,Apr-2026,2026
10040,2025-01-21,iPhone 16,512GB,Black,India,Male,4,999,3996,749.66,Jan-2025,2025
10041,2025-06-16,iPhone 16 Pro Max,128GB,Blue,Australia,Male,1,1219,1219,280.08,Jun-2025,2025
10042,2025-10-01,iPhone 14,256GB,Black,USA,Female,2,819,1638,282.48,Oct-2025,2025
10043,2026-01-23,iPhone 16 Pro Max,256GB,Black,India,Male,2,1299,2598,577.5,Jan-2026,2026
10044,2026-08-24,iPhone 15,128GB,Pink,India,Male,4,779,3116,554.9,Aug-2026,2026
10045,2025-11-12,iPhone 16,256GB,Black,UAE,Male,2,909,1818,341.23,Nov-2025,2025
10046,2025-01-14,iPhone 15 Pro,128GB,Green,India,Male,4,969,3876,838.6,Jan-2025,2025
10047,2025-08-30,iPhone 16 Pro Max,128GB,Blue,Singapore,Female,1,1199,1199,274.91,Aug-2025,2025
10048,2025-12-12,iPhone 15,512GB,Green,USA,Male,1,999,999,164.54,Dec-2025,2025
10049,2026-07-19,iPhone 15 Pro,128GB,Natural Titanium,India,Male,3,1009,3027,645.93,Jul-2026,2026
10050,2025-12-06,iPhone 16 Pro Max,128GB,Green,UK,Male,3,1199,3597,824.06,Dec-2025,2025
10051,2025-04-02,iPhone 16,128GB,Purple,India,Female,2,779,1558,304.96,Apr-2025,2025
10052,2026-01-02,iPhone 15 Pro Max,512GB,White,Canada,Female,3,1369,4107,915.61,Jan-2026,2026
10053,2026-03-31,iPhone 15,128GB,Natural Titanium,India,Male,2,809,1618,281.0,Mar-2026,2026
10054,2026-03-04,iPhone 16 Plus,128GB,Natural Titanium,Singapore,Female,2,909,1818,340.51,Mar-2026,2026
10055,2026-05-24,iPhone 13,512GB,Purple,UK,Male,1,819,819,126.48,May-2026,2026
10056,2025-02-04,iPhone 13,128GB,Purple,Australia,Female,1,599,599,106.42,Feb-2025,2025
10057,2025-07-25,iPhone 16,128GB,Pink,India,Female,1,769,769,165.58,Jul-2025,2025
10058,2025-03-22,iPhone 15 Pro,256GB,Green,India,Female,2,1109,2218,485.71,Mar-2025,2025
10059,2026-07-16,iPhone 16 Pro Max,256GB,White,UAE,Male,1,1299,1299,296.23,Jul-2026,2026
10060,2026-01-23,iPhone 16 Pro Max,512GB,Blue,UK,Male,1,1419,1419,344.8,Jan-2026,2026
10061,2025-01-02,iPhone 16 Plus,128GB,Blue,India,Male,1,869,869,169.59,Jan-2025,2025
10062,2026-01-25,iPhone 16 Pro,512GB,White,India,Male,4,1279,5116,1121.18,Jan-2026,2026
10063,2026-07-20,iPhone 16,512GB,Natural Titanium,India,Male,1,1009,1009,182.27,Jul-2026,2026
10064,2025-04-16,iPhone 14,128GB,Green,UK,Male,1,679,679,121.13,Apr-2025,2025
10065,2026-04-22,iPhone 16 Pro,128GB,Green,India,Male,1,1109,1109,263.16,Apr-2026,2026
10066,2026-02-06,iPhone 15,1TB,Pink,India,Female,1,1099,1099,212.54,Feb-2026,2026
10067,2026-07-10,iPhone 15 Pro,128GB,Pink,India,Male,1,999,999,200.25,Jul-2026,2026
10068,2025-06-11,iPhone 16 Pro,256GB,Purple,USA,Female,1,1199,1199,267.93,Jun-2025,2025
10069,2025-07-21,iPhone 16,256GB,Blue,India,Female,1,879,879,156.76,Jul-2025,2025
10070,2025-09-27,iPhone 16 Pro,256GB,Pink,Singapore,Female,3,1169,3507,774.06,Sep-2025,2025
10071,2025-09-28,iPhone 15,512GB,White,India,Female,3,1019,3057,555.85,Sep-2025,2025
10072,2026-04-01,iPhone 16,128GB,Blue,Germany,Female,1,779,779,151.77,Apr-2026,2026
10073,2026-04-07,iPhone 14,128GB,Natural Titanium,USA,Female,2,699,1398,249.57,Apr-2026,2026
10074,2025-09-09,iPhone 16,512GB,Natural Titanium,India,Male,2,1009,2018,374.8,Sep-2025,2025
10075,2025-10-23,iPhone 16 Pro,512GB,Green,India,Male,2,1319,2638,596.41,Oct-2025,2025
10076,2025-12-04,iPhone 16,256GB,Blue,UK,Female,1,909,909,168.26,Dec-2025,2025
10077,2025-02-22,iPhone 15,1TB,Black,UAE,Male,1,1079,1079,180.58,Feb-2025,2025
10078,2025-08-05,iPhone 13,256GB,Blue,USA,Male,2,669,1338,226.13,Aug-2025,2025
10079,2025-07-07,iPhone 14,128GB,Pink,India,Female,1,709,709,126.03,Jul-2025,2025
10080,2026-01-15,iPhone 16,512GB,White,Germany,Female,1,1009,1009,203.36,Jan-2026,2026
10081,2026-05-08,iPhone 16 Pro Max,128GB,Green,Singapore,Female,1,1219,1219,282.19,May-2026,2026
10082,2025-02-10,iPhone 15,128GB,Green,USA,Male,3,799,2397,405.26,Feb-2025,2025
10083,2025-06-06,iPhone 16 Plus,128GB,Pink,UK,Female,1,919,919,164.55,Jun-2025,2025
10084,2025-01-15,iPhone 16 Pro,256GB,Pink,USA,Male,1,1199,1199,265.19,Jan-2025,2025
10085,2025-03-06,iPhone 16,1TB,Pink,India,Female,3,1069,3207,608.63,Mar-2025,2025
10086,2026-06-05,iPhone 16,128GB,Black,India,Male,3,809,2427,482.76,Jun-2026,2026
10087,2025-12-10,iPhone 16 Pro,128GB,White,USA,Female,1,1099,1099,232.2,Dec-2025,2025
10088,2025-05-09,iPhone 15,256GB,Black,Canada,Male,1,879,879,168.64,May-2025,2025
10089,2026-04-17,iPhone 15 Pro,512GB,Pink,India,Male,2,1219,2438,519.0,Apr-2026,2026
10090,2025-03-04,iPhone 13,256GB,White,UK,Male,1,709,709,84.57,Mar-2025,2025
10091,2025-05-19,iPhone 16 Pro Max,256GB,Natural Titanium,Australia,Male,2,1279,2558,588.12,May-2025,2025
10092,2026-05-14,iPhone 16 Pro Max,256GB,Natural Titanium,India,Female,3,1319,3957,911.45,May-2026,2026
10093,2026-08-16,iPhone 16 Pro,128GB,Pink,India,Male,1,1109,1109,259.74,Aug-2026,2026
10094,2026-01-27,iPhone 14,128GB,White,Canada,Male,1,699,699,98.19,Jan-2026,2026
10095,2026-02-23,iPhone 15 Pro Max,128GB,Green,India,Male,1,1169,1169,266.46,Feb-2026,2026
10096,2025-10-16,iPhone 14,512GB,Black,India,Female,2,899,1798,310.41,Oct-2025,2025
10097,2026-01-14,iPhone 13,128GB,Purple,India,Male,1,619,619,114.82,Jan-2026,2026
10098,2026-05-05,iPhone 16,256GB,Pink,USA,Male,1,899,899,163.24,May-2026,2026
10099,2025-08-19,iPhone 16 Pro Max,128GB,Pink,Australia,Female,1,1169,1169,278.13,Aug-2025,2025
10100,2025-02-10,iPhone 16 Pro Max,128GB,Blue,UK,Female,1,1199,1199,262.43,Feb-2025,2025
10101,2025-01-28,iPhone 16 Plus,128GB,Purple,USA,Female,2,919,1838,373.97,Jan-2025,2025
10102,2025-05-15,iPhone 14,128GB,Green,USA,Female,1,679,679,110.34,May-2025,2025
10103,2025-07-20,iPhone 15,128GB,Pink,Singapore,Male,2,809,1618,273.4,Jul-2025,2025
10104,2025-02-02,iPhone 15 Pro,256GB,Black,India,Female,1,1099,1099,220.36,Feb-2025,2025
10105,2025-02-17,iPhone 16 Pro,128GB,Green,India,Female,1,1119,1119,257.8,Feb-2025,2025
10106,2026-05-18,iPhone 16 Pro,256GB,Pink,Singapore,Female,3,1169,3507,771.13,May-2026,2026
10107,2026-02-11,iPhone 15 Pro,128GB,Black,Singapore,Male,2,1009,2018,435.89,Feb-2026,2026
10108,2026-07-28,iPhone 15 Pro Max,256GB,Blue,India,Female,3,1319,3957,889.51,Jul-2026,2026
10109,2025-04-09,iPhone 13,256GB,Blue,India,Male,1,679,679,120.31,Apr-2025,2025
10110,2026-07-01,iPhone 15,1TB,Natural Titanium,USA,Female,1,1079,1079,205.42,Jul-2026,2026
10111,2026-04-07,iPhone 15 Pro Max,128GB,Black,India,Male,2,1199,2398,515.6,Apr-2026,2026
10112,2025-01-05,iPhone 14,128GB,Green,UK,Male,3,709,2127,352.41,Jan-2025,2025
10113,2025-08-06,iPhone 15 Pro Max,512GB,Black,India,Male,4,1379,5516,1199.32,Aug-2025,2025
10114,2026-05-18,iPhone 16 Pro,128GB,Purple,India,Male,3,1099,3297,725.71,May-2026,2026
10115,2026-02-02,iPhone 16,512GB,Black,USA,Female,1,979,979,209.12,Feb-2026,2026
10116,2026-01-28,iPhone 14,128GB,Blue,Singapore,Female,3,679,2037,343.27,Jan-2026,2026
10117,2025-07-26,iPhone 15,256GB,Blue,USA,Female,4,879,3516,653.95,Jul-2025,2025
10118,2025-01-15,iPhone 15 Pro Max,128GB,Blue,India,Male,1,1199,1199,244.57,Jan-2025,2025
10119,2026-07-08,iPhone 15 Pro,512GB,Purple,Singapore,Female,1,1219,1219,250.56,Jul-2026,2026
10120,2026-04-06,iPhone 15 Pro,256GB,Pink,USA,Female,2,1069,2138,437.9,Apr-2026,2026
10121,2026-07-29,iPhone 16,128GB,Natural Titanium,India,Male,1,819,819,160.89,Jul-2026,2026
10122,2025-08-29,iPhone 16,128GB,Purple,USA,Female,2,779,1558,300.37,Aug-2025,2025
10123,2026-07-18,iPhone 16 Pro,128GB,Pink,India,Male,3,1069,3207,685.63,Jul-2026,2026
10124,2025-04-06,iPhone 15 Pro,256GB,Purple,USA,Male,3,1109,3327,688.69,Apr-2025,2025
10125,2026-04-30,iPhone 16 Pro,128GB,White,USA,Male,4,1069,4276,954.6,Apr-2026,2026
10126,2026-02-11,iPhone 15 Pro,128GB,Pink,India,Female,2,1009,2018,435.35,Feb-2026,2026
10127,2025-08-19,iPhone 13,256GB,Green,India,Male,1,699,699,101.78,Aug-2025,2025
10128,2025-06-20,iPhone 16,128GB,Green,India,Male,2,809,1618,298.5,Jun-2025,2025
10129,2026-06-25,iPhone 16,128GB,Natural Titanium,USA,Female,1,809,809,152.27,Jun-2026,2026
10130,2025-02-05,iPhone 16 Pro Max,128GB,Blue,India,Male,1,1199,1199,265.24,Feb-2025,2025
10131,2026-06-09,iPhone 16 Plus,256GB,Purple,India,Male,2,999,1998,384.49,Jun-2026,2026
10132,2025-06-09,iPhone 16 Pro Max,1TB,Black,Germany,Female,1,1479,1479,337.74,Jun-2025,2025
10133,2025-08-31,iPhone 16 Pro Max,128GB,Blue,USA,Male,1,1199,1199,287.44,Aug-2025,2025
10134,2025-03-27,iPhone 16,256GB,Natural Titanium,India,Female,1,899,899,167.83,Mar-2025,2025
10135,2026-08-01,iPhone 16,128GB,Black,UAE,Male,4,809,3236,625.51,Aug-2026,2026
10136,2026-07-11,iPhone 16,128GB,Purple,India,Female,1,819,819,149.39,Jul-2026,2026
10137,2026-07-28,iPhone 16 Pro Max,256GB,Blue,UAE,Male,1,1299,1299,292.81,Jul-2026,2026
10138,2025-01-28,iPhone 16 Pro,128GB,Blue,UAE,Female,4,1099,4396,966.54,Jan-2025,2025
10139,2026-07-10,iPhone 14,256GB,Green,UK,Male,1,819,819,120.61,Jul-2026,2026
10140,2025-12-06,iPhone 16 Pro,512GB,Black,UAE,Female,1,1279,1279,280.49,Dec-2025,2025
10141,2025-11-27,iPhone 15,512GB,White,India,Female,2,1009,2018,376.4,Nov-2025,2025
10142,2026-05-21,iPhone 15 Pro Max,128GB,White,UAE,Female,1,1199,1199,250.03,May-2026,2026
10143,2025-12-14,iPhone 15,128GB,Blue,India,Male,1,799,799,155.77,Dec-2025,2025
10144,2026-04-18,iPhone 16 Plus,1TB,Purple,India,Female,3,1219,3657,695.74,Apr-2026,2026
10145,2025-08-19,iPhone 16 Pro,128GB,Blue,Germany,Male,1,1109,1109,246.12,Aug-2025,2025
10146,2025-07-09,iPhone 15 Pro,256GB,Natural Titanium,USA,Female,2,1099,2198,466.46,Jul-2025,2025
10147,2025-08-13,iPhone 14,128GB,Green,Singapore,Male,2,709,1418,237.53,Aug-2025,2025
10148,2026-01-20,iPhone 15 Pro,128GB,Natural Titanium,India,Male,1,999,999,214.0,Jan-2026,2026
10149,2026-01-12,iPhone 16 Plus,128GB,Black,USA,Male,2,909,1818,342.63,Jan-2026,2026
10150,2025-10-10,iPhone 15 Pro,512GB,Natural Titanium,India,Female,1,1179,1179,240.56,Oct-2025,2025
10151,2025-09-16,iPhone 15,512GB,Blue,UK,Male,1,1009,1009,195.76,Sep-2025,2025
10152,2025-12-25,iPhone 15,128GB,Natural Titanium,India,Male,2,819,1638,279.92,Dec-2025,2025
10153,2026-04-01,iPhone 15 Pro Max,512GB,Purple,India,Male,1,1399,1399,301.85,Apr-2026,2026
10154,2026-02-15,iPhone 15,128GB,White,India,Female,2,819,1638,304.77,Feb-2026,2026
10155,2025-11-14,iPhone 16 Plus,128GB,Black,UAE,Female,1,909,909,161.71,Nov-2025,2025
10156,2025-08-13,iPhone 14,256GB,Blue,India,Male,2,809,1618,272.96,Aug-2025,2025
10157,2025-08-22,iPhone 16,256GB,Black,Australia,Female,2,909,1818,328.94,Aug-2025,2025
10158,2026-01-09,iPhone 15,128GB,Green,India,Female,1,779,779,135.19,Jan-2026,2026
10159,2026-08-31,iPhone 15 Pro Max,128GB,Natural Titanium,India,Male,3,1219,3657,787.28,Aug-2026,2026
10160,2026-04-17,iPhone 15,1TB,White,USA,Male,2,1079,2158,379.76,Apr-2026,2026
10161,2025-08-21,iPhone 16 Plus,512GB,Purple,Singapore,Male,4,1099,4396,837.23,Aug-2025,2025
10162,2025-04-23,iPhone 16 Pro Max,512GB,Black,India,Female,1,1419,1419,325.69,Apr-2025,2025
10163,2026-05-12,iPhone 16 Pro Max,128GB,White,India,Female,4,1199,4796,1116.21,May-2026,2026
10164,2026-03-18,iPhone 16,256GB,Natural Titanium,UAE,Male,2,909,1818,354.05,Mar-2026,2026
10165,2026-07-18,iPhone 15 Pro Max,128GB,Blue,India,Male,2,1169,2338,509.97,Jul-2026,2026
10166,2025-09-25,iPhone 16 Pro,1TB,Purple,UAE,Male,4,1419,5676,1260.15,Sep-2025,2025
10167,2026-05-25,iPhone 16 Plus,128GB,Purple,India,Male,2,899,1798,339.94,May-2026,2026
10168,2026-01-21,iPhone 15,128GB,Pink,USA,Female,3,809,2427,428.69,Jan-2026,2026
10169,2026-01-22,iPhone 16 Pro,128GB,Black,India,Female,2,1099,2198,468.72,Jan-2026,2026
10170,2025-04-23,iPhone 15 Pro Max,512GB,White,USA,Male,2,1379,2758,624.3,Apr-2025,2025
10171,2025-03-22,iPhone 15,256GB,Black,Canada,Female,1,899,899,177.12,Mar-2025,2025
10172,2025-04-23,iPhone 15,128GB,Blue,Canada,Male,1,769,769,135.99,Apr-2025,2025
10173,2025-01-02,iPhone 15,256GB,Blue,USA,Female,2,899,1798,322.64,Jan-2025,2025
10174,2025-08-08,iPhone 16,512GB,Natural Titanium,Germany,Male,5,979,4895,927.24,Aug-2025,2025
10175,2026-07-20,iPhone 15,128GB,Purple,India,Female,3,809,2427,414.0,Jul-2026,2026
10176,2025-08-13,iPhone 14,512GB,Purple,India,Male,2,879,1758,297.54,Aug-2025,2025
10177,2026-01-20,iPhone 14,512GB,White,UK,Male,2,869,1738,269.77,Jan-2026,2026
10178,2026-02-07,iPhone 16,128GB,Green,UK,Female,1,809,809,139.54,Feb-2026,2026
10179,2025-05-10,iPhone 16 Plus,128GB,Black,India,Male,1,919,919,174.45,May-2025,2025
10180,2025-02-22,iPhone 15 Pro,128GB,Black,UK,Female,1,1009,1009,221.64,Feb-2025,2025
10181,2026-02-20,iPhone 13,128GB,Blue,India,Female,1,569,569,70.96,Feb-2026,2026
10182,2025-09-04,iPhone 14,128GB,Black,UAE,Female,2,699,1398,235.72,Sep-2025,2025
10183,2026-03-15,iPhone 16 Pro Max,256GB,White,Canada,Female,3,1309,3927,902.34,Mar-2026,2026
10184,2025-07-22,iPhone 15 Pro Max,256GB,Pink,USA,Male,1,1299,1299,283.82,Jul-2025,2025
10185,2025-07-03,iPhone 15 Pro Max,128GB,Purple,India,Female,1,1199,1199,267.73,Jul-2025,2025
10186,2025-05-03,iPhone 13,256GB,Blue,UK,Female,1,669,669,116.29,May-2025,2025
10187,2026-02-05,iPhone 16 Plus,256GB,Purple,UAE,Male,1,999,999,190.34,Feb-2026,2026
10188,2025-10-21,iPhone 16,512GB,Purple,India,Female,1,1009,1009,210.18,Oct-2025,2025
10189,2025-10-07,iPhone 15,128GB,Purple,USA,Female,1,769,769,135.8,Oct-2025,2025
10190,2025-07-17,iPhone 14,256GB,Pink,Singapore,Female,1,809,809,125.33,Jul-2025,2025
10191,2026-05-26,iPhone 15 Pro,512GB,Black,India,Male,4,1169,4676,1003.7,May-2026,2026
10192,2025-05-24,iPhone 16 Pro,256GB,Green,India,Female,1,1199,1199,293.12,May-2025,2025
10193,2025-07-20,iPhone 16 Pro,128GB,Purple,India,Male,3,1079,3237,719.33,Jul-2025,2025
10194,2025-05-04,iPhone 16,128GB,White,USA,Female,2,819,1638,283.85,May-2025,2025
10195,2025-07-06,iPhone 16 Plus,512GB,Purple,Germany,Male,1,1079,1079,208.19,Jul-2025,2025
10196,2025-11-22,iPhone 14,128GB,Purple,UK,Male,3,669,2007,332.86,Nov-2025,2025
10197,2026-04-09,iPhone 16,512GB,Black,India,Female,2,999,1998,397.46,Apr-2026,2026
10198,2025-12-15,iPhone 16,512GB,Natural Titanium,UK,Female,1,969,969,183.97,Dec-2025,2025
10199,2026-02-07,iPhone 15,128GB,White,UK,Female,1,799,799,135.67,Feb-2026,2026
10200,2025-12-12,iPhone 16 Pro,256GB,Black,UK,Male,3,1219,3657,808.61,Dec-2025,2025
10201,2026-05-26,iPhone 15,128GB,Purple,India,Female,1,799,799,159.29,May-2026,2026
10202,2025-05-27,iPhone 15 Pro,128GB,Natural Titanium,UK,Female,1,969,969,193.71,May-2025,2025
10203,2025-05-28,iPhone 16,256GB,Black,USA,Female,1,919,919,183.91,May-2025,2025
10204,2026-05-04,iPhone 16,256GB,Black,India,Male,1,919,919,151.94,May-2026,2026
10205,2026-07-05,iPhone 16 Plus,128GB,Blue,USA,Male,3,869,2607,494.29,Jul-2026,2026
10206,2025-12-04,iPhone 14,512GB,Pink,Singapore,Female,3,909,2727,447.05,Dec-2025,2025
10207,2026-04-18,iPhone 16 Pro,128GB,Natural Titanium,India,Male,2,1099,2198,473.37,Apr-2026,2026
10208,2025-05-31,iPhone 16,128GB,Green,Singapore,Female,1,799,799,166.11,May-2025,2025
10209,2026-02-19,iPhone 15 Pro Max,128GB,Natural Titanium,India,Male,4,1179,4716,1033.31,Feb-2026,2026
10210,2025-10-25,iPhone 16 Pro Max,128GB,Pink,UAE,Female,2,1209,2418,547.4,Oct-2025,2025
10211,2025-09-20,iPhone 16 Plus,1TB,Pink,India,Female,3,1199,3597,697.49,Sep-2025,2025
10212,2025-05-24,iPhone 14,256GB,White,India,Female,1,819,819,146.17,May-2025,2025
10213,2025-12-12,iPhone 16 Plus,256GB,Blue,UK,Male,1,979,979,163.52,Dec-2025,2025
10214,2026-07-26,iPhone 14,256GB,Blue,UK,Female,3,799,2397,406.65,Jul-2026,2026
10215,2025-01-02,iPhone 13,128GB,Black,Canada,Male,1,569,569,91.79,Jan-2025,2025
10216,2025-10-31,iPhone 15 Pro,128GB,Pink,UK,Female,2,1009,2018,433.15,Oct-2025,2025
10217,2025-09-11,iPhone 16 Pro Max,256GB,Natural Titanium,UK,Male,2,1299,2598,594.14,Sep-2025,2025
10218,2026-03-29,iPhone 15,512GB,Green,Germany,Female,1,999,999,203.13,Mar-2026,2026
10219,2025-02-06,iPhone 16 Plus,512GB,White,USA,Female,3,1109,3327,635.58,Feb-2025,2025
10220,2025-06-09,iPhone 15,128GB,Natural Titanium,India,Male,1,799,799,124.85,Jun-2025,2025
10221,2025-01-09,iPhone 16 Plus,128GB,Blue,India,Female,2,879,1758,329.54,Jan-2025,2025
10222,2025-08-21,iPhone 15 Pro Max,128GB,Black,USA,Male,5,1209,6045,1342.94,Aug-2025,2025
10223,2025-04-09,iPhone 16 Plus,128GB,Green,UAE,Female,4,899,3596,679.69,Apr-2025,2025
10224,2025-07-27,iPhone 15,128GB,Pink,India,Female,3,799,2397,432.77,Jul-2025,2025
10225,2025-05-11,iPhone 16 Plus,256GB,Natural Titanium,India,Male,2,1009,2018,383.0,May-2025,2025
10226,2026-02-08,iPhone 16 Pro Max,128GB,Green,India,Male,2,1169,2338,508.54,Feb-2026,2026
10227,2025-06-01,iPhone 16,256GB,Blue,UK,Female,2,899,1798,336.73,Jun-2025,2025
10228,2025-02-23,iPhone 15 Pro Max,256GB,White,India,Male,1,1309,1309,282.52,Feb-2025,2025
10229,2025-04-30,iPhone 16 Pro Max,128GB,Natural Titanium,India,Male,1,1169,1169,288.68,Apr-2025,2025
10230,2026-08-10,iPhone 13,256GB,Pink,UK,Male,2,719,1438,246.0,Aug-2026,2026
10231,2026-02-24,iPhone 16 Plus,128GB,White,Canada,Male,1,899,899,156.6,Feb-2026,2026
10232,2026-02-26,iPhone 16 Pro,256GB,Purple,India,Male,4,1179,4716,1019.66,Feb-2026,2026
10233,2025-04-14,iPhone 13,512GB,Green,UK,Male,2,819,1638,270.67,Apr-2025,2025
10234,2025-09-11,iPhone 15 Pro Max,256GB,Green,India,Male,1,1299,1299,285.9,Sep-2025,2025
10235,2025-08-15,iPhone 15,512GB,Black,Germany,Female,1,999,999,181.87,Aug-2025,2025
10236,2025-04-22,iPhone 16,128GB,Pink,India,Female,3,819,2457,452.88,Apr-2025,2025
10237,2026-05-25,iPhone 16,256GB,Green,Singapore,Male,4,869,3476,659.66,May-2026,2026
10238,2026-04-18,iPhone 15 Pro,256GB,Blue,Singapore,Female,1,1109,1109,224.64,Apr-2026,2026
10239,2025-04-09,iPhone 15 Pro Max,256GB,Purple,Canada,Female,3,1299,3897,843.7,Apr-2025,2025
10240,2025-06-02,iPhone 15,512GB,Blue,India,Male,2,999,1998,355.46,Jun-2025,2025
10241,2025-12-04,iPhone 15 Pro,256GB,White,USA,Female,2,1109,2218,463.59,Dec-2025,2025
10242,2025-06-12,iPhone 15,256GB,Purple,India,Female,3,909,2727,476.1,Jun-2025,2025
10243,2025-06-10,iPhone 16 Pro,128GB,Purple,Germany,Male,1,1079,1079,232.76,Jun-2025,2025
10244,2026-08-03,iPhone 13,128GB,Blue,Canada,Male,2,609,1218,186.47,Aug-2026,2026
10245,2026-02-02,iPhone 16 Pro,256GB,Green,Singapore,Male,1,1179,1179,257.02,Feb-2026,2026
10246,2025-10-04,iPhone 16,256GB,Blue,UK,Female,1,909,909,167.72,Oct-2025,2025
10247,2026-05-19,iPhone 15 Pro,1TB,Pink,USA,Male,1,1279,1279,288.6,May-2026,2026
10248,2026-01-27,iPhone 16 Plus,128GB,White,USA,Female,1,909,909,175.47,Jan-2026,2026
10249,2025-05-15,iPhone 15 Pro Max,128GB,Natural Titanium,USA,Female,2,1209,2418,526.11,May-2025,2025
10250,2025-07-14,iPhone 15 Pro Max,256GB,Purple,USA,Male,1,1299,1299,297.71,Jul-2025,2025
10251,2026-02-05,iPhone 14,512GB,Pink,UK,Male,2,899,1798,280.49,Feb-2026,2026
10252,2025-02-02,iPhone 15 Pro,512GB,Green,Germany,Male,2,1199,2398,510.32,Feb-2025,2025
10253,2026-04-05,iPhone 15,128GB,Green,UK,Male,4,779,3116,563.32,Apr-2026,2026
10254,2026-04-15,iPhone 13,128GB,Blue,Australia,Male,2,569,1138,185.61,Apr-2026,2026
10255,2026-01-10,iPhone 15 Pro,128GB,Black,Australia,Female,5,1019,5095,1063.68,Jan-2026,2026
10256,2025-01-22,iPhone 14,128GB,Purple,USA,Female,1,699,699,128.87,Jan-2025,2025
10257,2025-02-07,iPhone 15,1TB,Purple,India,Male,2,1109,2218,403.4,Feb-2025,2025
10258,2025-08-18,iPhone 14,128GB,Black,UK,Female,1,699,699,129.21,Aug-2025,2025
10259,2025-12-31,iPhone 14,128GB,Green,USA,Male,2,669,1338,216.95,Dec-2025,2025
10260,2026-07-17,iPhone 15,128GB,Green,India,Male,1,799,799,157.16,Jul-2026,2026
10261,2026-03-14,iPhone 16 Pro Max,128GB,Natural Titanium,India,Female,2,1169,2338,531.38,Mar-2026,2026
10262,2025-10-10,iPhone 13,512GB,Natural Titanium,Singapore,Male,1,819,819,113.37,Oct-2025,2025
10263,2025-01-27,iPhone 16,128GB,Purple,India,Female,1,769,769,168.07,Jan-2025,2025
10264,2025-08-14,iPhone 14,128GB,Natural Titanium,UAE,Female,2,669,1338,237.41,Aug-2025,2025
10265,2025-10-04,iPhone 16 Pro Max,1TB,Natural Titanium,Australia,Female,4,1469,5876,1374.52,Oct-2025,2025
10266,2025-10-11,iPhone 14,128GB,White,UK,Male,1,669,669,113.49,Oct-2025,2025
10267,2026-04-26,iPhone 16 Pro Max,256GB,Purple,UK,Male,4,1309,5236,1216.15,Apr-2026,2026
10268,2026-03-29,iPhone 16,128GB,Green,UAE,Male,1,799,799,166.7,Mar-2026,2026
10269,2026-05-31,iPhone 13,256GB,Green,USA,Female,2,699,1398,219.52,May-2026,2026
10270,2026-07-01,iPhone 16 Pro,128GB,Natural Titanium,India,Female,4,1099,4396,947.85,Jul-2026,2026
10271,2025-07-11,iPhone 16,128GB,White,Singapore,Female,1,809,809,158.68,Jul-2025,2025
10272,2025-02-18,iPhone 15,256GB,Natural Titanium,USA,Female,1,879,879,161.63,Feb-2025,2025
10273,2026-05-27,iPhone 16 Pro,128GB,Natural Titanium,UAE,Female,1,1119,1119,250.11,May-2026,2026
10274,2025-01-17,iPhone 16 Pro Max,256GB,Pink,USA,Female,1,1269,1269,291.88,Jan-2025,2025
10275,2025-06-21,iPhone 15 Pro Max,128GB,Pink,India,Male,3,1199,3597,785.15,Jun-2025,2025
10276,2025-08-08,iPhone 15 Pro,256GB,White,Singapore,Female,2,1069,2138,441.67,Aug-2025,2025
10277,2025-06-07,iPhone 16 Pro,512GB,White,Canada,Female,5,1269,6345,1404.18,Jun-2025,2025
10278,2026-04-22,iPhone 16 Plus,128GB,Pink,India,Male,1,899,899,133.62,Apr-2026,2026
10279,2025-02-15,iPhone 16 Pro,128GB,Pink,Singapore,Female,2,1069,2138,449.9,Feb-2025,2025
10280,2026-01-08,iPhone 16 Plus,512GB,Pink,UAE,Female,1,1099,1099,186.61,Jan-2026,2026
10281,2026-06-02,iPhone 15,256GB,Pink,USA,Female,4,899,3596,623.1,Jun-2026,2026
10282,2025-04-09,iPhone 16 Pro Max,128GB,Purple,UK,Female,1,1199,1199,274.06,Apr-2025,2025
10283,2025-02-06,iPhone 14,128GB,Purple,India,Male,5,709,3545,609.37,Feb-2025,2025
10284,2025-10-07,iPhone 15,128GB,Natural Titanium,UK,Male,1,799,799,150.12,Oct-2025,2025
10285,2025-12-15,iPhone 16,128GB,Blue,India,Male,2,799,1598,289.0,Dec-2025,2025
10286,2026-05-12,iPhone 16,512GB,Natural Titanium,USA,Male,1,969,969,163.56,May-2026,2026
10287,2025-10-29,iPhone 13,256GB,White,USA,Male,3,679,2037,327.9,Oct-2025,2025
10288,2025-06-30,iPhone 16 Pro,256GB,Black,Australia,Male,2,1219,2438,542.51,Jun-2025,2025
10289,2026-08-30,iPhone 15 Pro,128GB,Blue,UAE,Female,2,1009,2018,430.73,Aug-2026,2026
10290,2025-04-09,iPhone 15 Pro,128GB,Black,India,Male,2,1009,2018,406.75,Apr-2025,2025
10291,2025-04-26,iPhone 16 Pro,512GB,Black,Australia,Male,1,1309,1309,297.91,Apr-2025,2025
10292,2025-07-10,iPhone 15 Pro,128GB,Green,UK,Male,1,969,969,205.66,Jul-2025,2025
10293,2025-09-10,iPhone 13,128GB,White,UK,Male,3,599,1797,275.57,Sep-2025,2025
10294,2025-06-10,iPhone 15,128GB,Purple,India,Male,1,819,819,139.9,Jun-2025,2025
10295,2025-09-13,iPhone 16 Pro Max,256GB,Blue,Australia,Male,3,1269,3807,864.92,Sep-2025,2025
10296,2025-11-19,iPhone 14,128GB,Natural Titanium,Germany,Male,2,699,1398,227.91,Nov-2025,2025
10297,2025-05-08,iPhone 15 Pro,128GB,White,Canada,Male,1,979,979,218.75,May-2025,2025
10298,2025-01-18,iPhone 15 Pro Max,512GB,Pink,Germany,Male,2,1379,2758,613.01,Jan-2025,2025
10299,2026-07-20,iPhone 15 Pro Max,256GB,White,India,Female,2,1319,2638,567.06,Jul-2026,2026
10300,2026-07-24,iPhone 13,128GB,Black,Australia,Male,2,569,1138,176.66,Jul-2026,2026
10301,2025-11-19,iPhone 15 Pro Max,256GB,Purple,USA,Female,3,1299,3897,864.55,Nov-2025,2025
10302,2025-10-15,iPhone 15 Pro,128GB,Pink,India,Male,1,1009,1009,187.58,Oct-2025,2025
10303,2025-06-04,iPhone 16 Pro Max,128GB,White,UAE,Male,4,1219,4876,1128.67,Jun-2025,2025
10304,2026-05-05,iPhone 15,256GB,White,UAE,Male,1,919,919,189.16,May-2026,2026
10305,2026-01-21,iPhone 15 Pro,128GB,Purple,India,Female,3,999,2997,633.15,Jan-2026,2026
10306,2025-04-14,iPhone 15 Pro Max,128GB,Black,India,Male,1,1199,1199,261.58,Apr-2025,2025
10307,2026-01-28,iPhone 15 Pro,256GB,Natural Titanium,India,Female,1,1119,1119,216.75,Jan-2026,2026
10308,2025-09-03,iPhone 16,512GB,Pink,USA,Female,2,979,1958,344.38,Sep-2025,2025
10309,2025-06-25,iPhone 15,256GB,Black,India,Male,1,919,919,159.3,Jun-2025,2025
10310,2025-02-08,iPhone 15,128GB,Purple,India,Female,5,799,3995,725.01,Feb-2025,2025
10311,2026-04-22,iPhone 16 Plus,128GB,White,USA,Male,1,909,909,170.76,Apr-2026,2026
10312,2026-06-22,iPhone 15 Pro Max,128GB,Natural Titanium,Singapore,Male,1,1179,1179,274.1,Jun-2026,2026
10313,2026-02-12,iPhone 15 Pro Max,128GB,Blue,Canada,Male,1,1199,1199,268.21,Feb-2026,2026
10314,2026-06-09,iPhone 15,128GB,Blue,India,Male,1,809,809,136.05,Jun-2026,2026
10315,2026-05-21,iPhone 15,256GB,Green,Singapore,Male,2,869,1738,327.94,May-2026,2026
10316,2025-02-05,iPhone 13,128GB,Blue,UK,Female,2,599,1198,198.78,Feb-2025,2025
10317,2025-01-20,iPhone 14,128GB,Purple,USA,Male,1,719,719,103.29,Jan-2025,2025
10318,2025-11-17,iPhone 16,256GB,Purple,USA,Female,1,919,919,162.7,Nov-2025,2025
10319,2026-05-27,iPhone 16 Pro,128GB,Purple,USA,Male,1,1099,1099,235.89,May-2026,2026
10320,2026-02-04,iPhone 15,1TB,Pink,India,Female,1,1099,1099,219.01,Feb-2026,2026
10321,2026-04-16,iPhone 15 Pro,128GB,Green,USA,Male,2,999,1998,428.46,Apr-2026,2026
10322,2025-05-23,iPhone 14,512GB,Pink,USA,Female,3,919,2757,456.32,May-2025,2025
10323,2025-04-02,iPhone 15 Pro,512GB,Natural Titanium,USA,Female,3,1219,3657,805.99,Apr-2025,2025
10324,2025-12-20,iPhone 13,512GB,Blue,Canada,Male,5,799,3995,648.63,Dec-2025,2025
10325,2025-02-20,iPhone 16 Pro Max,128GB,Natural Titanium,India,Male,3,1209,3627,819.97,Feb-2025,2025
10326,2026-07-29,iPhone 16 Plus,512GB,Blue,UAE,Male,2,1109,2218,417.85,Jul-2026,2026
10327,2025-07-09,iPhone 16 Pro Max,128GB,White,UK,Male,1,1169,1169,262.66,Jul-2025,2025
10328,2025-05-05,iPhone 16 Pro,128GB,Pink,Singapore,Male,4,1069,4276,930.64,May-2025,2025
10329,2025-05-30,iPhone 15 Pro Max,128GB,Black,USA,Female,2,1209,2418,547.6,May-2025,2025
10330,2025-11-10,iPhone 16,128GB,Natural Titanium,Germany,Male,1,809,809,152.18,Nov-2025,2025
10331,2026-07-24,iPhone 15,128GB,White,Canada,Male,2,779,1558,291.59,Jul-2026,2026
10332,2025-12-08,iPhone 15 Pro Max,128GB,Pink,UK,Male,5,1199,5995,1317.41,Dec-2025,2025
10333,2025-11-01,iPhone 16 Pro Max,128GB,Purple,UK,Female,3,1199,3597,823.0,Nov-2025,2025
10334,2025-02-23,iPhone 13,256GB,Green,India,Male,1,699,699,104.67,Feb-2025,2025
10335,2026-03-20,iPhone 16 Pro,128GB,Natural Titanium,Singapore,Male,4,1109,4436,976.14,Mar-2026,2026
10336,2025-09-21,iPhone 15 Pro,256GB,Pink,India,Male,5,1109,5545,1155.1,Sep-2025,2025
10337,2025-02-22,iPhone 16 Pro,1TB,Green,UK,Male,1,1369,1369,300.81,Feb-2025,2025
10338,2026-07-26,iPhone 16 Pro Max,128GB,Natural Titanium,India,Female,4,1219,4876,1114.64,Jul-2026,2026
10339,2025-01-05,iPhone 16 Plus,256GB,Green,USA,Female,3,969,2907,536.2,Jan-2025,2025
10340,2025-04-13,iPhone 16,1TB,Natural Titanium,UK,Female,1,1119,1119,208.31,Apr-2025,2025
10341,2025-07-15,iPhone 15 Pro Max,128GB,Blue,Germany,Female,2,1199,2398,506.22,Jul-2025,2025
10342,2025-12-16,iPhone 16 Pro,128GB,Black,USA,Female,1,1099,1099,258.05,Dec-2025,2025
10343,2025-02-16,iPhone 16 Pro Max,512GB,Natural Titanium,Singapore,Male,2,1419,2838,658.77,Feb-2025,2025
10344,2025-09-26,iPhone 16 Pro,512GB,Pink,UK,Male,4,1309,5236,1146.35,Sep-2025,2025
10345,2026-01-05,iPhone 16,256GB,Black,India,Male,2,899,1798,320.39,Jan-2026,2026
10346,2025-04-16,iPhone 16,128GB,Green,India,Male,1,809,809,153.88,Apr-2025,2025
10347,2025-04-30,iPhone 16 Pro,512GB,Blue,UAE,Male,4,1299,5196,1145.85,Apr-2025,2025
10348,2026-08-27,iPhone 16,128GB,Natural Titanium,India,Male,5,799,3995,764.07,Aug-2026,2026
10349,2025-02-27,iPhone 16 Pro,128GB,Black,USA,Male,1,1079,1079,228.1,Feb-2025,2025
10350,2025-12-12,iPhone 15 Pro Max,128GB,White,India,Male,4,1169,4676,1031.24,Dec-2025,2025
10351,2026-04-19,iPhone 13,128GB,Green,USA,Female,1,579,579,115.57,Apr-2026,2026
10352,2025-04-27,iPhone 15 Pro,256GB,White,UAE,Female,1,1099,1099,224.55,Apr-2025,2025
10353,2025-05-07,iPhone 15 Pro Max,512GB,Purple,USA,Male,3,1399,4197,935.76,May-2025,2025
10354,2026-01-28,iPhone 14,256GB,Black,India,Female,3,769,2307,392.02,Jan-2026,2026
10355,2025-02-27,iPhone 14,128GB,Black,India,Female,2,669,1338,225.76,Feb-2025,2025
10356,2026-05-28,iPhone 16,256GB,Black,India,Female,1,879,879,168.57,May-2026,2026
10357,2025-04-06,iPhone 14,256GB,Purple,India,Male,1,769,769,124.29,Apr-2025,2025
10358,2025-04-28,iPhone 15 Pro,128GB,Pink,UK,Female,4,999,3996,840.85,Apr-2025,2025
10359,2026-07-14,iPhone 16 Plus,512GB,Green,UK,Male,1,1099,1099,220.4,Jul-2026,2026
10360,2026-08-24,iPhone 16 Pro Max,512GB,Green,India,Female,1,1379,1379,328.0,Aug-2026,2026
10361,2026-05-03,iPhone 16 Plus,256GB,Natural Titanium,USA,Female,3,999,2997,583.22,May-2026,2026
10362,2025-08-25,iPhone 16 Pro Max,128GB,Natural Titanium,USA,Female,2,1219,2438,553.26,Aug-2025,2025
10363,2025-09-29,iPhone 16 Plus,256GB,Natural Titanium,India,Male,1,979,979,186.7,Sep-2025,2025
10364,2025-07-08,iPhone 15 Pro,512GB,Green,USA,Female,1,1219,1219,282.12,Jul-2025,2025
10365,2026-03-23,iPhone 16 Plus,128GB,Pink,India,Male,3,909,2727,506.45,Mar-2026,2026
10366,2026-08-04,iPhone 16 Plus,512GB,Black,USA,Male,5,1069,5345,1014.21,Aug-2026,2026
10367,2025-09-04,iPhone 15 Pro,128GB,Black,Canada,Male,1,1009,1009,197.35,Sep-2025,2025
10368,2025-03-17,iPhone 13,256GB,Purple,India,Female,2,719,1438,231.4,Mar-2025,2025
10369,2025-06-03,iPhone 16 Plus,256GB,White,UK,Female,1,969,969,196.61,Jun-2025,2025
10370,2026-03-11,iPhone 13,256GB,Pink,USA,Female,3,709,2127,360.91,Mar-2026,2026
10371,2025-03-27,iPhone 16,512GB,Blue,India,Male,1,999,999,177.83,Mar-2025,2025
10372,2025-10-12,iPhone 15,128GB,Pink,UAE,Male,2,799,1598,277.72,Oct-2025,2025
10373,2025-08-08,iPhone 16,128GB,Purple,USA,Male,2,779,1558,314.99,Aug-2025,2025
10374,2025-03-10,iPhone 15 Pro Max,256GB,White,USA,Male,2,1269,2538,522.01,Mar-2025,2025
10375,2025-02-16,iPhone 13,128GB,White,UAE,Male,3,579,1737,270.25,Feb-2025,2025
10376,2025-04-04,iPhone 15 Pro,128GB,Natural Titanium,Canada,Male,1,999,999,221.44,Apr-2025,2025
10377,2026-03-29,iPhone 16,128GB,Natural Titanium,Singapore,Male,3,809,2427,440.71,Mar-2026,2026
10378,2025-07-23,iPhone 16 Pro,128GB,White,UK,Female,1,1099,1099,229.19,Jul-2025,2025
10379,2025-08-06,iPhone 16 Pro,256GB,Black,Australia,Female,1,1219,1219,283.29,Aug-2025,2025
10380,2026-04-19,iPhone 15 Pro Max,256GB,Blue,India,Female,1,1279,1279,257.54,Apr-2026,2026
10381,2026-03-08,iPhone 16 Plus,128GB,White,USA,Male,2,919,1838,324.9,Mar-2026,2026
10382,2025-12-07,iPhone 15 Pro,128GB,Green,India,Male,1,1009,1009,221.97,Dec-2025,2025
10383,2026-07-05,iPhone 15 Pro,128GB,Black,India,Male,3,1019,3057,661.45,Jul-2026,2026
10384,2025-10-16,iPhone 15,128GB,Blue,USA,Male,2,769,1538,294.04,Oct-2025,2025
10385,2025-09-11,iPhone 16,128GB,Green,UAE,Female,3,779,2337,412.94,Sep-2025,2025
10386,2025-12-23,iPhone 15 Pro,128GB,Blue,USA,Male,2,979,1958,428.73,Dec-2025,2025
10387,2025-01-23,iPhone 14,256GB,Purple,UAE,Female,1,769,769,131.68,Jan-2025,2025
10388,2026-06-06,iPhone 16 Plus,256GB,Blue,USA,Female,1,999,999,180.12,Jun-2026,2026
10389,2025-04-10,iPhone 16 Plus,128GB,Green,USA,Male,3,909,2727,506.9,Apr-2025,2025
10390,2025-06-29,iPhone 15 Pro,256GB,Pink,India,Male,1,1119,1119,243.38,Jun-2025,2025
10391,2025-08-11,iPhone 14,512GB,Blue,USA,Female,1,919,919,161.48,Aug-2025,2025
10392,2026-03-18,iPhone 15 Pro Max,128GB,Pink,India,Female,1,1179,1179,276.24,Mar-2026,2026
10393,2026-08-31,iPhone 15 Pro Max,128GB,Blue,UK,Female,1,1209,1209,258.47,Aug-2026,2026
10394,2025-11-21,iPhone 16,256GB,Purple,India,Female,2,919,1838,343.37,Nov-2025,2025
10395,2026-05-31,iPhone 15 Pro,128GB,Green,India,Male,1,999,999,219.47,May-2026,2026
10396,2025-01-16,iPhone 16 Plus,256GB,Blue,UAE,Male,2,1009,2018,373.91,Jan-2025,2025
10397,2025-12-02,iPhone 16 Pro,512GB,White,USA,Male,1,1309,1309,297.82,Dec-2025,2025
10398,2025-09-15,iPhone 15,128GB,Purple,USA,Male,3,819,2457,428.86,Sep-2025,2025
10399,2026-05-12,iPhone 16 Pro Max,256GB,White,India,Male,3,1269,3807,900.07,May-2026,2026
10400,2025-06-09,iPhone 15 Pro,256GB,Purple,USA,Male,2,1119,2238,493.9,Jun-2025,2025
10401,2026-04-20,iPhone 15,128GB,Purple,Canada,Female,1,809,809,136.79,Apr-2026,2026
10402,2026-01-15,iPhone 15 Pro Max,128GB,Natural Titanium,Australia,Female,1,1219,1219,268.93,Jan-2026,2026
10403,2026-06-29,iPhone 14,512GB,Blue,UAE,Male,3,919,2757,470.16,Jun-2026,2026
10404,2026-03-03,iPhone 14,512GB,Green,India,Male,1,899,899,151.23,Mar-2026,2026
10405,2025-09-25,iPhone 15 Pro Max,256GB,Natural Titanium,UAE,Female,1,1309,1309,275.97,Sep-2025,2025
10406,2026-07-31,iPhone 16 Pro,512GB,Green,India,Male,4,1299,5196,1144.38,Jul-2026,2026
10407,2026-02-21,iPhone 16 Pro Max,128GB,Black,India,Female,5,1219,6095,1384.08,Feb-2026,2026
10408,2025-06-17,iPhone 16,128GB,Green,India,Female,4,809,3236,633.28,Jun-2025,2025
10409,2025-02-12,iPhone 14,128GB,Pink,Canada,Male,5,719,3595,630.38,Feb-2025,2025
10410,2026-07-10,iPhone 16 Plus,128GB,Blue,UK,Male,3,869,2607,511.51,Jul-2026,2026
10411,2025-10-12,iPhone 16,512GB,White,UK,Female,2,999,1998,396.64,Oct-2025,2025
10412,2026-02-01,iPhone 16 Pro,1TB,Green,UAE,Male,1,1369,1369,310.09,Feb-2026,2026
10413,2025-01-12,iPhone 16 Pro,512GB,White,India,Male,4,1319,5276,1149.81,Jan-2025,2025
10414,2026-08-30,iPhone 16 Pro,256GB,Black,USA,Male,3,1199,3597,775.58,Aug-2026,2026
10415,2025-10-29,iPhone 15 Pro Max,128GB,Blue,UK,Female,1,1199,1199,250.89,Oct-2025,2025
10416,2025-09-10,iPhone 16 Plus,128GB,Green,UK,Male,2,869,1738,335.64,Sep-2025,2025
10417,2026-05-14,iPhone 15,128GB,Natural Titanium,Canada,Female,1,799,799,127.77,May-2026,2026
10418,2025-02-04,iPhone 16 Pro Max,256GB,White,India,Male,4,1319,5276,1215.57,Feb-2025,2025
10419,2025-03-31,iPhone 15,128GB,Natural Titanium,Canada,Male,2,769,1538,283.52,Mar-2025,2025
10420,2026-08-28,iPhone 13,512GB,Purple,USA,Female,1,779,779,122.42,Aug-2026,2026
10421,2026-08-25,iPhone 14,512GB,Natural Titanium,UAE,Male,1,909,909,154.97,Aug-2026,2026
10422,2026-02-22,iPhone 16 Pro,128GB,Green,USA,Male,5,1079,5395,1218.18,Feb-2026,2026
10423,2025-04-25,iPhone 15 Pro Max,128GB,Black,Germany,Male,2,1199,2398,527.18,Apr-2025,2025
10424,2025-07-15,iPhone 15 Pro Max,256GB,Natural Titanium,India,Male,1,1269,1269,284.02,Jul-2025,2025
10425,2026-05-16,iPhone 16 Pro Max,128GB,Purple,UAE,Male,2,1169,2338,551.86,May-2026,2026
10426,2026-05-08,iPhone 16 Pro Max,256GB,White,UK,Female,1,1319,1319,314.23,May-2026,2026
10427,2025-03-16,iPhone 15 Pro,256GB,White,India,Female,1,1069,1069,234.51,Mar-2025,2025
10428,2026-02-17,iPhone 15,128GB,Blue,India,Female,2,769,1538,280.14,Feb-2026,2026
10429,2026-01-11,iPhone 16 Pro,128GB,Natural Titanium,Canada,Female,2,1109,2218,491.29,Jan-2026,2026
10430,2026-02-24,iPhone 16 Pro Max,128GB,Natural Titanium,India,Female,1,1199,1199,253.93,Feb-2026,2026
10431,2025-10-04,iPhone 16,512GB,Blue,India,Female,2,979,1958,392.85,Oct-2025,2025
10432,2026-01-29,iPhone 16,128GB,White,Singapore,Female,1,799,799,144.7,Jan-2026,2026
10433,2026-04-02,iPhone 15,512GB,Purple,UAE,Male,4,969,3876,708.22,Apr-2026,2026
10434,2025-07-11,iPhone 16 Pro,256GB,Natural Titanium,India,Male,1,1179,1179,256.57,Jul-2025,2025
10435,2025-04-09,iPhone 16,256GB,Blue,UK,Female,1,899,899,208.19,Apr-2025,2025
10436,2026-07-02,iPhone 15 Pro Max,128GB,White,USA,Male,1,1179,1179,249.45,Jul-2026,2026
10437,2025-04-06,iPhone 13,256GB,Purple,Australia,Female,1,699,699,140.24,Apr-2025,2025
10438,2025-07-09,iPhone 16 Pro Max,256GB,Pink,UAE,Male,1,1269,1269,290.34,Jul-2025,2025
10439,2025-02-06,iPhone 16,256GB,Green,Australia,Male,1,899,899,179.57,Feb-2025,2025
10440,2026-01-04,iPhone 15,256GB,Natural Titanium,India,Female,2,869,1738,313.05,Jan-2026,2026
10441,2026-06-09,iPhone 16,256GB,Pink,UK,Male,1,899,899,189.84,Jun-2026,2026
10442,2025-10-06,iPhone 16 Plus,512GB,Pink,India,Female,1,1119,1119,214.18,Oct-2025,2025
10443,2025-08-05,iPhone 16,128GB,Green,India,Female,4,799,3196,611.11,Aug-2025,2025
10444,2025-09-30,iPhone 16 Plus,512GB,White,UAE,Female,1,1079,1079,206.25,Sep-2025,2025
10445,2025-03-03,iPhone 16,128GB,White,India,Male,3,819,2457,473.62,Mar-2025,2025
10446,2026-08-19,iPhone 16 Pro Max,512GB,Blue,UK,Male,1,1399,1399,310.64,Aug-2026,2026
10447,2025-12-08,iPhone 13,512GB,Black,Australia,Male,1,799,799,101.32,Dec-2025,2025
10448,2026-02-01,iPhone 14,128GB,White,India,Female,1,719,719,127.76,Feb-2026,2026
10449,2025-01-19,iPhone 15,256GB,Green,India,Male,1,869,869,182.0,Jan-2025,2025
10450,2025-06-26,iPhone 16 Plus,256GB,Black,UAE,Male,4,1019,4076,769.51,Jun-2025,2025
10451,2026-01-31,iPhone 16,128GB,Green,Germany,Male,1,799,799,161.02,Jan-2026,2026
10452,2026-03-21,iPhone 16 Pro,128GB,Green,UAE,Male,2,1069,2138,452.59,Mar-2026,2026
10453,2025-08-21,iPhone 16 Plus,128GB,Green,UK,Female,2,919,1838,342.54,Aug-2025,2025
10454,2025-03-17,iPhone 15 Pro Max,512GB,Natural Titanium,India,Male,1,1409,1409,310.56,Mar-2025,2025
10455,2025-09-22,iPhone 16 Pro Max,512GB,Natural Titanium,India,Male,2,1379,2758,633.98,Sep-2025,2025
10456,2026-03-31,iPhone 15,256GB,Black,UAE,Female,1,869,869,169.83,Mar-2026,2026
10457,2026-01-19,iPhone 16 Pro,256GB,Pink,India,Female,2,1199,2398,505.76,Jan-2026,2026
10458,2026-07-18,iPhone 15 Pro Max,256GB,Natural Titanium,Australia,Female,3,1309,3927,861.9,Jul-2026,2026
10459,2026-05-21,iPhone 16,128GB,Purple,USA,Female,1,799,799,144.3,May-2026,2026
10460,2026-01-02,iPhone 16 Plus,128GB,Green,USA,Male,2,899,1798,330.69,Jan-2026,2026
10461,2025-05-24,iPhone 16,256GB,Natural Titanium,UAE,Male,1,899,899,162.04,May-2025,2025
10462,2025-03-10,iPhone 14,512GB,Blue,Canada,Female,1,909,909,157.8,Mar-2025,2025
10463,2025-04-09,iPhone 15 Pro Max,256GB,White,UK,Female,1,1299,1299,287.54,Apr-2025,2025
10464,2026-01-31,iPhone 16,256GB,Purple,Germany,Female,5,869,4345,823.19,Jan-2026,2026
10465,2025-01-25,iPhone 16 Pro,256GB,White,Singapore,Female,1,1219,1219,251.96,Jan-2025,2025
10466,2026-04-14,iPhone 15 Pro Max,128GB,White,Germany,Female,1,1199,1199,260.58,Apr-2026,2026
10467,2026-04-29,iPhone 16 Pro Max,256GB,Black,Canada,Male,1,1279,1279,307.69,Apr-2026,2026
10468,2026-07-19,iPhone 15 Pro Max,128GB,Blue,UAE,Male,1,1169,1169,237.47,Jul-2026,2026
10469,2025-05-31,iPhone 16,128GB,Blue,UAE,Female,1,779,779,139.45,May-2025,2025
10470,2025-05-24,iPhone 16 Pro,256GB,Purple,India,Female,1,1199,1199,250.02,May-2025,2025
10471,2026-07-23,iPhone 16,256GB,Blue,India,Female,1,899,899,157.55,Jul-2026,2026
10472,2025-02-08,iPhone 16 Pro Max,128GB,Blue,India,Female,1,1199,1199,272.86,Feb-2025,2025
10473,2025-04-19,iPhone 16,256GB,Blue,India,Male,2,899,1798,333.94,Apr-2025,2025
10474,2025-02-11,iPhone 16,256GB,Purple,USA,Male,4,869,3476,650.16,Feb-2025,2025
10475,2025-07-05,iPhone 13,256GB,Pink,India,Male,1,679,679,108.87,Jul-2025,2025
10476,2026-02-02,iPhone 15 Pro Max,512GB,Blue,Germany,Female,3,1419,4257,917.73,Feb-2026,2026
10477,2025-08-11,iPhone 15 Pro,128GB,Natural Titanium,Canada,Male,1,1019,1019,237.94,Aug-2025,2025
10478,2025-05-13,iPhone 16 Plus,1TB,Blue,India,Male,3,1209,3627,682.33,May-2025,2025
10479,2025-06-12,iPhone 15,256GB,Black,India,Female,1,879,879,153.72,Jun-2025,2025
10480,2025-08-03,iPhone 15,256GB,Black,Canada,Male,3,919,2757,492.15,Aug-2025,2025
10481,2025-08-23,iPhone 15,256GB,Natural Titanium,Canada,Female,3,919,2757,484.63,Aug-2025,2025
10482,2026-08-11,iPhone 14,128GB,Blue,Germany,Male,3,699,2097,371.51,Aug-2026,2026
10483,2025-01-09,iPhone 15 Pro,128GB,Pink,Singapore,Male,3,1009,3027,638.76,Jan-2025,2025
10484,2025-03-15,iPhone 16 Pro,256GB,Blue,Singapore,Female,2,1219,2438,506.28,Mar-2025,2025
10485,2026-05-07,iPhone 16 Pro,256GB,Natural Titanium,USA,Female,1,1219,1219,253.32,May-2026,2026
10486,2025-09-10,iPhone 16 Plus,256GB,Blue,India,Male,2,1009,2018,375.68,Sep-2025,2025
10487,2025-08-18,iPhone 16 Pro,128GB,Blue,UAE,Female,1,1099,1099,249.39,Aug-2025,2025
10488,2026-06-03,iPhone 15,128GB,Green,India,Male,1,819,819,161.71,Jun-2026,2026
10489,2025-06-23,iPhone 16 Pro,128GB,Pink,Canada,Male,1,1099,1099,240.14,Jun-2025,2025
10490,2025-06-17,iPhone 14,256GB,White,USA,Male,2,799,1598,290.73,Jun-2025,2025
10491,2025-06-19,iPhone 15 Pro,128GB,Natural Titanium,Canada,Female,1,999,999,219.07,Jun-2025,2025
10492,2026-01-28,iPhone 16,256GB,Blue,India,Male,2,919,1838,374.94,Jan-2026,2026
10493,2025-07-13,iPhone 14,128GB,Natural Titanium,USA,Male,2,669,1338,220.74,Jul-2025,2025
10494,2026-06-01,iPhone 16 Plus,256GB,White,UK,Female,1,999,999,184.97,Jun-2026,2026
10495,2025-01-29,iPhone 15 Pro,128GB,Pink,Germany,Male,1,999,999,212.36,Jan-2025,2025
10496,2025-06-14,iPhone 16 Pro,128GB,Natural Titanium,India,Male,5,1109,5545,1211.04,Jun-2025,2025
10497,2026-02-26,iPhone 15 Pro Max,256GB,Blue,Germany,Male,3,1269,3807,846.93,Feb-2026,2026
10498,2025-12-05,iPhone 15,256GB,White,Canada,Female,1,919,919,150.59,Dec-2025,2025
10499,2026-05-11,iPhone 16 Plus,128GB,Natural Titanium,UAE,Male,1,899,899,153.05,May-2026,2026
10500,2025-12-31,iPhone 15,512GB,Purple,Canada,Female,1,999,999,179.15,Dec-2025,2025
10501,2025-12-08,iPhone 15 Pro Max,128GB,White,UK,Male,1,1199,1199,281.54,Dec-2025,2025
10502,2026-05-15,iPhone 14,128GB,Pink,India,Male,1,679,679,121.34,May-2026,2026
10503,2026-05-26,iPhone 16,128GB,Blue,India,Female,4,799,3196,617.04,May-2026,2026
10504,2025-11-23,iPhone 16,128GB,Green,Australia,Male,4,779,3116,612.05,Nov-2025,2025
10505,2025-08-05,iPhone 15 Pro,128GB,Pink,UAE,Female,3,969,2907,615.66,Aug-2025,2025
10506,2025-10-28,iPhone 16 Pro Max,128GB,Green,India,Male,1,1209,1209,273.92,Oct-2025,2025
10507,2025-05-12,iPhone 16 Pro,256GB,Blue,UK,Male,1,1179,1179,276.85,May-2025,2025
10508,2025-03-11,iPhone 16 Plus,128GB,White,USA,Male,2,879,1758,345.61,Mar-2025,2025
10509,2025-09-09,iPhone 16 Plus,256GB,Purple,India,Male,2,979,1958,363.22,Sep-2025,2025
10510,2026-02-19,iPhone 15,128GB,Purple,USA,Male,1,779,779,130.03,Feb-2026,2026
10511,2026-03-21,iPhone 16,128GB,Natural Titanium,India,Male,2,779,1558,295.39,Mar-2026,2026
10512,2025-07-01,iPhone 15,128GB,Pink,India,Male,2,769,1538,287.63,Jul-2025,2025
10513,2025-06-16,iPhone 14,256GB,Pink,USA,Male,3,819,2457,406.02,Jun-2025,2025
10514,2025-04-01,iPhone 16 Pro Max,256GB,Pink,UK,Male,2,1319,2638,608.35,Apr-2025,2025
10515,2026-06-15,iPhone 16,512GB,Black,India,Male,3,999,2997,580.3,Jun-2026,2026
10516,2025-02-08,iPhone 15 Pro Max,128GB,Purple,USA,Male,1,1209,1209,263.02,Feb-2025,2025
10517,2025-05-06,iPhone 15,256GB,Purple,India,Male,2,899,1798,327.02,May-2025,2025
10518,2026-03-27,iPhone 16,256GB,Blue,India,Female,1,869,869,170.99,Mar-2026,2026
10519,2025-06-22,iPhone 13,128GB,Black,India,Female,1,569,569,100.08,Jun-2025,2025
10520,2025-08-08,iPhone 14,128GB,Pink,India,Female,1,679,679,116.39,Aug-2025,2025
10521,2025-02-27,iPhone 13,128GB,Pink,India,Male,1,569,569,89.55,Feb-2025,2025
10522,2026-04-21,iPhone 15 Pro Max,256GB,Green,Canada,Male,5,1269,6345,1408.1,Apr-2026,2026
10523,2026-04-01,iPhone 16,128GB,Natural Titanium,USA,Male,1,779,779,117.22,Apr-2026,2026
10524,2025-12-27,iPhone 13,256GB,Black,India,Female,4,669,2676,438.49,Dec-2025,2025
10525,2025-01-01,iPhone 16 Plus,256GB,Natural Titanium,India,Male,1,969,969,191.11,Jan-2025,2025
10526,2026-01-22,iPhone 15,256GB,White,India,Male,1,869,869,174.7,Jan-2026,2026
10527,2025-12-14,iPhone 16 Plus,128GB,Natural Titanium,Canada,Male,2,899,1798,348.52,Dec-2025,2025
10528,2025-07-09,iPhone 16 Pro Max,256GB,Purple,India,Female,1,1319,1319,290.92,Jul-2025,2025
10529,2026-05-20,iPhone 16 Plus,128GB,Blue,India,Female,2,899,1798,342.85,May-2026,2026
10530,2025-07-10,iPhone 16 Pro,128GB,White,USA,Male,1,1099,1099,230.03,Jul-2025,2025
10531,2026-05-23,iPhone 16 Pro Max,256GB,White,USA,Male,3,1299,3897,910.07,May-2026,2026
10532,2026-01-04,iPhone 15 Pro Max,128GB,Blue,India,Female,1,1179,1179,229.85,Jan-2026,2026
10533,2026-02-13,iPhone 16 Plus,128GB,Pink,UK,Male,2,879,1758,314.8,Feb-2026,2026
10534,2025-04-27,iPhone 16 Pro,128GB,Purple,USA,Male,1,1119,1119,231.77,Apr-2025,2025
10535,2025-05-14,iPhone 15 Pro,128GB,Green,India,Female,2,999,1998,400.05,May-2025,2025
10536,2025-02-27,iPhone 15,128GB,Pink,UAE,Male,2,799,1598,283.74,Feb-2025,2025
10537,2026-07-10,iPhone 16 Pro Max,128GB,Natural Titanium,UAE,Male,1,1219,1219,275.34,Jul-2026,2026
10538,2025-06-22,iPhone 16 Plus,256GB,Pink,UK,Male,1,1009,1009,201.66,Jun-2025,2025
10539,2025-05-29,iPhone 15,128GB,Black,India,Female,2,799,1598,264.72,May-2025,2025
10540,2025-03-21,iPhone 15 Pro Max,1TB,White,USA,Male,4,1499,5996,1312.69,Mar-2025,2025
10541,2025-08-01,iPhone 16 Pro,128GB,White,USA,Female,1,1079,1079,240.51,Aug-2025,2025
10542,2025-07-22,iPhone 16,128GB,Purple,UAE,Female,3,779,2337,432.85,Jul-2025,2025
10543,2025-08-17,iPhone 16,256GB,Natural Titanium,UK,Female,2,869,1738,310.39,Aug-2025,2025
10544,2025-08-15,iPhone 16 Plus,128GB,White,India,Female,2,869,1738,338.69,Aug-2025,2025
10545,2026-06-16,iPhone 16,512GB,Green,UK,Male,5,979,4895,936.88,Jun-2026,2026
10546,2026-03-17,iPhone 16,256GB,Green,UAE,Male,2,869,1738,304.75,Mar-2026,2026
10547,2026-02-06,iPhone 16 Plus,128GB,Natural Titanium,India,Female,3,899,2697,507.28,Feb-2026,2026
10548,2025-02-16,iPhone 16 Plus,256GB,Green,Australia,Female,2,999,1998,372.25,Feb-2025,2025
10549,2025-08-21,iPhone 16,128GB,Blue,Australia,Male,1,819,819,177.4,Aug-2025,2025
10550,2025-11-01,iPhone 15 Pro,1TB,Natural Titanium,India,Female,2,1269,2538,510.31,Nov-2025,2025
10551,2026-06-10,iPhone 15 Pro,512GB,Purple,Germany,Male,4,1169,4676,976.56,Jun-2026,2026
10552,2025-05-23,iPhone 16 Pro Max,256GB,Green,USA,Male,3,1299,3897,905.43,May-2025,2025
10553,2026-02-19,iPhone 14,128GB,Black,UAE,Female,1,699,699,117.39,Feb-2026,2026
10554,2026-05-28,iPhone 15,128GB,Black,Canada,Male,1,799,799,156.67,May-2026,2026
10555,2026-01-08,iPhone 15 Pro Max,128GB,Pink,USA,Male,2,1219,2438,512.57,Jan-2026,2026
10556,2026-07-20,iPhone 16 Pro,128GB,Pink,USA,Female,2,1099,2198,468.1,Jul-2026,2026
10557,2025-09-16,iPhone 15,128GB,Purple,Germany,Female,1,799,799,140.04,Sep-2025,2025
10558,2026-04-16,iPhone 15,512GB,Natural Titanium,India,Female,1,999,999,185.68,Apr-2026,2026
10559,2025-01-12,iPhone 13,128GB,Pink,India,Female,3,619,1857,297.17,Jan-2025,2025
10560,2025-11-26,iPhone 16 Plus,256GB,Pink,India,Female,2,999,1998,386.96,Nov-2025,2025
10561,2025-12-24,iPhone 15,256GB,Black,Australia,Female,3,869,2607,465.22,Dec-2025,2025
10562,2026-02-12,iPhone 15 Pro,512GB,Pink,Germany,Male,4,1179,4716,974.65,Feb-2026,2026
10563,2026-01-08,iPhone 15 Pro Max,128GB,Black,India,Male,1,1199,1199,270.41,Jan-2026,2026
10564,2025-01-08,iPhone 16 Pro,128GB,Green,Australia,Male,3,1109,3327,713.58,Jan-2025,2025
10565,2025-05-02,iPhone 15 Pro Max,256GB,Green,India,Female,2,1319,2638,568.74,May-2025,2025
10566,2025-12-14,iPhone 14,512GB,Purple,Singapore,Male,4,899,3596,594.9,Dec-2025,2025
10567,2025-03-31,iPhone 16,512GB,Blue,UK,Male,1,969,969,186.3,Mar-2025,2025
10568,2025-11-12,iPhone 16 Pro Max,256GB,Pink,India,Female,1,1299,1299,297.81,Nov-2025,2025
10569,2025-06-27,iPhone 16,128GB,Green,India,Male,2,799,1598,289.96,Jun-2025,2025
10570,2026-06-24,iPhone 16 Pro Max,256GB,Green,India,Male,4,1269,5076,1157.96,Jun-2026,2026
10571,2025-02-10,iPhone 16 Pro,128GB,Natural Titanium,India,Male,3,1099,3297,721.12,Feb-2025,2025
10572,2026-05-17,iPhone 13,256GB,Purple,Canada,Female,2,699,1398,231.28,May-2026,2026
10573,2025-05-25,iPhone 16,256GB,White,India,Male,1,909,909,173.05,May-2025,2025
10574,2025-07-20,iPhone 15,256GB,White,Singapore,Male,2,909,1818,330.66,Jul-2025,2025
10575,2026-04-06,iPhone 16,512GB,Purple,UK,Male,3,999,2997,574.62,Apr-2026,2026
10576,2026-07-12,iPhone 15,256GB,Black,UAE,Male,3,869,2607,469.0,Jul-2026,2026
10577,2026-07-01,iPhone 15 Pro,128GB,Blue,India,Male,2,999,1998,422.14,Jul-2026,2026
10578,2025-09-10,iPhone 16 Pro Max,128GB,Natural Titanium,Germany,Female,1,1219,1219,278.66,Sep-2025,2025
10579,2026-01-25,iPhone 15,512GB,Natural Titanium,UAE,Male,2,999,1998,377.32,Jan-2026,2026
10580,2026-08-17,iPhone 16 Pro,128GB,Purple,Australia,Male,1,1099,1099,248.13,Aug-2026,2026
10581,2025-09-13,iPhone 13,128GB,White,Singapore,Female,5,599,2995,501.21,Sep-2025,2025
10582,2026-03-26,iPhone 14,128GB,Blue,India,Female,2,709,1418,256.28,Mar-2026,2026
10583,2025-01-10,iPhone 16 Pro,256GB,Green,India,Male,2,1199,2398,525.18,Jan-2025,2025
10584,2025-08-30,iPhone 16,128GB,Purple,Canada,Male,5,779,3895,737.69,Aug-2025,2025
10585,2025-09-08,iPhone 16 Plus,512GB,Black,Australia,Female,1,1109,1109,190.82,Sep-2025,2025
10586,2025-01-05,iPhone 15,1TB,Blue,UK,Male,1,1109,1109,186.3,Jan-2025,2025
10587,2025-04-29,iPhone 16,1TB,White,India,Female,2,1099,2198,429.74,Apr-2025,2025
10588,2026-01-09,iPhone 16 Plus,128GB,Green,UK,Male,1,899,899,182.35,Jan-2026,2026
10589,2025-03-06,iPhone 16,512GB,Purple,India,Male,1,999,999,165.56,Mar-2025,2025
10590,2025-05-26,iPhone 15 Pro Max,1TB,Natural Titanium,India,Female,4,1499,5996,1334.9,May-2025,2025
10591,2025-08-12,iPhone 16 Pro Max,512GB,Pink,USA,Male,2,1399,2798,657.75,Aug-2025,2025
10592,2025-08-27,iPhone 16 Plus,256GB,Natural Titanium,India,Male,1,969,969,197.52,Aug-2025,2025
10593,2025-06-26,iPhone 16 Pro Max,256GB,Natural Titanium,USA,Female,1,1299,1299,304.92,Jun-2025,2025
10594,2025-10-09,iPhone 16 Plus,128GB,Green,Singapore,Male,1,869,869,171.21,Oct-2025,2025
10595,2025-03-04,iPhone 16 Plus,512GB,White,Australia,Male,2,1109,2218,419.2,Mar-2025,2025
10596,2025-08-05,iPhone 14,128GB,Purple,Germany,Female,1,719,719,114.63,Aug-2025,2025
10597,2026-04-06,iPhone 15 Pro,128GB,White,Canada,Female,3,1019,3057,655.6,Apr-2026,2026
10598,2025-04-15,iPhone 16 Pro,1TB,Pink,India,Male,2,1379,2758,603.61,Apr-2025,2025
10599,2025-04-09,iPhone 15,128GB,Natural Titanium,Canada,Female,1,769,769,92.32,Apr-2025,2025
10600,2026-05-26,iPhone 14,128GB,Green,Germany,Male,1,699,699,126.28,May-2026,2026
10601,2026-01-20,iPhone 15 Pro,1TB,Blue,Germany,Female,2,1319,2638,541.34,Jan-2026,2026
10602,2026-02-09,iPhone 15,1TB,Blue,UAE,Female,1,1099,1099,199.64,Feb-2026,2026
10603,2026-06-02,iPhone 16 Pro Max,128GB,Green,India,Female,2,1199,2398,571.46,Jun-2026,2026
10604,2026-04-21,iPhone 16 Pro,512GB,Blue,India,Female,4,1279,5116,1150.75,Apr-2026,2026
10605,2026-03-13,iPhone 15 Pro Max,128GB,Natural Titanium,India,Male,1,1179,1179,267.7,Mar-2026,2026
10606,2025-01-23,iPhone 13,128GB,Purple,Singapore,Male,1,609,609,113.23,Jan-2025,2025
10607,2026-07-19,iPhone 16 Plus,128GB,Green,USA,Male,3,869,2607,504.27,Jul-2026,2026
10608,2026-04-03,iPhone 16,128GB,Green,Australia,Male,1,779,779,157.67,Apr-2026,2026
10609,2025-03-24,iPhone 16 Pro Max,128GB,White,USA,Male,1,1209,1209,289.1,Mar-2025,2025
10610,2025-05-25,iPhone 16,128GB,Black,UAE,Female,1,809,809,140.89,May-2025,2025
10611,2025-03-26,iPhone 15 Pro,512GB,White,India,Female,4,1209,4836,1000.19,Mar-2025,2025
10612,2025-03-19,iPhone 16,256GB,Blue,India,Male,4,919,3676,710.6,Mar-2025,2025
10613,2026-04-02,iPhone 16 Pro Max,512GB,Black,USA,Female,1,1419,1419,330.05,Apr-2026,2026
10614,2025-01-01,iPhone 16 Plus,256GB,Green,UK,Female,2,999,1998,381.53,Jan-2025,2025
10615,2025-02-20,iPhone 16 Plus,128GB,Blue,India,Male,1,879,879,161.32,Feb-2025,2025
10616,2026-03-22,iPhone 15,512GB,Pink,Canada,Male,2,1019,2038,362.54,Mar-2026,2026
10617,2026-03-25,iPhone 16 Plus,512GB,Blue,India,Male,1,1099,1099,223.89,Mar-2026,2026
10618,2026-05-03,iPhone 16 Plus,128GB,Black,Canada,Male,1,909,909,162.52,May-2026,2026
10619,2025-02-03,iPhone 15 Pro,128GB,Black,India,Female,3,999,2997,629.53,Feb-2025,2025
10620,2025-12-14,iPhone 15 Pro Max,256GB,Green,UAE,Female,1,1299,1299,276.32,Dec-2025,2025
10621,2025-04-05,iPhone 15 Pro,256GB,Purple,India,Male,1,1069,1069,205.85,Apr-2025,2025
10622,2025-03-13,iPhone 15,512GB,Pink,Canada,Female,3,999,2997,540.74,Mar-2025,2025
10623,2026-07-05,iPhone 13,128GB,Green,USA,Male,3,599,1797,296.41,Jul-2026,2026
10624,2025-06-03,iPhone 15,128GB,Pink,UAE,Female,2,779,1558,267.69,Jun-2025,2025
10625,2025-09-07,iPhone 16,256GB,Pink,Germany,Female,4,909,3636,682.32,Sep-2025,2025
10626,2026-03-14,iPhone 13,256GB,Green,India,Male,2,699,1398,209.47,Mar-2026,2026
10627,2025-04-28,iPhone 15,128GB,Natural Titanium,India,Female,1,809,809,147.22,Apr-2025,2025
10628,2025-11-02,iPhone 16 Pro,128GB,Blue,Canada,Male,1,1099,1099,235.95,Nov-2025,2025
10629,2025-09-25,iPhone 16,256GB,White,UK,Male,1,869,869,139.64,Sep-2025,2025
10630,2025-02-23,iPhone 16,256GB,Pink,India,Female,1,869,869,160.86,Feb-2025,2025
10631,2025-08-24,iPhone 15 Pro,128GB,Natural Titanium,USA,Male,2,999,1998,432.07,Aug-2025,2025
10632,2026-01-24,iPhone 16 Plus,128GB,Black,India,Male,1,879,879,180.92,Jan-2026,2026
10633,2026-02-05,iPhone 15,512GB,Green,India,Female,1,999,999,194.33,Feb-2026,2026
10634,2025-10-30,iPhone 16 Pro,1TB,Purple,USA,Male,1,1419,1419,300.26,Oct-2025,2025
10635,2025-07-26,iPhone 14,128GB,Natural Titanium,Australia,Male,1,699,699,104.6,Jul-2025,2025
10636,2025-08-17,iPhone 16,128GB,Blue,USA,Male,2,819,1638,303.45,Aug-2025,2025
10637,2026-08-01,iPhone 15 Pro,512GB,Natural Titanium,UK,Male,1,1179,1179,259.26,Aug-2026,2026
10638,2025-03-16,iPhone 16 Plus,128GB,Pink,Australia,Male,1,879,879,178.26,Mar-2025,2025
10639,2026-03-11,iPhone 16,256GB,Purple,India,Male,5,899,4495,854.08,Mar-2026,2026
10640,2025-04-13,iPhone 15 Pro Max,256GB,Natural Titanium,UAE,Female,2,1309,2618,589.38,Apr-2025,2025
10641,2026-02-26,iPhone 15,128GB,Blue,Australia,Female,2,769,1538,284.12,Feb-2026,2026
10642,2025-11-02,iPhone 16,256GB,Natural Titanium,India,Male,2,879,1758,328.23,Nov-2025,2025
10643,2025-04-08,iPhone 16 Pro Max,256GB,Green,India,Male,2,1319,2638,602.6,Apr-2025,2025
10644,2025-12-01,iPhone 16 Pro,256GB,Purple,Singapore,Female,1,1179,1179,244.16,Dec-2025,2025
10645,2026-03-11,iPhone 13,128GB,Black,Singapore,Female,1,599,599,94.35,Mar-2026,2026
10646,2026-03-23,iPhone 15 Pro,1TB,Pink,India,Male,2,1299,2598,538.27,Mar-2026,2026
10647,2025-11-04,iPhone 16 Pro Max,128GB,Pink,India,Female,1,1209,1209,266.04,Nov-2025,2025
10648,2025-09-06,iPhone 15 Pro Max,256GB,Purple,India,Male,1,1279,1279,272.54,Sep-2025,2025
10649,2025-06-15,iPhone 16,512GB,Blue,USA,Female,1,979,979,203.94,Jun-2025,2025
10650,2026-04-26,iPhone 16 Pro Max,128GB,Green,USA,Male,1,1199,1199,270.21,Apr-2026,2026
10651,2025-12-01,iPhone 16 Pro,256GB,Natural Titanium,UK,Female,4,1199,4796,1074.05,Dec-2025,2025
10652,2026-06-26,iPhone 15 Pro Max,1TB,Natural Titanium,Germany,Male,1,1509,1509,332.67,Jun-2026,2026
10653,2025-04-16,iPhone 15 Pro Max,128GB,White,India,Female,1,1179,1179,256.63,Apr-2025,2025
10654,2026-07-17,iPhone 15 Pro,128GB,Pink,Australia,Male,2,969,1938,413.24,Jul-2026,2026
10655,2025-03-22,iPhone 16 Plus,512GB,Natural Titanium,India,Male,2,1069,2138,377.61,Mar-2025,2025
10656,2025-05-13,iPhone 15,128GB,Black,India,Female,2,819,1638,319.82,May-2025,2025
10657,2025-05-18,iPhone 15,128GB,Pink,USA,Female,1,799,799,155.28,May-2025,2025
10658,2025-07-03,iPhone 15 Pro,512GB,Pink,India,Female,1,1219,1219,258.46,Jul-2025,2025
10659,2026-02-05,iPhone 15,512GB,White,USA,Male,3,969,2907,533.02,Feb-2026,2026
10660,2025-11-26,iPhone 16 Plus,1TB,White,Germany,Female,1,1199,1199,228.47,Nov-2025,2025
10661,2026-05-23,iPhone 16,128GB,Green,India,Female,1,799,799,144.53,May-2026,2026
10662,2025-03-10,iPhone 15 Pro Max,128GB,Natural Titanium,UAE,Male,4,1199,4796,1054.84,Mar-2025,2025
10663,2026-06-30,iPhone 15 Pro,128GB,Natural Titanium,India,Female,1,979,979,200.53,Jun-2026,2026
10664,2025-02-22,iPhone 16 Pro Max,256GB,Pink,India,Female,1,1269,1269,281.09,Feb-2025,2025
10665,2026-03-26,iPhone 13,256GB,Pink,USA,Female,1,679,679,103.9,Mar-2026,2026
10666,2025-07-24,iPhone 16 Pro,128GB,Blue,Australia,Female,1,1069,1069,237.73,Jul-2025,2025
10667,2025-05-06,iPhone 16 Pro Max,128GB,Blue,USA,Female,1,1169,1169,273.14,May-2025,2025
10668,2025-02-12,iPhone 15 Pro Max,256GB,Natural Titanium,UK,Female,1,1299,1299,302.71,Feb-2025,2025
10669,2025-04-21,iPhone 16,256GB,Purple,Germany,Female,1,909,909,169.0,Apr-2025,2025
10670,2025-07-02,iPhone 16 Pro Max,128GB,Purple,Canada,Female,1,1169,1169,260.39,Jul-2025,2025
10671,2025-04-05,iPhone 15,512GB,Black,India,Female,1,969,969,159.33,Apr-2025,2025
10672,2026-01-09,iPhone 16,128GB,Natural Titanium,UAE,Female,3,819,2457,472.14,Jan-2026,2026
10673,2026-06-04,iPhone 15 Pro Max,256GB,Natural Titanium,USA,Male,3,1309,3927,881.44,Jun-2026,2026
10674,2025-12-26,iPhone 15,512GB,Natural Titanium,UAE,Male,1,979,979,171.53,Dec-2025,2025
10675,2025-10-08,iPhone 16 Pro,256GB,Black,USA,Female,5,1169,5845,1279.14,Oct-2025,2025
10676,2025-07-14,iPhone 16 Pro,128GB,Blue,India,Female,2,1099,2198,493.94,Jul-2025,2025
10677,2025-07-14,iPhone 16 Pro,128GB,Purple,UK,Male,2,1109,2218,475.2,Jul-2025,2025
10678,2025-04-03,iPhone 15,512GB,Natural Titanium,USA,Male,1,1009,1009,201.06,Apr-2025,2025
10679,2025-03-02,iPhone 14,128GB,Black,USA,Male,3,719,2157,365.78,Mar-2025,2025
10680,2025-02-20,iPhone 16,256GB,Pink,Australia,Female,4,869,3476,664.95,Feb-2025,2025
10681,2026-02-07,iPhone 13,1TB,Purple,Germany,Female,1,879,879,141.09,Feb-2026,2026
10682,2025-01-05,iPhone 16 Plus,1TB,White,USA,Female,2,1179,2358,417.96,Jan-2025,2025
10683,2026-04-11,iPhone 16,256GB,Purple,USA,Male,2,899,1798,340.83,Apr-2026,2026
10684,2026-08-27,iPhone 16,512GB,Pink,USA,Male,1,999,999,185.22,Aug-2026,2026
10685,2026-06-18,iPhone 16,1TB,Blue,USA,Male,1,1099,1099,213.49,Jun-2026,2026
10686,2026-02-09,iPhone 15 Pro Max,128GB,Green,Singapore,Male,1,1219,1219,281.89,Feb-2026,2026
10687,2026-05-28,iPhone 15,128GB,Green,UK,Female,1,769,769,144.34,May-2026,2026
10688,2025-08-21,iPhone 15 Pro,128GB,Blue,India,Male,1,979,979,197.6,Aug-2025,2025
10689,2026-06-08,iPhone 16,128GB,Pink,USA,Male,2,799,1598,323.38,Jun-2026,2026
10690,2025-12-12,iPhone 16,512GB,Black,UK,Male,2,969,1938,368.76,Dec-2025,2025
10691,2025-02-15,iPhone 16 Pro,256GB,Purple,UK,Male,4,1219,4876,1088.09,Feb-2025,2025
10692,2026-06-30,iPhone 16 Pro,512GB,Purple,UK,Male,2,1269,2538,568.94,Jun-2026,2026
10693,2025-03-19,iPhone 16 Pro Max,256GB,Black,India,Male,1,1279,1279,282.21,Mar-2025,2025
10694,2025-03-14,iPhone 15,256GB,Green,India,Male,1,869,869,169.14,Mar-2025,2025
10695,2025-09-06,iPhone 14,256GB,Natural Titanium,India,Male,3,809,2427,423.0,Sep-2025,2025
10696,2025-02-16,iPhone 15 Pro,128GB,Natural Titanium,USA,Male,1,999,999,210.72,Feb-2025,2025
10697,2025-05-01,iPhone 16 Plus,512GB,Blue,India,Female,2,1099,2198,412.26,May-2025,2025
10698,2025-08-02,iPhone 15 Pro Max,128GB,Natural Titanium,Canada,Female,1,1199,1199,273.56,Aug-2025,2025
10699,2025-08-27,iPhone 16 Pro,256GB,Blue,India,Male,2,1169,2338,526.28,Aug-2025,2025
10700,2025-02-25,iPhone 16,128GB,Natural Titanium,Germany,Female,1,809,809,148.8,Feb-2025,2025
10701,2025-12-16,iPhone 16 Pro Max,512GB,White,India,Female,1,1399,1399,329.04,Dec-2025,2025
10702,2025-04-17,iPhone 16 Pro Max,512GB,Green,India,Male,3,1379,4137,947.47,Apr-2025,2025
10703,2025-02-17,iPhone 13,256GB,Blue,USA,Male,2,709,1418,220.29,Feb-2025,2025
10704,2026-07-27,iPhone 15 Pro Max,256GB,White,India,Male,1,1319,1319,295.37,Jul-2026,2026
10705,2025-12-03,iPhone 16,256GB,Black,Germany,Male,3,899,2697,521.9,Dec-2025,2025
10706,2025-01-26,iPhone 15,128GB,Green,India,Female,1,769,769,144.64,Jan-2025,2025
10707,2025-09-14,iPhone 15 Pro,128GB,Green,USA,Male,1,979,979,203.94,Sep-2025,2025
10708,2025-01-08,iPhone 16 Plus,256GB,Blue,Germany,Female,4,969,3876,722.68,Jan-2025,2025
10709,2025-09-10,iPhone 15,128GB,Blue,USA,Male,1,819,819,143.7,Sep-2025,2025
10710,2025-10-30,iPhone 16,128GB,Pink,India,Female,3,769,2307,442.8,Oct-2025,2025
10711,2025-02-25,iPhone 16 Plus,128GB,Natural Titanium,India,Female,3,919,2757,549.68,Feb-2025,2025
10712,2026-06-10,iPhone 14,128GB,Black,USA,Female,1,679,679,103.76,Jun-2026,2026
10713,2026-04-19,iPhone 15 Pro Max,128GB,Black,India,Female,1,1209,1209,264.59,Apr-2026,2026
10714,2025-01-28,iPhone 15,128GB,Purple,USA,Male,1,799,799,141.88,Jan-2025,2025
10715,2025-03-19,iPhone 16 Plus,128GB,White,Australia,Female,1,909,909,145.82,Mar-2025,2025
10716,2025-08-04,iPhone 15,128GB,White,Australia,Male,2,819,1638,287.76,Aug-2025,2025
10717,2026-01-21,iPhone 16 Pro,256GB,Pink,India,Female,1,1179,1179,245.05,Jan-2026,2026
10718,2025-12-31,iPhone 15 Pro Max,1TB,Purple,India,Male,1,1519,1519,329.35,Dec-2025,2025
10719,2026-06-10,iPhone 15,128GB,Black,India,Male,2,799,1598,305.68,Jun-2026,2026
10720,2025-11-08,iPhone 15 Pro Max,512GB,Natural Titanium,UK,Female,2,1379,2758,614.63,Nov-2025,2025
10721,2025-01-07,iPhone 15 Pro,128GB,Natural Titanium,India,Male,2,999,1998,421.66,Jan-2025,2025
10722,2025-01-03,iPhone 15 Pro Max,256GB,Natural Titanium,Australia,Male,3,1299,3897,880.74,Jan-2025,2025
10723,2025-12-29,iPhone 16,256GB,Natural Titanium,UAE,Male,2,909,1818,362.34,Dec-2025,2025
10724,2026-05-23,iPhone 16,256GB,White,India,Female,3,879,2637,491.39,May-2026,2026
10725,2025-10-01,iPhone 14,256GB,Black,UK,Female,1,799,799,113.91,Oct-2025,2025
10726,2026-05-21,iPhone 13,128GB,Natural Titanium,India,Female,2,609,1218,167.02,May-2026,2026
10727,2025-01-15,iPhone 16 Plus,128GB,Black,India,Female,1,899,899,160.25,Jan-2025,2025
10728,2025-07-11,iPhone 16,512GB,Purple,India,Male,5,999,4995,942.24,Jul-2025,2025
10729,2026-04-30,iPhone 15 Pro,128GB,White,India,Male,1,999,999,228.36,Apr-2026,2026
10730,2025-01-28,iPhone 16 Pro,128GB,Blue,UK,Female,4,1109,4436,990.35,Jan-2025,2025
10731,2025-02-08,iPhone 15 Pro,128GB,Blue,UK,Female,3,999,2997,640.4,Feb-2025,2025
10732,2025-09-30,iPhone 16 Pro,128GB,Purple,India,Male,2,1099,2198,477.52,Sep-2025,2025
10733,2025-08-19,iPhone 15 Pro,256GB,White,Singapore,Male,2,1109,2218,463.52,Aug-2025,2025
10734,2025-03-27,iPhone 14,256GB,Pink,USA,Male,1,809,809,132.64,Mar-2025,2025
10735,2026-04-19,iPhone 16 Pro Max,128GB,Green,India,Male,2,1169,2338,564.2,Apr-2026,2026
10736,2025-05-06,iPhone 15 Pro,128GB,Purple,India,Male,1,969,969,195.97,May-2025,2025
10737,2026-06-21,iPhone 16 Pro,256GB,Black,UK,Male,4,1219,4876,1063.2,Jun-2026,2026
10738,2025-05-25,iPhone 15,256GB,Purple,Singapore,Male,3,899,2697,492.24,May-2025,2025
10739,2026-06-09,iPhone 16,1TB,Green,UK,Male,3,1099,3297,614.88,Jun-2026,2026
10740,2025-07-31,iPhone 16 Pro,512GB,Purple,Germany,Female,1,1269,1269,285.87,Jul-2025,2025
10741,2025-01-25,iPhone 13,512GB,White,USA,Female,1,799,799,131.31,Jan-2025,2025
10742,2026-08-03,iPhone 16 Pro,256GB,Black,USA,Male,2,1169,2338,505.46,Aug-2026,2026
10743,2026-01-29,iPhone 16,256GB,Green,USA,Male,1,899,899,166.68,Jan-2026,2026
10744,2025-03-08,iPhone 16,128GB,Natural Titanium,UAE,Female,3,809,2427,450.98,Mar-2025,2025
10745,2025-08-21,iPhone 16,256GB,Blue,India,Male,3,899,2697,524.6,Aug-2025,2025
10746,2025-04-19,iPhone 16 Pro,128GB,Pink,Australia,Female,1,1069,1069,233.41,Apr-2025,2025
10747,2025-05-26,iPhone 13,512GB,Purple,India,Male,2,799,1598,253.11,May-2025,2025
10748,2025-04-21,iPhone 15,128GB,Purple,USA,Female,2,809,1618,300.95,Apr-2025,2025
10749,2025-08-16,iPhone 16 Pro,256GB,Green,USA,Male,2,1179,2358,526.86,Aug-2025,2025
10750,2025-04-21,iPhone 16 Plus,128GB,Pink,UK,Male,2,909,1818,348.23,Apr-2025,2025
10751,2026-04-15,iPhone 13,256GB,Purple,India,Female,1,669,669,119.57,Apr-2026,2026
10752,2025-02-03,iPhone 16,128GB,Blue,USA,Female,1,809,809,151.84,Feb-2025,2025
10753,2026-01-04,iPhone 16,128GB,Green,USA,Male,3,819,2457,456.12,Jan-2026,2026
10754,2026-08-18,iPhone 15 Pro,128GB,White,UAE,Female,1,999,999,211.57,Aug-2026,2026
10755,2026-07-08,iPhone 15 Pro,128GB,Black,Canada,Male,3,999,2997,628.94,Jul-2026,2026
10756,2026-03-01,iPhone 16 Plus,128GB,Blue,UAE,Female,2,919,1838,366.46,Mar-2026,2026
10757,2026-06-02,iPhone 15,128GB,Pink,India,Male,4,779,3116,557.72,Jun-2026,2026
10758,2025-10-09,iPhone 16 Pro,512GB,Pink,Singapore,Male,5,1279,6395,1425.98,Oct-2025,2025
10759,2025-11-16,iPhone 16 Pro,128GB,Blue,Australia,Female,2,1099,2198,468.98,Nov-2025,2025
10760,2026-03-19,iPhone 15 Pro Max,128GB,Natural Titanium,India,Male,1,1199,1199,260.95,Mar-2026,2026
10761,2025-11-11,iPhone 15,1TB,White,India,Male,1,1099,1099,194.03,Nov-2025,2025
10762,2026-01-12,iPhone 15,256GB,Purple,India,Male,1,909,909,159.76,Jan-2026,2026
10763,2025-10-16,iPhone 15 Pro Max,128GB,White,USA,Male,1,1179,1179,273.03,Oct-2025,2025
10764,2026-03-13,iPhone 16 Plus,128GB,Purple,Australia,Female,2,869,1738,324.66,Mar-2026,2026
10765,2025-10-04,iPhone 15 Pro,512GB,Purple,Canada,Male,3,1199,3597,767.27,Oct-2025,2025
10766,2026-08-05,iPhone 16,128GB,Pink,Australia,Female,1,799,799,150.79,Aug-2026,2026
10767,2026-05-18,iPhone 15 Pro,128GB,Purple,India,Male,1,1019,1019,212.82,May-2026,2026
10768,2026-05-31,iPhone 15 Pro,256GB,Blue,UK,Male,2,1119,2238,453.91,May-2026,2026
10769,2025-12-16,iPhone 13,128GB,Natural Titanium,India,Male,4,619,2476,411.21,Dec-2025,2025
10770,2026-03-22,iPhone 13,512GB,Purple,India,Female,1,779,779,143.04,Mar-2026,2026
10771,2025-12-16,iPhone 15,128GB,Blue,UAE,Male,1,819,819,132.42,Dec-2025,2025
10772,2026-08-30,iPhone 15 Pro,256GB,Black,India,Male,4,1099,4396,942.55,Aug-2026,2026
10773,2025-05-17,iPhone 16 Pro,256GB,Pink,UAE,Male,1,1179,1179,242.06,May-2025,2025
10774,2025-08-31,iPhone 16 Pro,128GB,White,UK,Female,2,1069,2138,468.34,Aug-2025,2025
10775,2026-06-27,iPhone 15,512GB,Green,Canada,Male,2,969,1938,347.63,Jun-2026,2026
10776,2025-02-09,iPhone 15,1TB,White,India,Female,1,1079,1079,190.59,Feb-2025,2025
10777,2025-08-17,iPhone 15,128GB,White,Canada,Male,1,799,799,156.89,Aug-2025,2025
10778,2026-07-02,iPhone 15 Pro,512GB,Natural Titanium,Singapore,Male,3,1199,3597,764.34,Jul-2026,2026
10779,2025-08-11,iPhone 15 Pro Max,128GB,Green,Australia,Male,1,1199,1199,243.39,Aug-2025,2025
10780,2025-01-06,iPhone 15 Pro Max,512GB,Natural Titanium,UAE,Male,1,1409,1409,327.65,Jan-2025,2025
10781,2025-11-18,iPhone 15,128GB,Pink,UAE,Male,2,799,1598,307.72,Nov-2025,2025
10782,2026-04-13,iPhone 14,128GB,Purple,USA,Female,1,719,719,130.38,Apr-2026,2026
10783,2025-03-16,iPhone 13,128GB,Black,UAE,Male,2,599,1198,187.49,Mar-2025,2025
10784,2025-01-04,iPhone 15,128GB,White,UAE,Male,4,799,3196,577.92,Jan-2025,2025
10785,2025-04-28,iPhone 16 Plus,128GB,Natural Titanium,UK,Male,4,909,3636,687.43,Apr-2025,2025
10786,2026-08-29,iPhone 15,512GB,Purple,Canada,Male,1,969,969,186.15,Aug-2026,2026
10787,2026-05-19,iPhone 15 Pro Max,512GB,White,USA,Male,1,1379,1379,281.87,May-2026,2026
10788,2026-07-28,iPhone 16,128GB,Pink,India,Female,1,799,799,156.61,Jul-2026,2026
10789,2026-03-17,iPhone 16 Pro,128GB,Pink,USA,Male,4,1079,4316,963.38,Mar-2026,2026
10790,2025-07-13,iPhone 16 Pro,512GB,Blue,India,Female,1,1279,1279,278.44,Jul-2025,2025
10791,2026-01-27,iPhone 16 Plus,128GB,Pink,USA,Male,1,919,919,181.23,Jan-2026,2026
10792,2025-01-26,iPhone 13,128GB,Pink,India,Male,3,619,1857,276.04,Jan-2025,2025
10793,2026-03-11,iPhone 16,256GB,White,USA,Male,2,869,1738,318.78,Mar-2026,2026
10794,2025-06-22,iPhone 16 Pro,128GB,Black,Canada,Male,1,1109,1109,248.74,Jun-2025,2025
10795,2025-10-27,iPhone 13,128GB,Natural Titanium,USA,Male,1,599,599,101.25,Oct-2025,2025
10796,2025-11-22,iPhone 16,256GB,White,India,Male,2,899,1798,334.65,Nov-2025,2025
10797,2026-02-14,iPhone 16 Pro,256GB,Natural Titanium,USA,Male,2,1199,2398,531.22,Feb-2026,2026
10798,2025-04-28,iPhone 15 Pro Max,128GB,Purple,India,Female,2,1209,2418,531.28,Apr-2025,2025
10799,2025-08-13,iPhone 13,512GB,Natural Titanium,USA,Male,1,819,819,109.0,Aug-2025,2025
10800,2026-06-16,iPhone 13,256GB,Pink,USA,Female,1,709,709,110.65,Jun-2026,2026
10801,2025-04-23,iPhone 15 Pro Max,128GB,Blue,Germany,Male,2,1209,2418,540.65,Apr-2025,2025
10802,2025-05-20,iPhone 15,128GB,Black,India,Female,3,799,2397,447.38,May-2025,2025
10803,2026-07-13,iPhone 16,128GB,Blue,UAE,Male,1,779,779,145.12,Jul-2026,2026
10804,2025-01-01,iPhone 16 Plus,128GB,Green,Australia,Male,1,909,909,177.34,Jan-2025,2025
10805,2025-03-31,iPhone 15,128GB,Blue,Singapore,Female,2,809,1618,293.31,Mar-2025,2025
10806,2025-11-16,iPhone 16 Pro,128GB,Blue,India,Male,2,1099,2198,489.98,Nov-2025,2025
10807,2026-07-04,iPhone 15 Pro Max,128GB,Purple,USA,Female,1,1179,1179,251.61,Jul-2026,2026
10808,2025-05-19,iPhone 14,256GB,Pink,India,Female,2,819,1638,277.6,May-2025,2025
10809,2026-05-26,iPhone 16 Pro,256GB,Purple,USA,Male,5,1219,6095,1347.43,May-2026,2026
10810,2025-09-16,iPhone 16 Pro,256GB,Pink,India,Female,2,1199,2398,532.39,Sep-2025,2025
10811,2025-01-10,iPhone 16,256GB,Purple,Australia,Female,1,869,869,172.39,Jan-2025,2025
10812,2025-09-18,iPhone 16 Pro,512GB,Pink,India,Female,3,1309,3927,873.5,Sep-2025,2025
10813,2025-06-21,iPhone 16 Plus,256GB,Natural Titanium,USA,Female,1,1009,1009,193.63,Jun-2025,2025
10814,2025-01-13,iPhone 16 Pro,128GB,Pink,USA,Male,1,1069,1069,238.74,Jan-2025,2025
10815,2025-06-17,iPhone 15 Pro Max,128GB,Pink,Singapore,Male,2,1209,2418,525.16,Jun-2025,2025
10816,2026-08-19,iPhone 16 Plus,512GB,Blue,UK,Female,2,1119,2238,435.55,Aug-2026,2026
10817,2025-11-17,iPhone 16 Pro Max,128GB,Green,India,Male,4,1209,4836,1099.32,Nov-2025,2025
10818,2025-11-15,iPhone 16 Plus,128GB,Pink,India,Male,1,909,909,180.14,Nov-2025,2025
10819,2025-11-25,iPhone 14,256GB,Green,India,Male,1,769,769,132.31,Nov-2025,2025
10820,2026-07-04,iPhone 16,256GB,Green,UAE,Female,4,919,3676,689.85,Jul-2026,2026
10821,2026-02-23,iPhone 16,256GB,White,UAE,Male,1,899,899,162.74,Feb-2026,2026
10822,2026-08-29,iPhone 15,128GB,White,UK,Female,1,799,799,146.4,Aug-2026,2026
10823,2025-04-05,iPhone 16 Pro Max,128GB,Black,India,Male,2,1169,2338,534.75,Apr-2025,2025
10824,2026-08-04,iPhone 15,1TB,Natural Titanium,Canada,Male,5,1099,5495,983.95,Aug-2026,2026
10825,2025-11-14,iPhone 15,128GB,Purple,UK,Female,2,799,1598,292.68,Nov-2025,2025
10826,2025-08-24,iPhone 16 Pro Max,128GB,White,Singapore,Female,1,1199,1199,255.65,Aug-2025,2025
10827,2025-11-30,iPhone 15 Pro Max,128GB,Pink,UK,Male,2,1219,2438,537.47,Nov-2025,2025
10828,2026-01-11,iPhone 13,512GB,Green,India,Male,5,769,3845,610.72,Jan-2026,2026
10829,2026-04-04,iPhone 16,256GB,Purple,USA,Male,3,879,2637,486.29,Apr-2026,2026
10830,2025-05-17,iPhone 16,512GB,Black,India,Female,1,1019,1019,189.56,May-2025,2025
10831,2026-08-11,iPhone 13,128GB,White,UAE,Male,3,609,1827,276.57,Aug-2026,2026
10832,2026-07-01,iPhone 16 Pro Max,128GB,Blue,UAE,Male,3,1179,3537,827.69,Jul-2026,2026
10833,2026-05-28,iPhone 16,128GB,Natural Titanium,India,Female,2,809,1618,316.07,May-2026,2026
10834,2025-10-23,iPhone 16,512GB,Purple,India,Male,2,1019,2038,397.15,Oct-2025,2025
10835,2025-11-16,iPhone 16,128GB,Black,India,Male,1,799,799,157.95,Nov-2025,2025
10836,2026-07-26,iPhone 16,128GB,Pink,Germany,Female,2,799,1598,277.93,Jul-2026,2026
10837,2025-12-15,iPhone 15,256GB,Purple,India,Female,2,899,1798,309.51,Dec-2025,2025
10838,2025-08-17,iPhone 15,128GB,Green,India,Female,1,779,779,150.94,Aug-2025,2025
10839,2025-09-27,iPhone 16,256GB,Pink,India,Male,1,869,869,188.78,Sep-2025,2025
10840,2025-10-18,iPhone 16 Pro,512GB,Pink,USA,Female,1,1309,1309,292.49,Oct-2025,2025
10841,2025-06-14,iPhone 13,128GB,Purple,UAE,Female,3,599,1797,304.2,Jun-2025,2025
10842,2025-01-05,iPhone 16,128GB,Blue,Australia,Male,2,819,1638,301.45,Jan-2025,2025
10843,2026-01-14,iPhone 16 Pro,128GB,Blue,India,Female,1,1109,1109,236.49,Jan-2026,2026
10844,2025-03-19,iPhone 15,128GB,Purple,UAE,Male,3,769,2307,423.29,Mar-2025,2025
10845,2026-02-14,iPhone 13,128GB,Purple,India,Female,2,609,1218,185.28,Feb-2026,2026
10846,2026-07-28,iPhone 15 Pro,256GB,Purple,Singapore,Female,4,1099,4396,903.77,Jul-2026,2026
10847,2025-05-12,iPhone 16,128GB,Natural Titanium,India,Female,1,769,769,155.1,May-2025,2025
10848,2026-08-24,iPhone 14,512GB,Natural Titanium,India,Male,2,869,1738,286.84,Aug-2026,2026
10849,2025-02-11,iPhone 15 Pro Max,128GB,Green,USA,Female,2,1209,2418,508.72,Feb-2025,2025
10850,2025-03-30,iPhone 16,128GB,White,India,Male,1,809,809,167.64,Mar-2025,2025
10851,2026-02-06,iPhone 16,128GB,Pink,India,Female,1,799,799,157.87,Feb-2026,2026
10852,2025-10-23,iPhone 15,256GB,Purple,UAE,Female,1,909,909,171.99,Oct-2025,2025
10853,2025-10-22,iPhone 15 Pro,128GB,Natural Titanium,UAE,Male,3,969,2907,619.58,Oct-2025,2025
10854,2026-06-10,iPhone 16 Pro,512GB,White,USA,Male,2,1319,2638,592.01,Jun-2026,2026
10855,2026-02-26,iPhone 16 Pro Max,256GB,Green,UAE,Female,2,1309,2618,608.18,Feb-2026,2026
10856,2025-01-23,iPhone 16 Pro,512GB,Pink,USA,Male,1,1319,1319,272.32,Jan-2025,2025
10857,2026-07-29,iPhone 16,256GB,White,UK,Female,1,919,919,161.58,Jul-2026,2026
10858,2025-05-23,iPhone 15 Pro Max,128GB,Pink,UK,Male,4,1199,4796,1067.2,May-2025,2025
10859,2025-05-25,iPhone 15 Pro,512GB,Blue,UAE,Female,1,1179,1179,254.48,May-2025,2025
10860,2025-08-13,iPhone 14,512GB,Purple,India,Male,2,919,1838,310.89,Aug-2025,2025
10861,2026-05-18,iPhone 14,1TB,Blue,India,Male,1,999,999,149.62,May-2026,2026
10862,2025-04-14,iPhone 16 Plus,128GB,Black,USA,Female,1,919,919,164.53,Apr-2025,2025
10863,2025-02-08,iPhone 15,256GB,Green,USA,Female,4,869,3476,622.02,Feb-2025,2025
10864,2025-07-17,iPhone 15,128GB,Purple,Canada,Male,5,799,3995,710.04,Jul-2025,2025
10865,2026-08-02,iPhone 16 Pro Max,128GB,White,India,Female,1,1199,1199,263.2,Aug-2026,2026
10866,2026-01-26,iPhone 15,256GB,Pink,India,Male,1,909,909,167.62,Jan-2026,2026
10867,2025-06-28,iPhone 14,1TB,Natural Titanium,India,Female,1,1019,1019,190.85,Jun-2025,2025
10868,2026-07-08,iPhone 14,256GB,Black,India,Male,1,809,809,145.22,Jul-2026,2026
10869,2026-03-24,iPhone 16,512GB,Green,UAE,Male,2,979,1958,366.33,Mar-2026,2026
10870,2026-05-15,iPhone 16,128GB,Green,USA,Male,2,809,1618,306.62,May-2026,2026
10871,2025-01-15,iPhone 15 Pro,128GB,Green,UAE,Male,3,999,2997,636.75,Jan-2025,2025
10872,2025-10-16,iPhone 16,256GB,White,USA,Female,2,899,1798,334.46,Oct-2025,2025
10873,2026-04-23,iPhone 16 Pro,128GB,Purple,Australia,Female,1,1079,1079,239.94,Apr-2026,2026
10874,2025-08-19,iPhone 16 Pro,512GB,Blue,Singapore,Male,3,1299,3897,853.07,Aug-2025,2025
10875,2026-02-24,iPhone 16 Pro Max,128GB,Black,UAE,Male,3,1199,3597,822.77,Feb-2026,2026
10876,2025-06-06,iPhone 16 Pro,128GB,White,Australia,Female,2,1099,2198,464.51,Jun-2025,2025
10877,2026-07-04,iPhone 16,256GB,Pink,USA,Male,4,909,3636,691.37,Jul-2026,2026
10878,2026-03-17,iPhone 15,128GB,White,Germany,Male,3,799,2397,436.37,Mar-2026,2026
10879,2025-04-07,iPhone 14,512GB,Pink,Australia,Male,2,879,1758,308.98,Apr-2025,2025
10880,2026-02-15,iPhone 13,128GB,Pink,Singapore,Male,4,599,2396,362.45,Feb-2026,2026
10881,2025-10-16,iPhone 16,128GB,Green,UK,Male,2,769,1538,303.66,Oct-2025,2025
10882,2025-09-11,iPhone 16 Pro,512GB,White,Canada,Female,2,1309,2618,584.69,Sep-2025,2025
10883,2025-07-15,iPhone 15 Pro Max,128GB,Blue,USA,Male,1,1199,1199,281.45,Jul-2025,2025
10884,2026-08-21,iPhone 13,512GB,Pink,India,Female,3,799,2397,379.15,Aug-2026,2026
10885,2026-06-06,iPhone 16,128GB,Natural Titanium,India,Male,1,809,809,154.53,Jun-2026,2026
10886,2026-06-01,iPhone 16 Pro Max,128GB,Green,Germany,Female,1,1219,1219,268.06,Jun-2026,2026
10887,2025-04-28,iPhone 16,1TB,Blue,India,Male,2,1099,2198,416.88,Apr-2025,2025
10888,2025-06-08,iPhone 16 Pro,512GB,White,UK,Female,2,1279,2558,558.97,Jun-2025,2025
10889,2025-08-16,iPhone 16 Pro,128GB,Blue,India,Male,2,1119,2238,494.18,Aug-2025,2025
10890,2025-08-04,iPhone 16 Pro Max,256GB,White,USA,Male,2,1319,2638,606.22,Aug-2025,2025
10891,2025-01-15,iPhone 16 Pro,512GB,Pink,Australia,Female,1,1319,1319,299.92,Jan-2025,2025
10892,2025-06-06,iPhone 16 Plus,128GB,Black,Australia,Male,3,869,2607,492.89,Jun-2025,2025
10893,2025-09-18,iPhone 15,128GB,Black,UK,Female,2,799,1598,302.92,Sep-2025,2025
10894,2025-06-06,iPhone 13,256GB,Purple,India,Female,3,709,2127,310.72,Jun-2025,2025
10895,2025-02-16,iPhone 16,128GB,Purple,USA,Male,1,799,799,167.33,Feb-2025,2025
10896,2025-11-20,iPhone 14,128GB,Pink,USA,Male,2,699,1398,221.12,Nov-2025,2025
10897,2025-05-10,iPhone 16 Pro Max,512GB,Blue,India,Male,2,1409,2818,658.01,May-2025,2025
10898,2026-02-15,iPhone 15,128GB,White,India,Female,1,819,819,155.53,Feb-2026,2026
10899,2025-04-05,iPhone 16 Pro,512GB,Black,USA,Male,3,1319,3957,857.67,Apr-2025,2025
10900,2025-10-19,iPhone 15 Pro,256GB,White,India,Female,1,1069,1069,239.17,Oct-2025,2025
10901,2025-10-10,iPhone 15 Pro,256GB,Pink,UAE,Female,2,1069,2138,434.76,Oct-2025,2025
10902,2025-03-10,iPhone 16 Pro Max,256GB,Blue,India,Male,2,1279,2558,572.5,Mar-2025,2025
10903,2025-01-11,iPhone 15 Pro,128GB,Natural Titanium,USA,Female,2,1009,2018,418.4,Jan-2025,2025
10904,2025-09-11,iPhone 15 Pro,128GB,White,India,Male,2,1009,2018,418.98,Sep-2025,2025
10905,2026-07-04,iPhone 14,128GB,Blue,Singapore,Male,1,699,699,111.56,Jul-2026,2026
10906,2025-05-14,iPhone 16 Plus,256GB,Natural Titanium,USA,Female,2,999,1998,380.46,May-2025,2025
10907,2025-01-23,iPhone 15,128GB,Black,India,Male,1,799,799,148.26,Jan-2025,2025
10908,2025-12-12,iPhone 16,128GB,White,USA,Male,1,769,769,145.15,Dec-2025,2025
10909,2025-10-29,iPhone 16,1TB,Green,Australia,Female,1,1079,1079,191.05,Oct-2025,2025
10910,2025-12-29,iPhone 16 Plus,1TB,Black,Canada,Female,1,1179,1179,213.78,Dec-2025,2025
10911,2026-01-31,iPhone 16 Plus,128GB,Blue,UAE,Male,2,919,1838,374.51,Jan-2026,2026
10912,2025-08-06,iPhone 16,128GB,Pink,India,Female,3,799,2397,442.83,Aug-2025,2025
10913,2025-05-21,iPhone 15 Pro,256GB,Green,UK,Male,2,1079,2158,441.03,May-2025,2025
10914,2025-07-29,iPhone 16 Pro,512GB,Purple,Canada,Female,1,1299,1299,267.16,Jul-2025,2025
10915,2026-04-05,iPhone 15 Pro,128GB,White,UK,Female,2,1009,2018,435.42,Apr-2026,2026
10916,2025-12-22,iPhone 15 Pro Max,128GB,Purple,Germany,Male,2,1199,2398,539.08,Dec-2025,2025
10917,2025-11-20,iPhone 15 Pro,512GB,Black,India,Male,1,1219,1219,260.76,Nov-2025,2025
10918,2025-05-13,iPhone 16 Pro,512GB,White,India,Female,1,1269,1269,294.62,May-2025,2025
10919,2025-05-07,iPhone 15 Pro Max,256GB,White,Australia,Female,2,1279,2558,554.08,May-2025,2025
10920,2025-04-16,iPhone 15 Pro,128GB,Green,UK,Male,1,1019,1019,200.14,Apr-2025,2025
10921,2026-08-27,iPhone 16 Plus,128GB,Green,India,Male,1,909,909,176.02,Aug-2026,2026
10922,2026-01-13,iPhone 16,256GB,Green,India,Male,1,899,899,176.49,Jan-2026,2026
10923,2025-02-20,iPhone 14,128GB,Green,Australia,Male,1,669,669,116.01,Feb-2025,2025
10924,2025-01-29,iPhone 15 Pro Max,128GB,Pink,India,Female,1,1169,1169,253.47,Jan-2025,2025
10925,2026-04-07,iPhone 16 Plus,128GB,Blue,India,Male,2,879,1758,346.36,Apr-2026,2026
10926,2025-10-23,iPhone 16 Pro Max,256GB,Green,India,Female,1,1309,1309,300.55,Oct-2025,2025
10927,2025-10-24,iPhone 16,256GB,Black,Germany,Female,1,899,899,173.85,Oct-2025,2025
10928,2026-02-11,iPhone 15 Pro,512GB,White,Germany,Female,1,1199,1199,251.44,Feb-2026,2026
10929,2026-02-09,iPhone 15,256GB,Purple,USA,Male,2,899,1798,317.73,Feb-2026,2026
10930,2025-12-12,iPhone 16 Pro,512GB,Green,USA,Female,3,1299,3897,844.58,Dec-2025,2025
10931,2026-02-24,iPhone 16 Pro,512GB,Black,India,Female,2,1279,2558,567.82,Feb-2026,2026
10932,2025-07-01,iPhone 15,128GB,Pink,India,Male,2,819,1638,268.88,Jul-2025,2025
10933,2025-01-01,iPhone 15,128GB,Black,Canada,Male,2,819,1638,287.22,Jan-2025,2025
10934,2026-07-21,iPhone 16 Plus,256GB,Purple,India,Female,1,1019,1019,187.61,Jul-2026,2026
10935,2026-01-06,iPhone 15 Pro,128GB,Purple,USA,Male,1,979,979,191.03,Jan-2026,2026
10936,2026-03-07,iPhone 15 Pro,512GB,Black,UK,Female,1,1209,1209,250.38,Mar-2026,2026
10937,2025-11-05,iPhone 15,128GB,Pink,India,Male,1,799,799,149.18,Nov-2025,2025
10938,2025-05-17,iPhone 15,128GB,Purple,USA,Male,1,779,779,141.76,May-2025,2025
10939,2025-07-21,iPhone 15 Pro Max,256GB,Pink,UK,Male,2,1299,2598,564.67,Jul-2025,2025
10940,2026-03-12,iPhone 16 Plus,256GB,White,UAE,Male,1,1019,1019,201.03,Mar-2026,2026
10941,2025-11-09,iPhone 15 Pro,256GB,Green,India,Male,4,1119,4476,943.12,Nov-2025,2025
10942,2025-04-27,iPhone 15 Pro,256GB,Purple,India,Male,3,1109,3327,684.93,Apr-2025,2025
10943,2026-07-29,iPhone 15,128GB,Black,UK,Male,5,799,3995,709.79,Jul-2026,2026
10944,2025-09-01,iPhone 15 Pro Max,128GB,Blue,Singapore,Male,1,1179,1179,242.44,Sep-2025,2025
10945,2026-06-21,iPhone 15,512GB,Blue,India,Male,3,1019,3057,546.07,Jun-2026,2026
10946,2026-08-25,iPhone 15 Pro Max,128GB,Natural Titanium,Singapore,Female,3,1209,3627,789.91,Aug-2026,2026
10947,2025-03-16,iPhone 16 Plus,128GB,White,UAE,Male,4,899,3596,680.49,Mar-2025,2025
10948,2026-01-21,iPhone 13,128GB,Blue,Canada,Female,2,619,1238,221.29,Jan-2026,2026
10949,2025-07-29,iPhone 13,128GB,White,India,Female,3,599,1797,267.89,Jul-2025,2025
10950,2026-04-20,iPhone 14,256GB,Green,India,Male,1,769,769,107.97,Apr-2026,2026
10951,2026-02-22,iPhone 16,256GB,Natural Titanium,India,Male,1,869,869,183.05,Feb-2026,2026
10952,2025-12-13,iPhone 16 Pro,256GB,White,India,Female,1,1219,1219,274.5,Dec-2025,2025
10953,2026-06-13,iPhone 13,256GB,Pink,Singapore,Female,4,699,2796,459.07,Jun-2026,2026
10954,2025-06-28,iPhone 16 Pro Max,128GB,Pink,India,Male,1,1219,1219,276.23,Jun-2025,2025
10955,2025-07-01,iPhone 14,128GB,Natural Titanium,UK,Female,1,669,669,121.99,Jul-2025,2025
10956,2025-01-25,iPhone 16 Pro,128GB,Pink,India,Male,4,1119,4476,983.21,Jan-2025,2025
10957,2025-06-29,iPhone 15 Pro Max,128GB,Purple,UAE,Male,1,1219,1219,278.58,Jun-2025,2025
10958,2026-05-16,iPhone 16,128GB,Pink,India,Male,3,799,2397,467.64,May-2026,2026
10959,2025-06-10,iPhone 16,128GB,Pink,India,Male,3,819,2457,477.91,Jun-2025,2025
10960,2025-06-26,iPhone 15 Pro Max,256GB,Pink,India,Female,1,1299,1299,277.93,Jun-2025,2025
10961,2025-10-12,iPhone 16 Pro,256GB,Pink,Canada,Female,1,1199,1199,264.89,Oct-2025,2025
10962,2025-03-04,iPhone 16 Plus,512GB,Purple,India,Female,2,1099,2198,406.12,Mar-2025,2025
10963,2025-06-05,iPhone 15 Pro Max,256GB,Pink,India,Male,5,1269,6345,1402.54,Jun-2025,2025
10964,2026-04-14,iPhone 14,128GB,Pink,India,Male,3,699,2097,360.56,Apr-2026,2026
10965,2025-02-18,iPhone 14,128GB,Green,Singapore,Male,1,719,719,103.11,Feb-2025,2025
10966,2025-03-25,iPhone 16 Pro,128GB,Purple,UK,Male,1,1069,1069,240.69,Mar-2025,2025
10967,2025-12-27,iPhone 16,128GB,Pink,UAE,Male,1,799,799,157.04,Dec-2025,2025
10968,2025-05-28,iPhone 15 Pro Max,128GB,White,UK,Female,2,1199,2398,534.37,May-2025,2025
10969,2025-12-08,iPhone 16 Plus,128GB,Natural Titanium,India,Male,1,909,909,173.27,Dec-2025,2025
10970,2026-04-21,iPhone 16 Pro,256GB,Green,UK,Female,1,1179,1179,266.16,Apr-2026,2026
10971,2025-03-04,iPhone 16,256GB,Purple,India,Female,2,919,1838,352.99,Mar-2025,2025
10972,2025-12-26,iPhone 16 Pro,256GB,Blue,USA,Female,1,1179,1179,248.69,Dec-2025,2025
10973,2026-07-15,iPhone 16 Pro,128GB,Black,UK,Female,1,1099,1099,249.35,Jul-2026,2026
10974,2025-11-23,iPhone 15 Pro,256GB,Purple,USA,Male,3,1069,3207,662.04,Nov-2025,2025
10975,2025-05-21,iPhone 15,256GB,Natural Titanium,India,Male,2,879,1758,303.62,May-2025,2025
10976,2025-08-03,iPhone 16 Pro,256GB,Green,India,Female,2,1199,2398,530.1,Aug-2025,2025
10977,2026-03-11,iPhone 15 Pro,128GB,Pink,Canada,Female,2,999,1998,387.59,Mar-2026,2026
10978,2025-11-14,iPhone 16 Pro Max,256GB,Green,UAE,Male,2,1279,2558,580.33,Nov-2025,2025
10979,2025-02-01,iPhone 13,256GB,Black,India,Female,2,669,1338,210.32,Feb-2025,2025
10980,2025-10-12,iPhone 13,128GB,Black,India,Female,3,609,1827,308.21,Oct-2025,2025
10981,2025-11-01,iPhone 16 Pro Max,128GB,Purple,Germany,Male,2,1209,2418,553.55,Nov-2025,2025
10982,2026-03-05,iPhone 16,128GB,Pink,Canada,Male,2,779,1558,319.13,Mar-2026,2026
10983,2026-04-22,iPhone 15 Pro,256GB,Pink,Singapore,Female,2,1109,2218,447.91,Apr-2026,2026
10984,2025-10-13,iPhone 16 Plus,256GB,White,India,Male,2,999,1998,385.28,Oct-2025,2025
10985,2025-05-24,iPhone 16 Plus,128GB,Black,USA,Male,1,919,919,182.4,May-2025,2025
10986,2026-02-28,iPhone 16,128GB,Pink,India,Male,1,769,769,135.07,Feb-2026,2026
10987,2025-01-19,iPhone 14,512GB,Black,UK,Female,2,899,1798,304.58,Jan-2025,2025
10988,2025-01-18,iPhone 16 Pro,128GB,White,India,Female,1,1069,1069,233.92,Jan-2025,2025
10989,2026-08-13,iPhone 16 Pro,128GB,Blue,India,Male,1,1099,1099,254.82,Aug-2026,2026
10990,2026-01-06,iPhone 15,128GB,Black,India,Male,3,809,2427,419.56,Jan-2026,2026
10991,2025-06-24,iPhone 16 Pro,256GB,White,UAE,Male,1,1199,1199,286.33,Jun-2025,2025
10992,2025-07-13,iPhone 16 Pro,256GB,White,USA,Male,2,1199,2398,504.76,Jul-2025,2025
10993,2026-05-17,iPhone 16,128GB,Natural Titanium,UK,Male,2,809,1618,312.51,May-2026,2026
10994,2025-04-23,iPhone 16,1TB,White,Australia,Male,1,1099,1099,198.33,Apr-2025,2025
10995,2025-04-24,iPhone 15 Pro,256GB,Green,UAE,Male,1,1079,1079,232.31,Apr-2025,2025
10996,2025-08-10,iPhone 15,128GB,Purple,USA,Female,1,769,769,130.49,Aug-2025,2025
10997,2025-09-21,iPhone 16 Plus,256GB,Pink,Singapore,Male,1,1019,1019,209.76,Sep-2025,2025
10998,2025-02-24,iPhone 16 Pro,128GB,Black,USA,Male,1,1119,1119,247.39,Feb-2025,2025
10999,2026-04-03,iPhone 16,256GB,Purple,India,Male,1,899,899,165.78,Apr-2026,2026
11000,2025-06-11,iPhone 16,128GB,Green,Singapore,Female,2,809,1618,293.97,Jun-2025,2025
11001,2026-01-15,iPhone 15,256GB,Black,India,Male,1,899,899,166.47,Jan-2026,2026
11002,2025-03-28,iPhone 13,128GB,Purple,USA,Male,3,569,1707,278.52,Mar-2025,2025
11003,2025-02-24,iPhone 15 Pro Max,512GB,Green,India,Female,2,1419,2838,620.0,Feb-2025,2025
11004,2026-04-21,iPhone 13,128GB,Pink,USA,Female,1,599,599,96.19,Apr-2026,2026
11005,2025-06-27,iPhone 16,256GB,White,USA,Female,1,899,899,174.2,Jun-2025,2025
11006,2026-01-26,iPhone 15 Pro,128GB,Purple,India,Male,1,999,999,217.48,Jan-2026,2026
11007,2025-12-15,iPhone 16 Plus,512GB,Purple,USA,Male,4,1099,4396,823.26,Dec-2025,2025
11008,2025-01-08,iPhone 15 Pro,256GB,Black,UAE,Female,3,1099,3297,686.84,Jan-2025,2025
11009,2025-11-09,iPhone 16,128GB,White,India,Male,1,799,799,159.14,Nov-2025,2025
11010,2026-03-19,iPhone 16,512GB,Natural Titanium,USA,Male,2,979,1958,370.75,Mar-2026,2026
11011,2025-11-24,iPhone 13,128GB,Pink,India,Female,5,609,3045,464.68,Nov-2025,2025
11012,2025-02-23,iPhone 14,256GB,Black,Canada,Female,2,809,1618,294.17,Feb-2025,2025
11013,2025-08-27,iPhone 15 Pro,256GB,Blue,UAE,Female,2,1119,2238,480.14,Aug-2025,2025
11014,2025-08-17,iPhone 16 Pro,128GB,Blue,Australia,Female,1,1069,1069,214.19,Aug-2025,2025
11015,2026-08-02,iPhone 14,1TB,Blue,India,Female,1,999,999,161.95,Aug-2026,2026
11016,2025-02-20,iPhone 16 Plus,128GB,Pink,India,Female,2,899,1798,360.49,Feb-2025,2025
11017,2026-08-27,iPhone 16 Pro Max,128GB,Blue,India,Male,3,1199,3597,832.78,Aug-2026,2026
11018,2025-09-21,iPhone 16 Pro,512GB,Purple,India,Female,2,1269,2538,541.05,Sep-2025,2025
11019,2026-02-22,iPhone 15,256GB,Natural Titanium,USA,Male,1,899,899,138.32,Feb-2026,2026
11020,2025-04-06,iPhone 16 Pro Max,128GB,Black,Singapore,Female,4,1179,4716,1063.53,Apr-2025,2025
11021,2025-03-29,iPhone 14,128GB,Natural Titanium,India,Male,3,669,2007,335.3,Mar-2025,2025
11022,2025-03-19,iPhone 15 Pro Max,256GB,Natural Titanium,Singapore,Male,1,1309,1309,296.01,Mar-2025,2025
11023,2025-10-15,iPhone 16 Pro,128GB,Natural Titanium,India,Female,1,1109,1109,225.56,Oct-2025,2025
11024,2025-04-30,iPhone 16,512GB,Purple,Germany,Male,2,979,1958,378.86,Apr-2025,2025
11025,2026-05-06,iPhone 15 Pro Max,256GB,Blue,India,Female,1,1309,1309,277.44,May-2026,2026
11026,2026-03-28,iPhone 15 Pro,128GB,Natural Titanium,Germany,Female,1,1019,1019,191.69,Mar-2026,2026
11027,2026-05-15,iPhone 15 Pro,128GB,Natural Titanium,India,Male,1,979,979,201.41,May-2026,2026
11028,2025-06-14,iPhone 15 Pro Max,256GB,Black,Germany,Male,4,1309,5236,1175.6,Jun-2025,2025
11029,2025-07-01,iPhone 15 Pro,128GB,Purple,India,Male,3,1009,3027,651.79,Jul-2025,2025
11030,2026-04-14,iPhone 16 Pro Max,256GB,Pink,India,Female,1,1319,1319,297.38,Apr-2026,2026
11031,2025-01-07,iPhone 16 Pro Max,1TB,White,USA,Male,3,1499,4497,1036.8,Jan-2025,2025
11032,2025-11-26,iPhone 16 Pro,256GB,Purple,USA,Male,2,1169,2338,507.38,Nov-2025,2025
11033,2025-05-31,iPhone 15 Pro Max,128GB,Green,UAE,Male,1,1209,1209,242.35,May-2025,2025
11034,2025-03-26,iPhone 16 Plus,128GB,Blue,Singapore,Female,3,869,2607,488.02,Mar-2025,2025
11035,2025-05-27,iPhone 16 Pro Max,256GB,Green,UK,Female,2,1269,2538,591.4,May-2025,2025
11036,2026-01-16,iPhone 16 Pro,256GB,White,UAE,Male,3,1209,3627,783.82,Jan-2026,2026
11037,2026-07-02,iPhone 15 Pro Max,256GB,Pink,India,Female,1,1269,1269,292.03,Jul-2026,2026
11038,2025-10-12,iPhone 14,128GB,Purple,UK,Female,2,719,1438,257.83,Oct-2025,2025
11039,2025-03-23,iPhone 14,512GB,Pink,USA,Female,1,879,879,144.02,Mar-2025,2025
11040,2026-05-29,iPhone 16,128GB,White,Australia,Male,1,819,819,156.94,May-2026,2026
11041,2026-06-07,iPhone 16,256GB,Green,USA,Female,2,899,1798,357.24,Jun-2026,2026
11042,2026-01-21,iPhone 16 Pro,256GB,Purple,UAE,Male,4,1179,4716,1041.88,Jan-2026,2026
11043,2026-04-16,iPhone 15 Pro,256GB,Blue,India,Female,2,1109,2218,483.29,Apr-2026,2026
11044,2025-04-29,iPhone 15,128GB,Black,India,Female,1,779,779,119.17,Apr-2025,2025
11045,2026-01-31,iPhone 15 Pro,256GB,Natural Titanium,India,Female,1,1119,1119,228.01,Jan-2026,2026
11046,2026-06-16,iPhone 15 Pro,128GB,Pink,India,Male,3,999,2997,625.44,Jun-2026,2026
11047,2025-09-18,iPhone 14,256GB,White,India,Female,1,779,779,147.35,Sep-2025,2025
11048,2025-09-13,iPhone 16 Plus,128GB,Purple,India,Male,1,869,869,165.12,Sep-2025,2025
11049,2025-08-14,iPhone 15 Pro Max,128GB,Green,Australia,Male,3,1209,3627,789.08,Aug-2025,2025
11050,2025-02-22,iPhone 16 Plus,128GB,Blue,India,Male,4,869,3476,659.11,Feb-2025,2025
11051,2026-05-15,iPhone 15 Pro,512GB,Green,Australia,Female,2,1169,2338,497.22,May-2026,2026
11052,2026-05-21,iPhone 15 Pro,256GB,Blue,India,Male,1,1109,1109,229.1,May-2026,2026
11053,2025-12-30,iPhone 15 Pro Max,256GB,Purple,India,Male,1,1309,1309,298.04,Dec-2025,2025
11054,2025-10-07,iPhone 16 Pro,256GB,Black,UK,Male,3,1199,3597,792.74,Oct-2025,2025
11055,2026-08-16,iPhone 13,512GB,Black,USA,Female,4,799,3196,507.73,Aug-2026,2026
11056,2025-06-07,iPhone 16 Pro,128GB,Natural Titanium,USA,Female,5,1069,5345,1190.05,Jun-2025,2025
11057,2025-02-28,iPhone 15 Pro,256GB,White,UK,Female,2,1119,2238,487.24,Feb-2025,2025
11058,2025-05-08,iPhone 16 Pro,256GB,White,India,Male,3,1169,3507,785.56,May-2025,2025
11059,2025-04-25,iPhone 16 Pro,128GB,Blue,UAE,Female,1,1109,1109,234.3,Apr-2025,2025
11060,2025-07-28,iPhone 15 Pro,128GB,Blue,USA,Female,1,1009,1009,226.19,Jul-2025,2025
11061,2026-06-10,iPhone 16 Plus,128GB,Blue,India,Female,1,879,879,179.03,Jun-2026,2026
11062,2026-06-05,iPhone 15,128GB,Blue,Canada,Female,5,769,3845,678.36,Jun-2026,2026
11063,2026-07-06,iPhone 16 Pro,128GB,Natural Titanium,UAE,Female,1,1069,1069,231.16,Jul-2026,2026
11064,2025-08-25,iPhone 15 Pro,128GB,Purple,USA,Female,1,1009,1009,226.82,Aug-2025,2025
11065,2025-10-08,iPhone 15 Pro Max,256GB,Purple,Australia,Male,4,1319,5276,1172.18,Oct-2025,2025
11066,2025-12-25,iPhone 16 Plus,128GB,Black,Germany,Male,1,919,919,168.31,Dec-2025,2025
11067,2025-07-20,iPhone 16 Pro,128GB,White,USA,Female,1,1069,1069,222.13,Jul-2025,2025
11068,2025-10-05,iPhone 15,512GB,Natural Titanium,India,Female,2,999,1998,375.24,Oct-2025,2025
11069,2025-08-23,iPhone 16,256GB,White,Germany,Female,2,899,1798,348.37,Aug-2025,2025
11070,2026-05-09,iPhone 15 Pro,128GB,Pink,India,Male,1,1009,1009,212.32,May-2026,2026
11071,2025-01-04,iPhone 15 Pro,256GB,White,India,Male,4,1109,4436,921.94,Jan-2025,2025
11072,2026-03-18,iPhone 16 Plus,128GB,White,India,Female,1,869,869,173.75,Mar-2026,2026
11073,2025-01-29,iPhone 15 Pro,128GB,Green,UAE,Female,4,1019,4076,843.53,Jan-2025,2025
11074,2025-04-19,iPhone 15 Pro,128GB,Green,Germany,Female,3,999,2997,618.52,Apr-2025,2025
11075,2025-03-16,iPhone 16 Pro,1TB,Natural Titanium,UK,Male,1,1399,1399,312.6,Mar-2025,2025
11076,2025-05-26,iPhone 14,256GB,Pink,Singapore,Male,3,819,2457,429.56,May-2025,2025
11077,2025-05-08,iPhone 16 Plus,256GB,Blue,India,Male,1,1009,1009,193.42,May-2025,2025
11078,2025-02-11,iPhone 15,1TB,Pink,India,Male,1,1109,1109,195.27,Feb-2025,2025
11079,2025-12-22,iPhone 13,512GB,Pink,UK,Male,4,809,3236,528.4,Dec-2025,2025
11080,2025-02-10,iPhone 15,256GB,Black,Singapore,Female,1,899,899,147.96,Feb-2025,2025
11081,2025-02-03,iPhone 16,256GB,Purple,USA,Female,1,869,869,153.7,Feb-2025,2025
11082,2025-01-17,iPhone 16 Plus,128GB,White,India,Male,1,899,899,183.85,Jan-2025,2025
11083,2025-06-02,iPhone 13,128GB,Black,India,Female,1,609,609,83.26,Jun-2025,2025
11084,2026-01-13,iPhone 13,256GB,Natural Titanium,India,Female,3,699,2097,314.11,Jan-2026,2026
11085,2026-08-11,iPhone 16 Pro Max,256GB,Purple,India,Female,4,1269,5076,1155.63,Aug-2026,2026
11086,2026-08-22,iPhone 14,1TB,Natural Titanium,India,Female,2,969,1938,342.51,Aug-2026,2026
11087,2025-12-08,iPhone 16 Pro,128GB,White,Germany,Male,1,1119,1119,256.9,Dec-2025,2025
11088,2025-01-27,iPhone 15,256GB,Natural Titanium,USA,Male,2,909,1818,309.68,Jan-2025,2025
11089,2025-10-14,iPhone 16 Plus,256GB,Pink,UAE,Male,1,1009,1009,181.87,Oct-2025,2025
11090,2025-06-17,iPhone 15 Pro,128GB,White,India,Female,1,1009,1009,194.03,Jun-2025,2025
11091,2025-09-25,iPhone 16 Pro,256GB,Blue,India,Female,1,1209,1209,273.62,Sep-2025,2025
11092,2026-03-31,iPhone 16 Plus,256GB,Blue,UK,Male,1,1009,1009,177.03,Mar-2026,2026
11093,2026-02-05,iPhone 15 Pro,128GB,Pink,Australia,Female,2,1009,2018,429.19,Feb-2026,2026
11094,2026-04-21,iPhone 14,256GB,Natural Titanium,USA,Male,4,769,3076,520.44,Apr-2026,2026
11095,2026-07-12,iPhone 16 Plus,128GB,Green,Australia,Female,2,899,1798,342.75,Jul-2026,2026
11096,2026-07-30,iPhone 16,128GB,Blue,Canada,Male,2,799,1598,283.49,Jul-2026,2026
11097,2025-05-10,iPhone 13,256GB,Pink,India,Male,1,709,709,124.15,May-2025,2025
11098,2025-12-29,iPhone 13,128GB,Black,India,Male,3,599,1797,306.08,Dec-2025,2025
11099,2025-10-19,iPhone 16 Pro,128GB,Green,UK,Male,4,1119,4476,1002.48,Oct-2025,2025
11100,2026-01-06,iPhone 15,128GB,Blue,USA,Female,4,769,3076,554.45,Jan-2026,2026
11101,2025-01-29,iPhone 16,128GB,Pink,India,Male,1,799,799,127.22,Jan-2025,2025
11102,2025-05-29,iPhone 15 Pro Max,128GB,Pink,USA,Female,2,1169,2338,510.01,May-2025,2025
11103,2025-10-23,iPhone 16 Pro,128GB,Black,USA,Male,2,1079,2158,477.98,Oct-2025,2025
11104,2025-01-11,iPhone 16 Pro Max,256GB,Black,Germany,Male,1,1299,1299,300.38,Jan-2025,2025
11105,2026-05-27,iPhone 16 Pro Max,512GB,Green,India,Female,5,1379,6895,1567.3,May-2026,2026
11106,2025-04-23,iPhone 15,128GB,Purple,India,Female,1,769,769,146.96,Apr-2025,2025
11107,2025-07-06,iPhone 16 Pro,128GB,Blue,USA,Male,1,1119,1119,255.43,Jul-2025,2025
11108,2025-08-15,iPhone 15,128GB,Pink,UAE,Female,2,779,1558,289.72,Aug-2025,2025
11109,2025-11-06,iPhone 16,128GB,Green,UK,Female,1,769,769,137.51,Nov-2025,2025
11110,2025-04-08,iPhone 15 Pro Max,256GB,Natural Titanium,Germany,Male,4,1279,5116,1108.13,Apr-2025,2025
11111,2025-02-24,iPhone 13,512GB,Green,Canada,Female,1,769,769,117.17,Feb-2025,2025
11112,2026-02-10,iPhone 16 Pro Max,512GB,Natural Titanium,USA,Male,1,1399,1399,335.92,Feb-2026,2026
11113,2025-03-10,iPhone 14,128GB,Black,India,Male,2,719,1438,232.84,Mar-2025,2025
11114,2025-11-08,iPhone 16 Plus,512GB,Pink,USA,Female,1,1099,1099,198.39,Nov-2025,2025
11115,2025-10-16,iPhone 16 Pro,128GB,White,UAE,Male,3,1099,3297,712.61,Oct-2025,2025
11116,2026-07-02,iPhone 16 Pro,256GB,Purple,Australia,Male,3,1169,3507,766.5,Jul-2026,2026
11117,2025-05-28,iPhone 14,256GB,Purple,Singapore,Male,1,799,799,140.81,May-2025,2025
11118,2026-04-12,iPhone 15 Pro Max,256GB,Black,UK,Female,4,1279,5116,1133.65,Apr-2026,2026
11119,2025-09-01,iPhone 16 Pro,128GB,Natural Titanium,USA,Female,2,1079,2158,459.62,Sep-2025,2025
11120,2026-05-06,iPhone 15 Pro,128GB,Pink,India,Male,2,979,1958,423.32,May-2026,2026
11121,2026-05-22,iPhone 15 Pro Max,256GB,Green,India,Female,4,1319,5276,1174.55,May-2026,2026
11122,2025-12-31,iPhone 15,128GB,Purple,India,Male,2,779,1558,277.01,Dec-2025,2025
11123,2026-04-27,iPhone 15 Pro Max,128GB,Green,India,Female,1,1199,1199,247.14,Apr-2026,2026
11124,2025-07-20,iPhone 16 Pro,256GB,Blue,USA,Female,1,1199,1199,278.86,Jul-2025,2025
11125,2025-06-03,iPhone 15 Pro Max,128GB,White,India,Female,2,1179,2358,523.26,Jun-2025,2025
11126,2026-03-26,iPhone 16,256GB,Black,UK,Male,5,899,4495,876.9,Mar-2026,2026
11127,2026-05-16,iPhone 15 Pro,128GB,Natural Titanium,USA,Female,1,969,969,186.22,May-2026,2026
11128,2025-03-14,iPhone 15 Pro Max,512GB,Purple,UK,Male,1,1369,1369,304.67,Mar-2025,2025
11129,2025-10-23,iPhone 13,128GB,Blue,USA,Female,2,619,1238,215.69,Oct-2025,2025
11130,2025-01-17,iPhone 15,512GB,Blue,India,Male,2,979,1958,358.02,Jan-2025,2025
11131,2025-08-05,iPhone 15 Pro Max,128GB,White,Singapore,Male,1,1209,1209,239.76,Aug-2025,2025
11132,2025-03-02,iPhone 16,256GB,Black,India,Male,3,919,2757,498.77,Mar-2025,2025
11133,2025-02-11,iPhone 15 Pro Max,512GB,Black,Germany,Male,3,1399,4197,944.91,Feb-2025,2025
11134,2025-01-25,iPhone 15 Pro,128GB,Green,India,Female,2,1019,2038,420.59,Jan-2025,2025
11135,2025-02-08,iPhone 15 Pro,128GB,Black,USA,Female,1,979,979,211.32,Feb-2025,2025
11136,2025-05-11,iPhone 15,128GB,Blue,India,Male,2,799,1598,272.04,May-2025,2025
11137,2026-05-13,iPhone 16 Pro Max,128GB,Green,India,Male,1,1179,1179,264.34,May-2026,2026
11138,2025-08-17,iPhone 16,256GB,Black,USA,Male,2,899,1798,353.07,Aug-2025,2025
11139,2025-04-18,iPhone 13,128GB,Natural Titanium,UAE,Female,1,609,609,100.83,Apr-2025,2025
11140,2025-06-21,iPhone 13,512GB,Natural Titanium,India,Male,2,809,1618,253.48,Jun-2025,2025
11141,2026-03-11,iPhone 16 Pro Max,256GB,White,UK,Male,1,1319,1319,312.95,Mar-2026,2026
11142,2026-04-23,iPhone 15,128GB,Blue,India,Male,3,769,2307,414.59,Apr-2026,2026
11143,2025-04-12,iPhone 16 Pro,512GB,Pink,USA,Female,3,1319,3957,882.56,Apr-2025,2025
11144,2026-06-08,iPhone 13,128GB,White,Germany,Male,5,579,2895,458.05,Jun-2026,2026
11145,2025-10-02,iPhone 16 Pro Max,128GB,White,Australia,Male,1,1209,1209,281.6,Oct-2025,2025
11146,2025-02-13,iPhone 16 Pro,128GB,Black,USA,Female,1,1109,1109,267.97,Feb-2025,2025
11147,2025-01-17,iPhone 16,256GB,Green,India,Male,1,919,919,176.5,Jan-2025,2025
11148,2025-11-26,iPhone 13,128GB,Green,India,Male,1,579,579,100.96,Nov-2025,2025
11149,2026-07-23,iPhone 15,256GB,Natural Titanium,Singapore,Male,1,919,919,144.45,Jul-2026,2026
11150,2026-05-12,iPhone 15 Pro,128GB,Blue,India,Female,2,1019,2038,429.74,May-2026,2026
11151,2025-01-12,iPhone 15 Pro Max,1TB,Black,Canada,Male,2,1519,3038,670.82,Jan-2025,2025
11152,2025-11-14,iPhone 15 Pro,256GB,Green,India,Male,1,1079,1079,212.05,Nov-2025,2025
11153,2026-08-15,iPhone 13,128GB,Natural Titanium,Singapore,Male,1,569,569,87.79,Aug-2026,2026
11154,2025-08-04,iPhone 16,256GB,Purple,India,Female,2,909,1818,341.94,Aug-2025,2025
11155,2025-12-05,iPhone 16,256GB,Pink,India,Male,1,899,899,157.49,Dec-2025,2025
11156,2025-03-22,iPhone 15,128GB,Purple,UK,Female,3,779,2337,414.57,Mar-2025,2025
11157,2026-04-30,iPhone 13,128GB,Black,Singapore,Female,1,579,579,117.99,Apr-2026,2026
11158,2026-01-09,iPhone 16 Pro Max,128GB,Black,Singapore,Female,1,1179,1179,271.44,Jan-2026,2026
11159,2025-07-19,iPhone 15 Pro Max,512GB,Green,UAE,Female,1,1419,1419,315.93,Jul-2025,2025
11160,2026-06-21,iPhone 16 Plus,256GB,White,UAE,Male,1,1019,1019,216.24,Jun-2026,2026
11161,2026-04-11,iPhone 15 Pro Max,128GB,Black,UK,Male,3,1179,3537,748.27,Apr-2026,2026
11162,2025-03-30,iPhone 13,128GB,White,UAE,Male,1,609,609,123.29,Mar-2025,2025
11163,2025-09-25,iPhone 15 Pro,128GB,Blue,Australia,Female,2,999,1998,428.53,Sep-2025,2025
11164,2026-07-25,iPhone 15 Pro,256GB,Natural Titanium,USA,Female,1,1069,1069,209.71,Jul-2026,2026
11165,2026-05-04,iPhone 16 Pro,256GB,Blue,UK,Female,2,1199,2398,512.68,May-2026,2026
11166,2026-06-22,iPhone 16,1TB,Green,USA,Male,4,1109,4436,852.41,Jun-2026,2026
11167,2025-02-16,iPhone 15,128GB,Blue,UK,Female,3,809,2427,446.17,Feb-2025,2025
11168,2025-10-15,iPhone 16 Pro Max,128GB,Purple,Germany,Female,1,1199,1199,280.98,Oct-2025,2025
11169,2025-01-16,iPhone 15 Pro,128GB,Purple,India,Female,3,999,2997,618.0,Jan-2025,2025
11170,2026-02-05,iPhone 16 Pro Max,512GB,Purple,India,Female,1,1379,1379,319.99,Feb-2026,2026
11171,2025-03-27,iPhone 16 Pro Max,128GB,Green,USA,Female,1,1199,1199,268.04,Mar-2025,2025
11172,2025-09-07,iPhone 15,128GB,Green,India,Male,2,809,1618,287.96,Sep-2025,2025
11173,2026-01-26,iPhone 15 Pro,256GB,Purple,USA,Male,4,1109,4436,919.72,Jan-2026,2026
11174,2025-12-01,iPhone 15 Pro Max,128GB,White,Germany,Male,1,1169,1169,249.05,Dec-2025,2025
11175,2026-06-03,iPhone 16,128GB,Purple,UK,Male,3,799,2397,430.18,Jun-2026,2026
11176,2025-05-17,iPhone 16,256GB,White,Australia,Male,1,899,899,188.85,May-2025,2025
11177,2026-05-13,iPhone 16 Pro Max,128GB,Blue,India,Female,1,1209,1209,267.95,May-2026,2026
11178,2026-04-22,iPhone 16 Plus,128GB,White,Germany,Female,3,899,2697,528.89,Apr-2026,2026
11179,2026-08-17,iPhone 15,128GB,Black,UK,Male,2,779,1558,274.98,Aug-2026,2026
11180,2025-08-11,iPhone 14,128GB,Pink,India,Male,1,669,669,106.59,Aug-2025,2025
11181,2026-01-07,iPhone 16 Plus,128GB,Black,UK,Male,2,909,1818,320.38,Jan-2026,2026
11182,2026-02-06,iPhone 15,512GB,Black,Singapore,Male,3,1019,3057,573.13,Feb-2026,2026
11183,2026-03-19,iPhone 16 Pro,128GB,Green,India,Male,2,1069,2138,482.95,Mar-2026,2026
11184,2026-05-05,iPhone 15 Pro,256GB,Pink,UK,Female,1,1119,1119,223.63,May-2026,2026
11185,2025-09-30,iPhone 15 Pro,128GB,Green,Germany,Male,1,979,979,216.63,Sep-2025,2025
11186,2026-06-10,iPhone 13,128GB,White,India,Male,4,569,2276,377.01,Jun-2026,2026
11187,2025-06-08,iPhone 16 Plus,128GB,Purple,UK,Male,2,919,1838,351.67,Jun-2025,2025
11188,2025-06-01,iPhone 14,128GB,Natural Titanium,USA,Female,2,699,1398,239.74,Jun-2025,2025
11189,2025-07-07,iPhone 16 Pro,128GB,Natural Titanium,India,Female,3,1109,3327,731.79,Jul-2025,2025
11190,2025-04-08,iPhone 15 Pro Max,128GB,Natural Titanium,UK,Male,1,1169,1169,247.79,Apr-2025,2025
11191,2025-05-11,iPhone 16 Pro,256GB,White,India,Female,2,1199,2398,522.74,May-2025,2025
11192,2025-06-20,iPhone 16,128GB,Pink,UAE,Female,1,809,809,142.11,Jun-2025,2025
11193,2025-07-02,iPhone 14,1TB,Blue,India,Male,1,969,969,177.14,Jul-2025,2025
11194,2025-12-30,iPhone 16 Pro,128GB,White,India,Male,1,1109,1109,263.89,Dec-2025,2025
11195,2025-02-08,iPhone 13,128GB,Black,USA,Male,3,619,1857,301.47,Feb-2025,2025
11196,2026-06-11,iPhone 15 Pro Max,128GB,Pink,India,Male,1,1169,1169,250.89,Jun-2026,2026
11197,2026-05-12,iPhone 15,128GB,Pink,India,Female,1,769,769,133.07,May-2026,2026
11198,2026-05-31,iPhone 16 Plus,256GB,White,Australia,Male,1,999,999,194.06,May-2026,2026
11199,2025-12-15,iPhone 16 Pro Max,256GB,White,Germany,Male,1,1269,1269,298.58,Dec-2025,2025
11200,2026-02-01,iPhone 16,128GB,Green,Australia,Male,1,799,799,153.55,Feb-2026,2026
11201,2025-06-10,iPhone 16,128GB,Green,USA,Male,3,799,2397,446.79,Jun-2025,2025
11202,2025-01-16,iPhone 16 Pro,256GB,Black,Australia,Female,1,1199,1199,277.84,Jan-2025,2025
11203,2026-05-08,iPhone 13,128GB,Pink,Germany,Male,1,619,619,100.55,May-2026,2026
11204,2026-03-02,iPhone 16 Pro Max,128GB,Natural Titanium,USA,Male,2,1199,2398,557.07,Mar-2026,2026
11205,2025-04-18,iPhone 15,128GB,Blue,India,Female,2,779,1558,255.18,Apr-2025,2025
11206,2026-03-26,iPhone 16 Pro Max,128GB,Blue,India,Male,2,1199,2398,548.93,Mar-2026,2026
11207,2025-11-07,iPhone 16 Plus,128GB,Pink,USA,Male,1,869,869,173.64,Nov-2025,2025
11208,2025-06-19,iPhone 16 Pro,512GB,Black,Germany,Male,3,1309,3927,849.12,Jun-2025,2025
11209,2026-06-30,iPhone 16,256GB,Natural Titanium,UK,Male,1,899,899,149.85,Jun-2026,2026
11210,2026-02-18,iPhone 15 Pro Max,256GB,Green,UAE,Male,2,1299,2598,585.14,Feb-2026,2026
11211,2025-09-08,iPhone 16,128GB,Green,India,Male,1,799,799,153.32,Sep-2025,2025
11212,2025-05-21,iPhone 13,256GB,Green,India,Male,1,709,709,115.85,May-2025,2025
11213,2025-10-01,iPhone 16,256GB,Blue,USA,Female,3,899,2697,517.26,Oct-2025,2025
11214,2026-02-20,iPhone 16,256GB,Blue,Singapore,Male,1,919,919,177.71,Feb-2026,2026
11215,2026-08-31,iPhone 16 Pro,128GB,Black,India,Female,1,1079,1079,201.66,Aug-2026,2026
11216,2025-02-08,iPhone 15 Pro Max,1TB,Blue,Australia,Male,2,1469,2938,641.48,Feb-2025,2025
11217,2025-01-29,iPhone 14,128GB,White,India,Female,2,719,1438,242.74,Jan-2025,2025
11218,2026-04-22,iPhone 15 Pro,512GB,Blue,UK,Female,2,1199,2398,505.52,Apr-2026,2026
11219,2025-11-14,iPhone 16,128GB,Green,UK,Male,2,769,1538,292.54,Nov-2025,2025
11220,2025-09-02,iPhone 15,128GB,Black,Australia,Female,2,799,1598,282.48,Sep-2025,2025
11221,2025-09-29,iPhone 15,128GB,Pink,India,Female,2,819,1638,305.41,Sep-2025,2025
11222,2026-03-16,iPhone 16 Pro,256GB,Pink,India,Male,4,1179,4716,1034.1,Mar-2026,2026
11223,2025-08-27,iPhone 16,128GB,Black,India,Female,2,799,1598,305.84,Aug-2025,2025
11224,2026-01-12,iPhone 15 Pro Max,512GB,White,Germany,Male,2,1399,2798,634.71,Jan-2026,2026
11225,2025-09-23,iPhone 15 Pro,512GB,Pink,India,Male,1,1219,1219,238.73,Sep-2025,2025
11226,2025-12-25,iPhone 16 Plus,256GB,Green,India,Female,3,979,2937,530.83,Dec-2025,2025
11227,2025-12-06,iPhone 15,256GB,Pink,USA,Male,1,919,919,169.53,Dec-2025,2025
11228,2026-01-24,iPhone 16 Plus,256GB,Pink,USA,Female,2,999,1998,386.67,Jan-2026,2026
11229,2026-07-31,iPhone 14,256GB,Green,Australia,Female,1,799,799,161.96,Jul-2026,2026
11230,2025-01-03,iPhone 16 Pro,128GB,Blue,Germany,Female,2,1069,2138,470.75,Jan-2025,2025
11231,2026-03-05,iPhone 15 Pro Max,256GB,White,USA,Male,1,1319,1319,288.07,Mar-2026,2026
11232,2025-05-22,iPhone 15 Pro Max,512GB,Natural Titanium,Germany,Female,2,1409,2818,613.65,May-2025,2025
11233,2026-01-11,iPhone 16,128GB,Green,UAE,Male,1,799,799,164.83,Jan-2026,2026
11234,2025-11-20,iPhone 16,512GB,Green,India,Male,1,979,979,192.12,Nov-2025,2025
11235,2025-05-26,iPhone 14,128GB,Purple,Germany,Male,3,679,2037,356.14,May-2025,2025
11236,2025-10-20,iPhone 16 Plus,128GB,Black,UAE,Female,1,909,909,176.03,Oct-2025,2025
11237,2026-03-08,iPhone 15,128GB,White,USA,Male,1,809,809,155.91,Mar-2026,2026
11238,2026-08-08,iPhone 16 Pro Max,128GB,Blue,UAE,Female,2,1199,2398,568.39,Aug-2026,2026
11239,2026-02-03,iPhone 16 Pro,512GB,Purple,USA,Male,5,1309,6545,1447.05,Feb-2026,2026
11240,2025-12-10,iPhone 15 Pro,512GB,Natural Titanium,India,Male,1,1199,1199,245.31,Dec-2025,2025
11241,2025-05-20,iPhone 16 Pro,256GB,Green,UAE,Female,1,1219,1219,256.59,May-2025,2025
11242,2025-07-06,iPhone 15 Pro,1TB,Natural Titanium,Canada,Male,2,1309,2618,551.64,Jul-2025,2025
11243,2025-03-02,iPhone 14,128GB,Natural Titanium,UAE,Male,1,699,699,136.99,Mar-2025,2025
11244,2026-01-15,iPhone 16 Pro Max,128GB,Natural Titanium,India,Female,1,1169,1169,271.34,Jan-2026,2026
11245,2026-03-16,iPhone 16,256GB,Purple,Singapore,Male,3,909,2727,498.21,Mar-2026,2026
11246,2025-11-15,iPhone 15 Pro Max,512GB,Blue,India,Female,1,1369,1369,322.51,Nov-2025,2025
11247,2025-10-29,iPhone 15 Pro,128GB,Purple,India,Male,2,1019,2038,433.52,Oct-2025,2025
11248,2025-12-10,iPhone 15 Pro,1TB,Purple,India,Male,2,1279,2558,536.1,Dec-2025,2025
11249,2025-01-11,iPhone 16 Pro Max,256GB,Purple,India,Male,4,1319,5276,1211.47,Jan-2025,2025
11250,2025-03-03,iPhone 14,1TB,Green,USA,Male,5,1009,5045,829.99,Mar-2025,2025
11251,2025-08-14,iPhone 15 Pro,128GB,Green,UK,Female,2,979,1958,401.24,Aug-2025,2025
11252,2025-06-02,iPhone 15 Pro Max,128GB,Black,Australia,Male,2,1219,2438,526.22,Jun-2025,2025
11253,2026-07-18,iPhone 15 Pro Max,256GB,Pink,Singapore,Female,2,1269,2538,565.86,Jul-2026,2026
11254,2026-07-25,iPhone 15 Pro Max,256GB,White,Canada,Male,1,1279,1279,278.84,Jul-2026,2026
11255,2026-08-07,iPhone 15,128GB,Black,USA,Male,1,769,769,151.51,Aug-2026,2026
11256,2026-07-29,iPhone 14,512GB,Blue,UAE,Female,5,899,4495,738.25,Jul-2026,2026
11257,2025-11-06,iPhone 15,512GB,Purple,Australia,Female,1,1019,1019,210.53,Nov-2025,2025
11258,2025-08-31,iPhone 16 Pro Max,128GB,Green,USA,Female,1,1219,1219,295.28,Aug-2025,2025
11259,2026-05-08,iPhone 14,128GB,Purple,Canada,Female,3,669,2007,346.34,May-2026,2026
11260,2026-01-01,iPhone 16 Plus,128GB,Green,USA,Male,2,899,1798,337.46,Jan-2026,2026
11261,2025-11-26,iPhone 16 Plus,128GB,Natural Titanium,USA,Female,1,879,879,176.47,Nov-2025,2025
11262,2025-04-17,iPhone 16 Pro,256GB,White,USA,Male,1,1169,1169,258.24,Apr-2025,2025
11263,2025-08-14,iPhone 16 Pro,128GB,Black,UAE,Male,1,1099,1099,239.4,Aug-2025,2025
11264,2025-08-06,iPhone 15,256GB,Black,UAE,Female,4,869,3476,634.65,Aug-2025,2025
11265,2026-05-21,iPhone 15,256GB,Blue,India,Male,4,899,3596,657.7,May-2026,2026
11266,2025-09-16,iPhone 15 Pro Max,128GB,Natural Titanium,UK,Female,1,1219,1219,272.44,Sep-2025,2025
11267,2026-06-01,iPhone 15,256GB,Black,Germany,Male,3,899,2697,479.72,Jun-2026,2026
11268,2025-02-23,iPhone 16 Plus,128GB,Black,Singapore,Male,1,879,879,165.56,Feb-2025,2025
11269,2025-02-16,iPhone 16,128GB,Pink,India,Male,2,799,1598,287.46,Feb-2025,2025
11270,2026-06-05,iPhone 16 Pro,256GB,White,India,Female,1,1219,1219,251.35,Jun-2026,2026
11271,2025-04-09,iPhone 14,1TB,Purple,UAE,Male,2,1009,2018,335.84,Apr-2025,2025
11272,2025-01-20,iPhone 16 Pro Max,128GB,Black,USA,Male,1,1199,1199,287.41,Jan-2025,2025
11273,2026-07-27,iPhone 15 Pro,128GB,Blue,India,Female,1,1019,1019,215.4,Jul-2026,2026
11274,2026-05-05,iPhone 15 Pro Max,128GB,Purple,India,Male,1,1219,1219,279.62,May-2026,2026
11275,2026-02-23,iPhone 15 Pro Max,128GB,Green,Canada,Male,1,1209,1209,281.48,Feb-2026,2026
11276,2025-03-03,iPhone 16 Pro,128GB,Natural Titanium,Canada,Female,5,1099,5495,1213.25,Mar-2025,2025
11277,2025-05-25,iPhone 15 Pro Max,256GB,Natural Titanium,USA,Female,5,1279,6395,1394.46,May-2025,2025
11278,2025-08-04,iPhone 16 Pro Max,128GB,Black,USA,Male,3,1209,3627,843.96,Aug-2025,2025
11279,2025-01-03,iPhone 16 Pro Max,1TB,Black,UK,Female,1,1519,1519,335.76,Jan-2025,2025
11280,2025-06-09,iPhone 16 Pro,128GB,Purple,India,Male,1,1079,1079,230.96,Jun-2025,2025
11281,2025-04-30,iPhone 14,512GB,Green,USA,Male,1,869,869,164.0,Apr-2025,2025
11282,2025-03-30,iPhone 16 Pro,512GB,Pink,India,Female,1,1319,1319,290.12,Mar-2025,2025
11283,2025-11-25,iPhone 16 Pro,256GB,White,USA,Female,1,1209,1209,271.51,Nov-2025,2025
11284,2026-08-03,iPhone 14,128GB,Pink,India,Male,2,669,1338,202.97,Aug-2026,2026
11285,2025-12-23,iPhone 14,256GB,Blue,UAE,Male,1,809,809,133.72,Dec-2025,2025
11286,2025-09-24,iPhone 14,256GB,Purple,UK,Male,3,799,2397,410.87,Sep-2025,2025
11287,2025-11-19,iPhone 13,512GB,Black,USA,Male,2,779,1558,250.42,Nov-2025,2025
11288,2026-06-25,iPhone 16,256GB,Pink,India,Female,1,869,869,174.57,Jun-2026,2026
11289,2025-07-14,iPhone 16 Pro Max,128GB,White,India,Male,2,1199,2398,543.94,Jul-2025,2025
11290,2025-11-28,iPhone 15 Pro Max,512GB,Blue,UK,Male,1,1409,1409,323.75,Nov-2025,2025
11291,2025-06-19,iPhone 16,1TB,Natural Titanium,India,Female,1,1119,1119,207.06,Jun-2025,2025
11292,2026-06-05,iPhone 16 Pro Max,256GB,Pink,India,Female,1,1269,1269,292.14,Jun-2026,2026
11293,2026-04-08,iPhone 15,512GB,Black,UK,Male,3,1009,3027,533.01,Apr-2026,2026
11294,2025-02-09,iPhone 16 Pro,256GB,White,UAE,Female,1,1209,1209,272.62,Feb-2025,2025
11295,2026-06-21,iPhone 16,256GB,Black,India,Female,2,909,1818,336.32,Jun-2026,2026
11296,2025-09-18,iPhone 16,256GB,Black,USA,Male,1,869,869,168.27,Sep-2025,2025
11297,2026-01-30,iPhone 15 Pro,256GB,Blue,Germany,Female,1,1069,1069,234.27,Jan-2026,2026
11298,2025-08-14,iPhone 16,128GB,White,Germany,Female,1,809,809,164.79,Aug-2025,2025
11299,2025-05-04,iPhone 14,256GB,Green,India,Male,2,799,1598,303.08,May-2025,2025
11300,2025-02-07,iPhone 16 Pro,256GB,Natural Titanium,Canada,Male,2,1219,2438,536.45,Feb-2025,2025
11301,2025-11-24,iPhone 15,128GB,Black,UK,Female,2,779,1558,276.73,Nov-2025,2025
11302,2025-09-08,iPhone 16 Pro,128GB,White,Singapore,Male,1,1109,1109,236.44,Sep-2025,2025
11303,2025-06-25,iPhone 15 Pro,256GB,Black,USA,Male,1,1099,1099,238.16,Jun-2025,2025
11304,2026-08-25,iPhone 14,256GB,Pink,Canada,Male,2,779,1558,263.33,Aug-2026,2026
11305,2026-03-30,iPhone 16 Plus,128GB,Pink,Canada,Female,1,909,909,162.58,Mar-2026,2026
11306,2025-02-06,iPhone 15,512GB,White,USA,Male,1,979,979,165.7,Feb-2025,2025
11307,2025-11-12,iPhone 16 Plus,512GB,Natural Titanium,Canada,Male,1,1109,1109,225.78,Nov-2025,2025
11308,2026-08-16,iPhone 16 Pro Max,128GB,Blue,India,Male,2,1169,2338,548.32,Aug-2026,2026
11309,2025-04-24,iPhone 16 Pro,128GB,Green,India,Female,2,1109,2218,503.84,Apr-2025,2025
11310,2025-02-09,iPhone 13,512GB,Pink,USA,Male,1,809,809,112.32,Feb-2025,2025
11311,2025-10-28,iPhone 16,512GB,Blue,Germany,Male,2,1009,2018,379.13,Oct-2025,2025
11312,2025-08-12,iPhone 16 Plus,128GB,Green,USA,Male,2,909,1818,334.44,Aug-2025,2025
11313,2025-11-14,iPhone 16 Pro,128GB,Pink,UK,Male,1,1099,1099,243.39,Nov-2025,2025
11314,2025-12-15,iPhone 13,128GB,Green,UK,Male,1,599,599,86.35,Dec-2025,2025
11315,2025-04-25,iPhone 15 Pro Max,256GB,Purple,India,Female,2,1299,2598,588.32,Apr-2025,2025
11316,2025-11-19,iPhone 16,128GB,Black,USA,Female,2,799,1598,299.34,Nov-2025,2025
11317,2026-07-22,iPhone 15,256GB,White,UAE,Female,1,869,869,178.7,Jul-2026,2026
11318,2025-02-09,iPhone 15 Pro,128GB,Pink,Singapore,Male,2,1009,2018,434.13,Feb-2025,2025
11319,2025-02-09,iPhone 15 Pro Max,512GB,Pink,India,Male,2,1399,2798,626.41,Feb-2025,2025
11320,2025-10-16,iPhone 16 Pro,128GB,Black,USA,Female,3,1079,3237,732.87,Oct-2025,2025
11321,2025-09-19,iPhone 16 Pro Max,256GB,Pink,India,Male,1,1309,1309,301.9,Sep-2025,2025
11322,2025-08-04,iPhone 16,1TB,Pink,India,Female,1,1069,1069,213.23,Aug-2025,2025
11323,2025-05-27,iPhone 15 Pro,128GB,Purple,India,Female,2,1019,2038,431.75,May-2025,2025
11324,2025-12-02,iPhone 15,128GB,Pink,USA,Female,2,819,1638,285.38,Dec-2025,2025
11325,2025-06-17,iPhone 16 Pro Max,256GB,Pink,India,Male,1,1269,1269,284.29,Jun-2025,2025
11326,2025-04-02,iPhone 16 Pro Max,128GB,Pink,India,Male,2,1179,2358,539.92,Apr-2025,2025
11327,2025-12-19,iPhone 16 Pro Max,512GB,Blue,Canada,Male,2,1419,2838,658.14,Dec-2025,2025
11328,2026-07-25,iPhone 16 Pro,128GB,Pink,Singapore,Female,2,1069,2138,479.39,Jul-2026,2026
11329,2026-07-25,iPhone 15 Pro,128GB,Black,India,Female,1,1019,1019,220.73,Jul-2026,2026
11330,2025-12-29,iPhone 16 Pro,512GB,Purple,UAE,Female,2,1309,2618,582.9,Dec-2025,2025
11331,2026-07-11,iPhone 15 Pro,256GB,Pink,India,Male,1,1099,1099,227.46,Jul-2026,2026
11332,2025-12-11,iPhone 15 Pro,256GB,Green,Germany,Female,1,1099,1099,204.18,Dec-2025,2025
11333,2025-06-19,iPhone 16 Plus,128GB,Purple,UAE,Female,1,899,899,179.97,Jun-2025,2025
11334,2025-12-22,iPhone 14,128GB,Purple,Canada,Male,1,669,669,104.16,Dec-2025,2025
11335,2025-07-10,iPhone 13,512GB,Green,India,Male,1,809,809,155.31,Jul-2025,2025
11336,2026-02-26,iPhone 15 Pro Max,128GB,Black,UK,Female,1,1179,1179,263.51,Feb-2026,2026
11337,2025-01-07,iPhone 15 Pro Max,128GB,Blue,USA,Male,5,1179,5895,1313.44,Jan-2025,2025
11338,2025-05-13,iPhone 16 Pro,128GB,Natural Titanium,India,Male,3,1109,3327,718.71,May-2025,2025
11339,2026-07-11,iPhone 14,128GB,Natural Titanium,India,Male,3,709,2127,375.14,Jul-2026,2026
11340,2025-01-31,iPhone 14,256GB,Black,UK,Female,2,779,1558,273.45,Jan-2025,2025
11341,2026-06-19,iPhone 14,512GB,Blue,UAE,Male,3,869,2607,447.72,Jun-2026,2026
11342,2026-03-02,iPhone 13,256GB,White,India,Male,1,719,719,102.43,Mar-2026,2026
11343,2026-01-29,iPhone 14,256GB,Green,UK,Female,2,799,1598,263.21,Jan-2026,2026
11344,2025-12-29,iPhone 16,256GB,Purple,India,Female,1,899,899,178.67,Dec-2025,2025
11345,2026-03-13,iPhone 15 Pro Max,256GB,Purple,India,Female,1,1299,1299,277.33,Mar-2026,2026
11346,2026-07-05,iPhone 16 Pro,256GB,Purple,UK,Male,1,1209,1209,256.03,Jul-2026,2026
11347,2025-03-23,iPhone 16 Pro Max,128GB,Green,India,Female,2,1179,2358,536.27,Mar-2025,2025
11348,2025-12-22,iPhone 16,128GB,Green,USA,Female,1,779,779,154.04,Dec-2025,2025
11349,2025-09-15,iPhone 13,512GB,Natural Titanium,India,Female,2,779,1558,266.34,Sep-2025,2025
11350,2026-08-12,iPhone 14,128GB,Natural Titanium,UK,Male,4,719,2876,493.89,Aug-2026,2026
11351,2026-06-08,iPhone 16 Pro,128GB,Natural Titanium,USA,Male,1,1079,1079,252.02,Jun-2026,2026
11352,2025-10-22,iPhone 16,256GB,Blue,Singapore,Male,1,879,879,165.32,Oct-2025,2025
11353,2025-08-12,iPhone 16 Pro,256GB,Purple,India,Female,2,1199,2398,552.02,Aug-2025,2025
11354,2026-06-09,iPhone 16 Pro,256GB,Black,UAE,Male,1,1219,1219,284.15,Jun-2026,2026
11355,2025-02-15,iPhone 16 Pro Max,128GB,Blue,India,Male,4,1209,4836,1123.01,Feb-2025,2025
11356,2025-04-23,iPhone 16 Pro Max,1TB,Purple,USA,Male,3,1519,4557,1053.59,Apr-2025,2025
11357,2025-08-21,iPhone 16,256GB,Green,USA,Male,1,909,909,177.47,Aug-2025,2025
11358,2025-01-17,iPhone 15 Pro,512GB,Green,India,Male,1,1199,1199,233.9,Jan-2025,2025
11359,2025-12-26,iPhone 16 Pro Max,128GB,Green,USA,Female,5,1199,5995,1360.39,Dec-2025,2025
11360,2025-08-11,iPhone 16,128GB,Purple,India,Female,4,769,3076,592.28,Aug-2025,2025
11361,2026-03-24,iPhone 13,128GB,Natural Titanium,India,Male,1,619,619,99.91,Mar-2026,2026
11362,2025-12-31,iPhone 16,128GB,Green,India,Male,1,809,809,160.45,Dec-2025,2025
11363,2025-11-22,iPhone 16,128GB,White,UAE,Male,2,809,1618,293.86,Nov-2025,2025
11364,2026-04-12,iPhone 16 Pro,128GB,Green,Canada,Female,1,1099,1099,260.06,Apr-2026,2026
11365,2026-02-18,iPhone 16,256GB,Purple,India,Male,4,909,3636,688.42,Feb-2026,2026
11366,2026-03-31,iPhone 15 Pro,256GB,Natural Titanium,USA,Female,3,1109,3327,703.23,Mar-2026,2026
11367,2026-08-09,iPhone 16 Pro Max,256GB,Blue,India,Female,2,1299,2598,591.5,Aug-2026,2026
11368,2025-08-21,iPhone 16 Pro,128GB,Green,India,Male,1,1099,1099,245.7,Aug-2025,2025
11369,2025-08-12,iPhone 16,128GB,Natural Titanium,Canada,Female,2,819,1638,339.82,Aug-2025,2025
11370,2026-02-16,iPhone 15 Pro,128GB,Natural Titanium,UK,Female,1,1009,1009,225.78,Feb-2026,2026
11371,2026-07-26,iPhone 15 Pro,128GB,Pink,India,Male,1,979,979,198.76,Jul-2026,2026
11372,2025-12-01,iPhone 16,128GB,White,India,Male,2,799,1598,291.55,Dec-2025,2025
11373,2025-08-10,iPhone 14,128GB,Purple,Canada,Female,2,699,1398,241.92,Aug-2025,2025
11374,2025-02-06,iPhone 15,512GB,Green,India,Male,3,1019,3057,546.3,Feb-2025,2025
11375,2025-10-05,iPhone 16 Plus,512GB,Pink,India,Male,3,1069,3207,601.2,Oct-2025,2025
11376,2025-07-15,iPhone 15 Pro Max,256GB,Purple,UAE,Male,1,1309,1309,311.83,Jul-2025,2025
11377,2026-04-29,iPhone 15 Pro,512GB,Blue,UK,Male,1,1179,1179,223.85,Apr-2026,2026
11378,2025-08-30,iPhone 15,256GB,White,USA,Male,1,879,879,166.74,Aug-2025,2025
11379,2025-11-20,iPhone 15 Pro Max,512GB,Natural Titanium,Germany,Female,1,1369,1369,324.49,Nov-2025,2025
11380,2025-07-11,iPhone 16 Pro,256GB,Green,India,Female,2,1199,2398,513.64,Jul-2025,2025
11381,2025-01-17,iPhone 15,256GB,Blue,UAE,Female,2,899,1798,318.64,Jan-2025,2025
11382,2026-06-08,iPhone 13,256GB,Purple,India,Female,4,709,2836,449.81,Jun-2026,2026
11383,2026-02-05,iPhone 16,128GB,Pink,UK,Female,2,809,1618,326.74,Feb-2026,2026
11384,2025-01-22,iPhone 16 Pro Max,256GB,Purple,Australia,Female,1,1319,1319,303.02,Jan-2025,2025
11385,2026-04-19,iPhone 16,512GB,Purple,USA,Male,1,1009,1009,216.29,Apr-2026,2026
11386,2025-04-30,iPhone 14,256GB,White,UAE,Female,1,779,779,142.65,Apr-2025,2025
11387,2025-07-29,iPhone 15 Pro,128GB,Green,Canada,Male,1,999,999,205.56,Jul-2025,2025
11388,2025-11-02,iPhone 16 Pro,128GB,Blue,India,Female,1,1069,1069,221.64,Nov-2025,2025
11389,2025-09-27,iPhone 15,512GB,White,UAE,Female,1,999,999,167.69,Sep-2025,2025
11390,2025-10-12,iPhone 16,1TB,Pink,Germany,Female,5,1099,5495,1052.0,Oct-2025,2025
11391,2025-08-15,iPhone 15 Pro,128GB,Natural Titanium,UK,Male,1,999,999,240.62,Aug-2025,2025
11392,2026-01-16,iPhone 15,512GB,Green,India,Male,2,969,1938,343.16,Jan-2026,2026
11393,2026-04-05,iPhone 16 Pro,512GB,Natural Titanium,India,Male,1,1279,1279,273.68,Apr-2026,2026
11394,2025-01-07,iPhone 16 Plus,128GB,White,India,Male,1,919,919,182.47,Jan-2025,2025
11395,2025-01-29,iPhone 16,512GB,Pink,India,Male,1,969,969,181.75,Jan-2025,2025
11396,2025-02-02,iPhone 15,128GB,Pink,USA,Male,1,819,819,141.85,Feb-2025,2025
11397,2025-03-20,iPhone 14,256GB,Blue,India,Female,2,799,1598,290.29,Mar-2025,2025
11398,2026-04-04,iPhone 16,256GB,Purple,India,Male,2,879,1758,352.36,Apr-2026,2026
11399,2026-07-24,iPhone 16,256GB,Pink,USA,Female,2,899,1798,345.05,Jul-2026,2026
11400,2026-06-22,iPhone 15,256GB,Pink,USA,Male,2,899,1798,315.82,Jun-2026,2026
11401,2026-04-27,iPhone 13,128GB,Purple,UK,Male,3,579,1737,282.58,Apr-2026,2026
11402,2026-03-06,iPhone 14,512GB,Black,UAE,Female,3,879,2637,460.59,Mar-2026,2026
11403,2025-10-12,iPhone 16 Pro Max,512GB,Pink,India,Female,2,1409,2818,664.3,Oct-2025,2025
11404,2026-05-31,iPhone 16 Pro,256GB,Green,India,Male,1,1199,1199,277.28,May-2026,2026
11405,2025-04-09,iPhone 16 Pro Max,128GB,Natural Titanium,India,Female,5,1179,5895,1324.78,Apr-2025,2025
11406,2026-02-01,iPhone 15,128GB,Natural Titanium,USA,Female,4,769,3076,559.58,Feb-2026,2026
11407,2026-05-04,iPhone 16 Pro Max,128GB,White,India,Female,2,1219,2438,569.99,May-2026,2026
11408,2025-02-08,iPhone 14,512GB,Purple,UAE,Female,2,899,1798,316.76,Feb-2025,2025
11409,2025-09-28,iPhone 15 Pro Max,128GB,Purple,India,Male,1,1199,1199,268.08,Sep-2025,2025
11410,2025-06-06,iPhone 16 Pro,1TB,Purple,Germany,Female,3,1399,4197,923.86,Jun-2025,2025
11411,2025-03-16,iPhone 15 Pro,512GB,Green,USA,Female,3,1199,3597,751.85,Mar-2025,2025
11412,2025-05-10,iPhone 15 Pro Max,256GB,Purple,USA,Female,2,1299,2598,562.04,May-2025,2025
11413,2025-03-25,iPhone 14,256GB,Green,Canada,Female,2,809,1618,267.47,Mar-2025,2025
11414,2025-01-22,iPhone 14,256GB,Natural Titanium,UAE,Female,1,799,799,152.41,Jan-2025,2025
11415,2026-04-04,iPhone 16,256GB,Blue,UK,Male,1,919,919,183.19,Apr-2026,2026
11416,2026-06-23,iPhone 16 Plus,128GB,Black,Germany,Male,2,919,1838,359.13,Jun-2026,2026
11417,2026-01-17,iPhone 16 Pro,512GB,Purple,USA,Female,1,1319,1319,283.36,Jan-2026,2026
11418,2026-03-16,iPhone 16,256GB,Natural Titanium,Canada,Female,2,879,1758,340.43,Mar-2026,2026
11419,2026-08-27,iPhone 16,256GB,Black,USA,Male,3,869,2607,517.42,Aug-2026,2026
11420,2025-01-21,iPhone 13,256GB,Natural Titanium,Australia,Male,1,719,719,116.71,Jan-2025,2025
11421,2025-10-30,iPhone 15,128GB,Purple,India,Female,1,809,809,155.12,Oct-2025,2025
11422,2025-03-25,iPhone 16 Pro Max,128GB,Green,India,Male,3,1209,3627,828.14,Mar-2025,2025
11423,2026-03-29,iPhone 14,512GB,Natural Titanium,UAE,Male,1,909,909,149.86,Mar-2026,2026
11424,2026-01-22,iPhone 16 Plus,128GB,White,India,Male,1,909,909,176.14,Jan-2026,2026
11425,2026-05-22,iPhone 15,256GB,Black,India,Female,2,899,1798,315.3,May-2026,2026
11426,2025-09-14,iPhone 16 Plus,128GB,Black,India,Male,3,909,2727,509.17,Sep-2025,2025
11427,2026-07-24,iPhone 16 Plus,128GB,Green,UAE,Male,3,899,2697,510.4,Jul-2026,2026
11428,2026-06-11,iPhone 15,128GB,Black,Australia,Female,2,799,1598,290.09,Jun-2026,2026
11429,2025-06-11,iPhone 15,512GB,Blue,UAE,Female,1,999,999,172.47,Jun-2025,2025
11430,2025-06-12,iPhone 16,256GB,Green,Canada,Male,3,869,2607,497.39,Jun-2025,2025
11431,2026-06-08,iPhone 15 Pro,256GB,Black,USA,Male,2,1099,2198,448.12,Jun-2026,2026
11432,2025-09-28,iPhone 15,512GB,Black,India,Female,2,999,1998,361.61,Sep-2025,2025
11433,2026-05-07,iPhone 16 Plus,128GB,Black,India,Female,1,899,899,148.08,May-2026,2026
11434,2025-07-27,iPhone 15,128GB,Green,USA,Male,1,779,779,153.2,Jul-2025,2025
11435,2026-06-23,iPhone 16 Pro,256GB,White,India,Male,2,1209,2418,513.32,Jun-2026,2026
11436,2026-08-07,iPhone 16,256GB,Pink,India,Female,1,909,909,191.37,Aug-2026,2026
11437,2025-03-01,iPhone 14,128GB,Natural Titanium,USA,Female,1,699,699,123.97,Mar-2025,2025
11438,2026-03-06,iPhone 16 Plus,1TB,Purple,UAE,Male,5,1199,5995,1146.14,Mar-2026,2026
11439,2026-08-28,iPhone 16,512GB,Natural Titanium,USA,Male,1,979,979,180.76,Aug-2026,2026
11440,2025-11-05,iPhone 15 Pro,128GB,Black,Canada,Male,1,979,979,212.1,Nov-2025,2025
11441,2026-06-04,iPhone 15 Pro Max,128GB,Natural Titanium,UAE,Male,1,1219,1219,270.44,Jun-2026,2026
11442,2026-08-14,iPhone 15 Pro,512GB,Pink,UAE,Male,2,1179,2358,481.37,Aug-2026,2026
11443,2025-01-27,iPhone 15,128GB,Pink,Singapore,Male,4,799,3196,584.52,Jan-2025,2025
11444,2026-07-16,iPhone 15,128GB,Black,India,Female,3,819,2457,432.26,Jul-2026,2026
11445,2025-07-18,iPhone 15 Pro,256GB,Black,UK,Male,3,1099,3297,720.45,Jul-2025,2025
11446,2026-01-22,iPhone 15,128GB,Purple,Australia,Female,3,779,2337,411.26,Jan-2026,2026
11447,2025-12-15,iPhone 16 Plus,128GB,Pink,UK,Female,4,879,3516,648.63,Dec-2025,2025
11448,2026-06-20,iPhone 16 Plus,128GB,White,Canada,Female,1,899,899,191.13,Jun-2026,2026
11449,2026-01-13,iPhone 15 Pro Max,256GB,Pink,USA,Female,1,1299,1299,295.13,Jan-2026,2026
11450,2026-07-12,iPhone 16 Pro,256GB,White,UK,Female,1,1209,1209,271.44,Jul-2026,2026
11451,2026-06-11,iPhone 16 Pro,128GB,Natural Titanium,India,Female,1,1069,1069,228.55,Jun-2026,2026
11452,2025-06-02,iPhone 16,128GB,Blue,Singapore,Male,2,769,1538,292.99,Jun-2025,2025
11453,2025-07-25,iPhone 16,256GB,White,Canada,Male,1,879,879,165.12,Jul-2025,2025
11454,2026-03-31,iPhone 15,512GB,Purple,Australia,Male,2,999,1998,370.35,Mar-2026,2026
11455,2025-09-30,iPhone 16 Pro,512GB,Green,UAE,Male,1,1309,1309,280.87,Sep-2025,2025
11456,2025-08-24,iPhone 13,128GB,Natural Titanium,India,Male,1,599,599,89.81,Aug-2025,2025
11457,2026-06-05,iPhone 15 Pro,256GB,Black,India,Female,1,1069,1069,233.15,Jun-2026,2026
11458,2026-05-16,iPhone 16 Plus,256GB,Blue,Australia,Male,3,1019,3057,596.78,May-2026,2026
11459,2025-04-27,iPhone 14,512GB,Pink,USA,Female,2,869,1738,290.81,Apr-2025,2025
11460,2026-01-21,iPhone 15,256GB,White,India,Male,5,899,4495,816.85,Jan-2026,2026
11461,2025-12-10,iPhone 16,128GB,Blue,UK,Female,3,799,2397,467.9,Dec-2025,2025
11462,2026-08-07,iPhone 16,256GB,Natural Titanium,USA,Male,2,869,1738,319.2,Aug-2026,2026
11463,2026-01-30,iPhone 16 Plus,128GB,Green,UK,Female,1,909,909,169.38,Jan-2026,2026
11464,2025-03-05,iPhone 16 Pro,128GB,White,USA,Male,2,1069,2138,449.78,Mar-2025,2025
11465,2025-03-13,iPhone 14,256GB,Purple,UAE,Female,2,799,1598,296.39,Mar-2025,2025
11466,2025-10-01,iPhone 13,1TB,Pink,Australia,Male,1,899,899,146.78,Oct-2025,2025
11467,2025-11-16,iPhone 16 Plus,128GB,Pink,India,Female,1,919,919,185.55,Nov-2025,2025
11468,2025-12-04,iPhone 15 Pro,256GB,White,India,Male,2,1119,2238,465.23,Dec-2025,2025
11469,2026-01-01,iPhone 16,128GB,Green,USA,Female,1,799,799,145.86,Jan-2026,2026
11470,2026-05-10,iPhone 15,512GB,Black,Singapore,Female,4,969,3876,696.41,May-2026,2026
11471,2026-08-30,iPhone 15 Pro Max,256GB,Black,India,Female,2,1299,2598,569.45,Aug-2026,2026
11472,2025-06-15,iPhone 15 Pro Max,128GB,Pink,USA,Male,1,1169,1169,285.57,Jun-2025,2025
11473,2026-06-28,iPhone 16,128GB,Natural Titanium,UK,Female,1,779,779,152.78,Jun-2026,2026
11474,2025-01-11,iPhone 16,128GB,Natural Titanium,USA,Male,2,769,1538,300.35,Jan-2025,2025
11475,2025-10-28,iPhone 15 Pro Max,128GB,Green,Singapore,Male,2,1199,2398,527.82,Oct-2025,2025
11476,2025-04-12,iPhone 15 Pro,128GB,Pink,Germany,Male,2,999,1998,420.54,Apr-2025,2025
11477,2026-03-01,iPhone 14,256GB,Black,USA,Male,2,779,1558,273.02,Mar-2026,2026
11478,2026-01-27,iPhone 14,128GB,Pink,UK,Female,2,669,1338,227.04,Jan-2026,2026
11479,2025-08-02,iPhone 15 Pro Max,256GB,White,India,Male,1,1269,1269,296.0,Aug-2025,2025
11480,2025-03-29,iPhone 15 Pro,128GB,Natural Titanium,UAE,Male,4,999,3996,829.27,Mar-2025,2025
11481,2026-07-07,iPhone 16,256GB,Natural Titanium,UAE,Female,1,879,879,181.6,Jul-2026,2026
11482,2026-02-05,iPhone 15 Pro,128GB,Purple,India,Female,1,999,999,223.81,Feb-2026,2026
11483,2026-08-11,iPhone 16 Plus,128GB,White,India,Female,1,879,879,192.01,Aug-2026,2026
11484,2025-02-15,iPhone 16 Pro,256GB,Purple,Germany,Female,1,1199,1199,242.84,Feb-2025,2025
11485,2026-04-08,iPhone 15 Pro,128GB,Green,USA,Female,1,1009,1009,224.84,Apr-2026,2026
11486,2026-08-15,iPhone 15,512GB,Black,UK,Female,2,969,1938,340.87,Aug-2026,2026
11487,2025-11-06,iPhone 14,256GB,Green,India,Female,1,799,799,146.57,Nov-2025,2025
11488,2025-03-27,iPhone 16,256GB,Green,USA,Male,3,909,2727,528.79,Mar-2025,2025
11489,2025-04-02,iPhone 15 Pro Max,128GB,Black,Canada,Male,2,1199,2398,517.3,Apr-2025,2025
11490,2025-08-30,iPhone 15,128GB,Blue,USA,Female,1,779,779,148.79,Aug-2025,2025
11491,2025-01-02,iPhone 16,128GB,Blue,UK,Female,1,799,799,147.76,Jan-2025,2025
11492,2025-08-13,iPhone 14,256GB,Pink,India,Male,1,779,779,124.13,Aug-2025,2025
11493,2026-08-12,iPhone 16,128GB,Blue,USA,Female,1,819,819,133.05,Aug-2026,2026
11494,2025-04-26,iPhone 16,128GB,White,Germany,Female,1,779,779,164.94,Apr-2025,2025
11495,2025-04-13,iPhone 16 Plus,128GB,Natural Titanium,UK,Male,1,919,919,173.51,Apr-2025,2025
11496,2025-07-13,iPhone 13,128GB,Purple,Germany,Male,1,619,619,86.43,Jul-2025,2025
11497,2025-06-15,iPhone 16 Pro,128GB,Natural Titanium,Germany,Female,1,1069,1069,238.98,Jun-2025,2025
11498,2025-03-31,iPhone 16 Plus,128GB,Green,Germany,Male,1,899,899,172.08,Mar-2025,2025
11499,2025-05-02,iPhone 15,128GB,Natural Titanium,Germany,Male,3,769,2307,404.22,May-2025,2025
11500,2025-05-23,iPhone 15,128GB,Pink,India,Female,1,819,819,136.61,May-2025,2025
11501,2025-04-16,iPhone 15 Pro Max,128GB,Green,Germany,Female,2,1179,2358,532.05,Apr-2025,2025
11502,2026-03-04,iPhone 16 Pro,256GB,Black,India,Female,1,1169,1169,259.72,Mar-2026,2026
11503,2025-11-01,iPhone 16 Pro,128GB,Natural Titanium,India,Female,1,1109,1109,236.22,Nov-2025,2025
11504,2025-11-13,iPhone 16,128GB,Blue,India,Female,2,819,1638,306.65,Nov-2025,2025
11505,2025-01-09,iPhone 16 Pro,128GB,Black,India,Female,1,1079,1079,233.0,Jan-2025,2025
11506,2025-03-14,iPhone 13,128GB,Pink,UK,Male,1,579,579,72.51,Mar-2025,2025
11507,2025-12-25,iPhone 13,128GB,Purple,USA,Female,2,609,1218,206.18,Dec-2025,2025
11508,2025-08-11,iPhone 16 Pro Max,512GB,White,India,Female,1,1379,1379,312.79,Aug-2025,2025
11509,2026-02-20,iPhone 16 Pro,512GB,Blue,USA,Female,1,1299,1299,283.93,Feb-2026,2026
11510,2026-07-07,iPhone 15 Pro Max,128GB,Black,USA,Male,1,1199,1199,270.52,Jul-2026,2026
11511,2026-01-05,iPhone 16 Plus,512GB,Purple,UAE,Male,1,1099,1099,223.75,Jan-2026,2026
11512,2025-09-21,iPhone 16 Pro Max,128GB,Natural Titanium,India,Male,1,1199,1199,278.19,Sep-2025,2025
11513,2025-11-14,iPhone 16 Pro,128GB,Blue,India,Female,5,1069,5345,1162.82,Nov-2025,2025
11514,2025-03-25,iPhone 16 Pro,1TB,Green,India,Female,2,1369,2738,599.37,Mar-2025,2025
11515,2025-11-14,iPhone 16 Pro,512GB,White,India,Female,2,1309,2618,575.14,Nov-2025,2025
11516,2025-04-21,iPhone 15,1TB,Natural Titanium,UK,Male,2,1109,2218,377.27,Apr-2025,2025
11517,2025-09-08,iPhone 16 Pro,128GB,Purple,USA,Male,3,1119,3357,744.25,Sep-2025,2025
11518,2026-01-18,iPhone 15,128GB,Blue,India,Male,2,779,1558,288.33,Jan-2026,2026
11519,2025-01-07,iPhone 16 Pro,256GB,Natural Titanium,India,Male,3,1199,3597,792.45,Jan-2025,2025
11520,2026-04-04,iPhone 15 Pro Max,256GB,White,India,Female,1,1319,1319,280.15,Apr-2026,2026
11521,2025-03-25,iPhone 16 Plus,128GB,Purple,Singapore,Female,1,899,899,173.36,Mar-2025,2025
11522,2025-07-27,iPhone 15 Pro Max,512GB,Green,India,Male,3,1399,4197,935.64,Jul-2025,2025
11523,2026-01-25,iPhone 14,256GB,Green,Canada,Male,3,799,2397,404.88,Jan-2026,2026
11524,2025-11-10,iPhone 15 Pro,128GB,Black,UAE,Male,1,969,969,213.05,Nov-2025,2025
11525,2025-01-22,iPhone 16 Pro Max,256GB,Pink,India,Male,2,1299,2598,602.73,Jan-2025,2025
11526,2026-02-14,iPhone 16 Pro Max,256GB,Black,Singapore,Female,2,1319,2638,584.02,Feb-2026,2026
11527,2026-05-30,iPhone 15 Pro,128GB,White,UAE,Female,1,1009,1009,205.7,May-2026,2026
11528,2025-05-07,iPhone 16 Pro Max,1TB,Black,UAE,Female,4,1509,6036,1394.55,May-2025,2025
11529,2025-01-14,iPhone 16 Pro,128GB,Purple,USA,Female,2,1099,2198,485.16,Jan-2025,2025
11530,2025-01-12,iPhone 16,128GB,Blue,USA,Male,2,799,1598,314.9,Jan-2025,2025
11531,2025-03-28,iPhone 13,512GB,Purple,India,Male,1,769,769,125.88,Mar-2025,2025
11532,2026-06-08,iPhone 16 Pro Max,1TB,Black,India,Male,1,1469,1469,345.67,Jun-2026,2026
11533,2026-06-21,iPhone 16,512GB,Pink,Australia,Female,1,1009,1009,187.69,Jun-2026,2026
11534,2025-10-28,iPhone 16 Pro,512GB,Purple,Germany,Female,1,1299,1299,289.79,Oct-2025,2025
11535,2025-08-31,iPhone 16 Pro,256GB,Purple,India,Female,2,1199,2398,515.29,Aug-2025,2025
11536,2025-05-02,iPhone 16 Pro,512GB,Purple,Canada,Male,3,1319,3957,880.98,May-2025,2025
11537,2025-05-27,iPhone 16 Plus,128GB,Pink,UAE,Female,2,909,1818,348.68,May-2025,2025
11538,2026-07-21,iPhone 15 Pro,256GB,Purple,India,Male,1,1069,1069,209.9,Jul-2026,2026
11539,2025-12-22,iPhone 15 Pro,256GB,White,USA,Male,1,1119,1119,232.25,Dec-2025,2025
11540,2025-11-05,iPhone 15 Pro,128GB,Green,USA,Male,2,1009,2018,453.81,Nov-2025,2025
11541,2025-10-15,iPhone 13,256GB,Pink,UAE,Male,1,669,669,104.74,Oct-2025,2025
11542,2025-11-03,iPhone 16,256GB,White,Australia,Female,5,869,4345,821.85,Nov-2025,2025
11543,2026-08-17,iPhone 16 Plus,256GB,Pink,India,Female,3,1019,3057,571.71,Aug-2026,2026
11544,2026-07-03,iPhone 16 Pro,128GB,Pink,UK,Male,3,1119,3357,725.59,Jul-2026,2026
11545,2025-12-18,iPhone 14,512GB,Green,Canada,Male,1,869,869,136.0,Dec-2025,2025
11546,2025-11-08,iPhone 16,128GB,Blue,Canada,Male,3,799,2397,479.65,Nov-2025,2025
11547,2025-02-28,iPhone 13,128GB,White,India,Male,1,609,609,101.82,Feb-2025,2025
11548,2025-02-04,iPhone 14,512GB,Pink,USA,Male,2,869,1738,278.5,Feb-2025,2025
11549,2026-03-21,iPhone 13,256GB,Natural Titanium,Australia,Female,1,699,699,112.07,Mar-2026,2026
11550,2025-04-03,iPhone 16 Plus,128GB,Pink,India,Male,2,869,1738,342.57,Apr-2025,2025
11551,2025-07-26,iPhone 14,128GB,Black,USA,Female,1,669,669,118.83,Jul-2025,2025
11552,2025-12-19,iPhone 16 Plus,256GB,Purple,Canada,Male,1,1019,1019,177.11,Dec-2025,2025
11553,2025-11-28,iPhone 15,1TB,Blue,India,Male,1,1069,1069,200.2,Nov-2025,2025
11554,2025-06-08,iPhone 16 Pro,512GB,Green,Australia,Male,1,1279,1279,281.74,Jun-2025,2025
11555,2025-01-24,iPhone 16 Pro,256GB,Natural Titanium,India,Female,2,1219,2438,538.93,Jan-2025,2025
11556,2026-02-08,iPhone 16 Pro Max,128GB,White,India,Male,4,1199,4796,1125.3,Feb-2026,2026
11557,2026-05-31,iPhone 16 Pro,128GB,Pink,India,Male,3,1099,3297,725.1,May-2026,2026
11558,2025-12-30,iPhone 16 Pro Max,128GB,Purple,India,Female,1,1219,1219,271.97,Dec-2025,2025
11559,2026-01-17,iPhone 16 Pro,128GB,White,India,Male,1,1109,1109,223.22,Jan-2026,2026
11560,2026-06-16,iPhone 16 Plus,128GB,Green,UAE,Female,1,909,909,164.39,Jun-2026,2026
11561,2025-06-01,iPhone 15,128GB,Blue,India,Male,1,819,819,138.39,Jun-2025,2025
11562,2026-07-16,iPhone 15,256GB,Black,Germany,Female,5,909,4545,795.22,Jul-2026,2026
11563,2026-08-31,iPhone 15,128GB,Blue,USA,Male,1,819,819,155.48,Aug-2026,2026
11564,2026-02-24,iPhone 16,256GB,Black,USA,Male,3,899,2697,518.49,Feb-2026,2026
11565,2025-09-07,iPhone 15 Pro Max,512GB,White,USA,Male,2,1369,2738,602.08,Sep-2025,2025
11566,2025-04-27,iPhone 16 Pro,256GB,Blue,UAE,Male,2,1199,2398,515.6,Apr-2025,2025
11567,2026-05-27,iPhone 16 Pro Max,256GB,Blue,USA,Female,4,1309,5236,1207.27,May-2026,2026
11568,2026-08-01,iPhone 15 Pro,256GB,Blue,India,Female,1,1079,1079,234.13,Aug-2026,2026
11569,2025-12-01,iPhone 15 Pro Max,128GB,Green,Australia,Male,1,1179,1179,280.58,Dec-2025,2025
11570,2026-02-22,iPhone 16 Pro Max,128GB,White,USA,Male,3,1199,3597,831.49,Feb-2026,2026
11571,2025-10-22,iPhone 15,128GB,Natural Titanium,India,Male,2,809,1618,296.77,Oct-2025,2025
11572,2026-01-06,iPhone 16 Pro,128GB,Black,USA,Female,1,1069,1069,237.2,Jan-2026,2026
11573,2025-07-05,iPhone 15,256GB,Blue,UK,Male,1,909,909,161.3,Jul-2025,2025
11574,2025-09-03,iPhone 16 Plus,512GB,White,India,Male,3,1069,3207,618.71,Sep-2025,2025
11575,2025-09-25,iPhone 15,1TB,Natural Titanium,Canada,Female,1,1109,1109,198.99,Sep-2025,2025
11576,2025-08-25,iPhone 16 Pro,128GB,Purple,UAE,Male,4,1079,4316,947.77,Aug-2025,2025
11577,2026-06-14,iPhone 16,1TB,Green,UK,Male,1,1099,1099,204.43,Jun-2026,2026
11578,2026-07-06,iPhone 15,128GB,Green,USA,Male,2,819,1638,291.31,Jul-2026,2026
11579,2025-01-21,iPhone 15,512GB,Purple,Singapore,Female,2,999,1998,363.68,Jan-2025,2025
11580,2026-06-04,iPhone 15 Pro Max,128GB,White,India,Male,2,1169,2338,521.83,Jun-2026,2026
11581,2025-04-10,iPhone 16 Pro Max,128GB,Black,UK,Female,1,1199,1199,267.15,Apr-2025,2025
11582,2026-04-23,iPhone 16 Pro,128GB,White,India,Male,3,1069,3207,708.08,Apr-2026,2026
11583,2026-08-22,iPhone 15 Pro Max,512GB,White,UAE,Male,2,1399,2798,604.82,Aug-2026,2026
11584,2025-10-25,iPhone 15 Pro,128GB,Pink,India,Female,3,999,2997,636.93,Oct-2025,2025
11585,2026-06-10,iPhone 16,128GB,Natural Titanium,India,Male,1,799,799,169.46,Jun-2026,2026
11586,2025-11-30,iPhone 16 Plus,512GB,Green,Canada,Male,1,1119,1119,219.22,Nov-2025,2025
11587,2025-01-02,iPhone 16 Pro,512GB,Black,USA,Male,1,1319,1319,286.37,Jan-2025,2025
11588,2026-01-10,iPhone 15 Pro,128GB,Pink,India,Male,1,999,999,222.09,Jan-2026,2026
11589,2025-10-20,iPhone 16 Plus,256GB,Purple,UK,Female,2,999,1998,364.78,Oct-2025,2025
11590,2026-07-07,iPhone 16,128GB,White,UAE,Male,2,769,1538,295.85,Jul-2026,2026
11591,2025-11-14,iPhone 16 Pro Max,128GB,Purple,India,Female,3,1199,3597,861.24,Nov-2025,2025
11592,2026-05-17,iPhone 16 Pro Max,128GB,Green,India,Female,1,1199,1199,265.22,May-2026,2026
11593,2026-01-16,iPhone 16 Pro,128GB,Pink,Singapore,Female,1,1119,1119,242.29,Jan-2026,2026
11594,2025-01-14,iPhone 16 Plus,256GB,Natural Titanium,UK,Female,3,969,2907,549.7,Jan-2025,2025
11595,2026-05-19,iPhone 15,256GB,Pink,USA,Female,4,909,3636,641.06,May-2026,2026
11596,2025-08-19,iPhone 16 Pro,128GB,Black,Canada,Male,4,1119,4476,975.71,Aug-2025,2025
11597,2025-03-25,iPhone 15 Pro Max,256GB,Natural Titanium,USA,Male,3,1299,3897,857.69,Mar-2025,2025
11598,2025-05-10,iPhone 15,256GB,White,India,Male,2,919,1838,350.15,May-2025,2025
11599,2025-05-25,iPhone 15 Pro,128GB,Black,India,Female,4,1019,4076,861.72,May-2025,2025
11600,2025-01-28,iPhone 16 Pro,128GB,Pink,USA,Female,2,1099,2198,497.01,Jan-2025,2025
11601,2025-03-07,iPhone 14,256GB,Natural Titanium,Australia,Male,4,809,3236,560.15,Mar-2025,2025
11602,2025-06-12,iPhone 15 Pro Max,256GB,Pink,India,Female,1,1299,1299,289.95,Jun-2025,2025
11603,2025-08-17,iPhone 15 Pro Max,256GB,Black,India,Female,4,1279,5116,1104.04,Aug-2025,2025
11604,2025-09-18,iPhone 13,256GB,Pink,Germany,Male,2,699,1398,243.05,Sep-2025,2025
11605,2026-03-25,iPhone 15,128GB,Natural Titanium,India,Male,1,819,819,159.77,Mar-2026,2026
11606,2026-02-28,iPhone 16 Pro,256GB,Blue,UK,Male,1,1199,1199,267.17,Feb-2026,2026
11607,2026-04-05,iPhone 16 Pro,128GB,Green,India,Female,3,1069,3207,690.17,Apr-2026,2026
11608,2025-10-28,iPhone 15 Pro,512GB,White,UK,Male,2,1179,2358,477.69,Oct-2025,2025
11609,2025-10-30,iPhone 16 Pro,256GB,Green,USA,Male,5,1199,5995,1304.53,Oct-2025,2025
11610,2025-10-14,iPhone 16 Pro,128GB,White,India,Female,1,1079,1079,229.12,Oct-2025,2025
11611,2026-01-30,iPhone 15 Pro Max,128GB,Natural Titanium,UK,Female,1,1219,1219,272.59,Jan-2026,2026
11612,2025-01-10,iPhone 16 Plus,512GB,Pink,UAE,Male,1,1099,1099,205.82,Jan-2025,2025
11613,2025-09-27,iPhone 16 Pro Max,128GB,Natural Titanium,UAE,Male,2,1169,2338,538.86,Sep-2025,2025
11614,2026-08-15,iPhone 15 Pro Max,256GB,Black,UK,Male,2,1319,2638,587.0,Aug-2026,2026
11615,2026-08-28,iPhone 15,256GB,Black,USA,Female,2,919,1838,346.56,Aug-2026,2026
11616,2025-12-27,iPhone 16 Pro Max,256GB,Pink,USA,Female,1,1309,1309,293.52,Dec-2025,2025
11617,2025-09-14,iPhone 16,128GB,White,UK,Female,1,779,779,128.0,Sep-2025,2025
11618,2025-05-13,iPhone 14,256GB,Pink,UAE,Male,1,799,799,126.2,May-2025,2025
11619,2025-10-03,iPhone 16,512GB,White,UK,Male,3,999,2997,576.66,Oct-2025,2025
11620,2026-05-28,iPhone 15 Pro Max,1TB,Pink,UK,Male,1,1479,1479,335.42,May-2026,2026
11621,2025-11-09,iPhone 16 Pro,256GB,Pink,India,Male,1,1199,1199,274.1,Nov-2025,2025
11622,2026-07-30,iPhone 16,1TB,Pink,India,Male,1,1079,1079,196.67,Jul-2026,2026
11623,2025-10-11,iPhone 15,256GB,Black,India,Female,3,899,2697,489.38,Oct-2025,2025
11624,2025-05-01,iPhone 16 Plus,128GB,White,Germany,Male,1,899,899,189.06,May-2025,2025
11625,2025-04-17,iPhone 16,256GB,Purple,UAE,Male,1,899,899,179.82,Apr-2025,2025
11626,2025-07-23,iPhone 15,128GB,Pink,USA,Female,2,809,1618,270.16,Jul-2025,2025
11627,2025-06-14,iPhone 16,128GB,Green,India,Male,5,769,3845,729.96,Jun-2025,2025
11628,2025-11-01,iPhone 16 Pro,128GB,Green,India,Female,2,1079,2158,470.73,Nov-2025,2025
11629,2026-05-12,iPhone 13,512GB,Natural Titanium,Germany,Male,1,799,799,109.9,May-2026,2026
11630,2026-07-10,iPhone 16,256GB,Natural Titanium,Germany,Male,2,909,1818,363.04,Jul-2026,2026
11631,2025-06-05,iPhone 15 Pro,256GB,Black,India,Male,5,1109,5545,1147.84,Jun-2025,2025
11632,2026-01-02,iPhone 15 Pro,128GB,Blue,Canada,Female,2,969,1938,405.75,Jan-2026,2026
11633,2025-09-08,iPhone 15 Pro,128GB,Purple,USA,Female,1,999,999,225.49,Sep-2025,2025
11634,2025-11-30,iPhone 15 Pro,128GB,Black,India,Male,1,1019,1019,203.46,Nov-2025,2025
11635,2026-05-26,iPhone 16 Pro,256GB,Blue,UAE,Male,5,1179,5895,1296.51,May-2026,2026
11636,2025-10-20,iPhone 15,128GB,Black,UK,Female,2,799,1598,293.52,Oct-2025,2025
11637,2025-01-20,iPhone 16 Plus,128GB,Natural Titanium,Canada,Male,2,869,1738,320.62,Jan-2025,2025
11638,2025-10-09,iPhone 14,128GB,Green,India,Female,1,699,699,111.93,Oct-2025,2025
11639,2025-01-01,iPhone 16 Pro Max,256GB,Pink,India,Female,2,1309,2618,605.76,Jan-2025,2025
11640,2025-04-29,iPhone 16,512GB,White,India,Female,1,999,999,197.46,Apr-2025,2025
11641,2025-02-04,iPhone 16 Plus,256GB,Natural Titanium,India,Female,1,979,979,195.45,Feb-2025,2025
11642,2025-07-17,iPhone 15 Pro,128GB,Pink,USA,Male,4,1019,4076,844.35,Jul-2025,2025
11643,2026-04-30,iPhone 15 Pro Max,128GB,Green,India,Male,1,1179,1179,239.89,Apr-2026,2026
11644,2025-02-28,iPhone 15,128GB,White,USA,Male,1,819,819,157.66,Feb-2025,2025
11645,2025-06-10,iPhone 16 Pro Max,128GB,Blue,India,Male,4,1199,4796,1118.04,Jun-2025,2025
11646,2025-07-25,iPhone 15 Pro Max,128GB,Blue,UAE,Female,1,1199,1199,294.92,Jul-2025,2025
11647,2025-01-12,iPhone 16,128GB,Green,UK,Male,2,769,1538,329.76,Jan-2025,2025
11648,2026-05-05,iPhone 16 Plus,128GB,White,UK,Female,2,919,1838,370.35,May-2026,2026
11649,2025-10-03,iPhone 15 Pro,128GB,Pink,India,Female,4,979,3916,809.94,Oct-2025,2025
11650,2025-08-30,iPhone 16 Plus,128GB,Green,India,Male,3,899,2697,510.13,Aug-2025,2025
11651,2025-08-04,iPhone 16 Plus,256GB,Blue,India,Male,2,999,1998,387.36,Aug-2025,2025
11652,2025-09-08,iPhone 16 Plus,1TB,Green,India,Male,1,1169,1169,227.67,Sep-2025,2025
11653,2025-05-06,iPhone 15 Pro Max,512GB,Pink,India,Male,2,1369,2738,600.34,May-2025,2025
11654,2025-08-05,iPhone 15 Pro,128GB,Black,India,Male,4,969,3876,829.85,Aug-2025,2025
11655,2025-11-02,iPhone 15,128GB,Purple,UK,Male,1,769,769,132.45,Nov-2025,2025
11656,2025-07-04,iPhone 16 Pro,512GB,Purple,Singapore,Female,3,1319,3957,873.23,Jul-2025,2025
11657,2025-02-08,iPhone 16,128GB,Natural Titanium,India,Female,1,819,819,156.53,Feb-2025,2025
11658,2025-08-11,iPhone 15 Pro Max,512GB,Purple,Canada,Male,1,1399,1399,313.54,Aug-2025,2025
11659,2025-07-03,iPhone 16 Pro Max,256GB,Black,India,Male,1,1309,1309,307.66,Jul-2025,2025
11660,2026-05-10,iPhone 13,512GB,Pink,UAE,Female,1,799,799,117.52,May-2026,2026
11661,2026-03-03,iPhone 16 Pro,512GB,Natural Titanium,UK,Male,5,1309,6545,1406.29,Mar-2026,2026
11662,2025-06-27,iPhone 16 Pro Max,256GB,White,Germany,Male,3,1309,3927,897.65,Jun-2025,2025
11663,2026-03-04,iPhone 16 Pro,256GB,Green,India,Female,2,1199,2398,530.56,Mar-2026,2026
11664,2025-10-21,iPhone 16 Pro,128GB,Pink,India,Female,2,1069,2138,476.31,Oct-2025,2025
11665,2025-05-31,iPhone 15 Pro,128GB,Black,India,Female,2,969,1938,399.61,May-2025,2025
11666,2026-01-19,iPhone 15,128GB,Natural Titanium,USA,Male,3,799,2397,434.95,Jan-2026,2026
11667,2025-11-04,iPhone 16 Plus,128GB,Blue,Germany,Male,3,899,2697,515.64,Nov-2025,2025
11668,2025-12-02,iPhone 15 Pro,128GB,Purple,Canada,Male,1,1019,1019,206.02,Dec-2025,2025
11669,2026-01-10,iPhone 15,128GB,Purple,UAE,Female,1,779,779,138.26,Jan-2026,2026
11670,2025-01-08,iPhone 16 Pro,512GB,Pink,USA,Male,2,1269,2538,543.97,Jan-2025,2025
11671,2025-12-07,iPhone 15 Pro,128GB,Purple,Australia,Male,5,999,4995,1025.44,Dec-2025,2025
11672,2025-05-09,iPhone 16 Pro Max,128GB,Purple,USA,Female,2,1179,2358,557.0,May-2025,2025
11673,2025-12-18,iPhone 16 Pro,128GB,Pink,India,Female,4,1109,4436,978.31,Dec-2025,2025
11674,2025-12-24,iPhone 16 Pro,256GB,Pink,Australia,Female,3,1219,3657,800.46,Dec-2025,2025
11675,2026-06-01,iPhone 16 Pro,128GB,Natural Titanium,India,Male,2,1119,2238,496.91,Jun-2026,2026
11676,2026-05-10,iPhone 16 Pro,1TB,Black,India,Male,4,1369,5476,1210.31,May-2026,2026
11677,2025-03-27,iPhone 16 Pro,256GB,Black,India,Female,1,1199,1199,287.99,Mar-2025,2025
11678,2025-06-24,iPhone 16,256GB,Purple,UK,Female,1,899,899,186.89,Jun-2025,2025
11679,2025-07-12,iPhone 15 Pro,128GB,Natural Titanium,UK,Male,3,999,2997,633.57,Jul-2025,2025
11680,2025-11-07,iPhone 16 Pro,128GB,Pink,India,Male,1,1069,1069,260.91,Nov-2025,2025
11681,2025-04-29,iPhone 16 Pro,512GB,Pink,UAE,Female,1,1319,1319,289.08,Apr-2025,2025
11682,2025-08-06,iPhone 15 Pro Max,128GB,Purple,Canada,Male,2,1199,2398,542.12,Aug-2025,2025
11683,2026-03-03,iPhone 13,128GB,White,Germany,Female,1,599,599,89.47,Mar-2026,2026
11684,2026-02-18,iPhone 16,128GB,Blue,UK,Male,4,819,3276,623.09,Feb-2026,2026
11685,2025-04-24,iPhone 13,1TB,Green,Canada,Male,4,869,3476,564.21,Apr-2025,2025
11686,2025-05-25,iPhone 16 Pro Max,128GB,Green,UAE,Female,2,1209,2418,558.74,May-2025,2025
11687,2026-06-22,iPhone 16 Pro Max,512GB,Purple,India,Male,2,1379,2758,637.83,Jun-2026,2026
11688,2025-10-30,iPhone 15,128GB,Natural Titanium,India,Female,2,769,1538,279.85,Oct-2025,2025
11689,2026-08-11,iPhone 16 Plus,256GB,Green,USA,Male,1,969,969,199.75,Aug-2026,2026
11690,2025-12-11,iPhone 14,256GB,Black,India,Male,1,819,819,140.4,Dec-2025,2025
11691,2025-01-01,iPhone 16 Plus,128GB,Natural Titanium,India,Female,2,899,1798,334.5,Jan-2025,2025
11692,2025-05-27,iPhone 15 Pro,128GB,Natural Titanium,USA,Female,2,979,1958,410.56,May-2025,2025
11693,2025-10-14,iPhone 16 Plus,128GB,Black,India,Female,1,879,879,182.52,Oct-2025,2025
11694,2025-02-22,iPhone 15 Pro,128GB,White,India,Male,3,999,2997,639.65,Feb-2025,2025
11695,2025-10-31,iPhone 14,512GB,Purple,USA,Male,2,899,1798,304.38,Oct-2025,2025
11696,2025-03-10,iPhone 15 Pro,128GB,Black,UAE,Female,1,969,969,194.17,Mar-2025,2025
11697,2025-12-27,iPhone 14,256GB,Purple,Australia,Male,2,799,1598,265.05,Dec-2025,2025
11698,2026-08-25,iPhone 16,128GB,Purple,USA,Female,1,819,819,155.44,Aug-2026,2026
11699,2025-08-08,iPhone 13,128GB,Natural Titanium,USA,Male,1,599,599,94.85,Aug-2025,2025
11700,2026-07-29,iPhone 16,256GB,Pink,USA,Female,3,899,2697,503.68,Jul-2026,2026
11701,2026-08-08,iPhone 16 Pro,256GB,Blue,India,Female,4,1209,4836,1075.33,Aug-2026,2026
11702,2025-06-10,iPhone 16 Pro,128GB,Blue,India,Male,1,1099,1099,234.96,Jun-2025,2025
11703,2025-03-30,iPhone 16 Pro,256GB,Purple,Canada,Female,4,1219,4876,1061.88,Mar-2025,2025
11704,2026-08-08,iPhone 16 Pro Max,128GB,Blue,USA,Male,1,1199,1199,273.4,Aug-2026,2026
11705,2026-08-12,iPhone 14,512GB,Blue,Canada,Male,1,879,879,155.02,Aug-2026,2026
11706,2025-06-08,iPhone 14,128GB,Green,UAE,Male,1,669,669,102.71,Jun-2025,2025
11707,2026-05-04,iPhone 16,128GB,Natural Titanium,India,Female,1,799,799,152.41,May-2026,2026
11708,2025-11-20,iPhone 16 Pro,256GB,Green,USA,Male,1,1219,1219,262.98,Nov-2025,2025
11709,2026-01-16,iPhone 16 Pro Max,128GB,Pink,USA,Female,4,1219,4876,1117.56,Jan-2026,2026
11710,2025-04-12,iPhone 13,128GB,White,USA,Male,1,599,599,95.73,Apr-2025,2025
11711,2026-05-09,iPhone 15 Pro,128GB,Natural Titanium,USA,Male,1,969,969,210.59,May-2026,2026
11712,2025-01-19,iPhone 15,512GB,Black,Singapore,Female,2,1019,2038,366.96,Jan-2025,2025
11713,2026-03-30,iPhone 16 Plus,1TB,Black,Canada,Male,1,1219,1219,263.04,Mar-2026,2026
11714,2026-04-27,iPhone 16,256GB,Green,Germany,Female,2,869,1738,338.5,Apr-2026,2026
11715,2026-08-17,iPhone 14,128GB,Purple,India,Female,1,719,719,127.12,Aug-2026,2026
11716,2026-02-01,iPhone 15 Pro Max,256GB,Blue,India,Female,1,1319,1319,286.54,Feb-2026,2026
11717,2025-10-06,iPhone 16 Plus,128GB,Pink,India,Male,2,919,1838,343.15,Oct-2025,2025
11718,2025-12-31,iPhone 16 Pro,128GB,White,India,Male,1,1079,1079,249.51,Dec-2025,2025
11719,2025-11-27,iPhone 13,1TB,Green,USA,Female,1,869,869,120.01,Nov-2025,2025
11720,2025-12-10,iPhone 16 Pro,128GB,Purple,UK,Female,1,1109,1109,257.47,Dec-2025,2025
11721,2026-03-31,iPhone 16,128GB,Pink,USA,Male,1,779,779,161.96,Mar-2026,2026
11722,2026-08-24,iPhone 16 Pro,512GB,Purple,Germany,Female,2,1299,2598,570.14,Aug-2026,2026
11723,2025-03-06,iPhone 16 Pro,256GB,Pink,Germany,Male,1,1169,1169,271.04,Mar-2025,2025
11724,2025-03-17,iPhone 15,128GB,Green,India,Male,2,799,1598,284.2,Mar-2025,2025
11725,2025-05-23,iPhone 14,128GB,Pink,Australia,Female,2,679,1358,229.75,May-2025,2025
11726,2026-08-28,iPhone 16 Plus,256GB,Natural Titanium,USA,Male,1,1019,1019,199.72,Aug-2026,2026
11727,2026-04-18,iPhone 15,128GB,Blue,USA,Male,4,809,3236,578.03,Apr-2026,2026
11728,2026-02-21,iPhone 16 Pro,128GB,Pink,Canada,Male,4,1109,4436,984.48,Feb-2026,2026
11729,2025-11-01,iPhone 16 Plus,128GB,White,India,Male,2,869,1738,324.65,Nov-2025,2025
11730,2026-05-12,iPhone 16 Pro,1TB,Pink,Australia,Female,1,1409,1409,313.29,May-2026,2026
11731,2025-10-18,iPhone 15 Pro,128GB,Natural Titanium,UAE,Male,2,1019,2038,459.64,Oct-2025,2025
11732,2025-04-12,iPhone 15 Pro,128GB,Black,Australia,Female,1,999,999,215.56,Apr-2025,2025
11733,2025-09-24,iPhone 16 Plus,128GB,Natural Titanium,Singapore,Female,2,919,1838,362.26,Sep-2025,2025
11734,2025-01-03,iPhone 13,128GB,Pink,USA,Male,1,579,579,103.59,Jan-2025,2025
11735,2025-03-26,iPhone 16 Plus,128GB,Purple,India,Male,2,919,1838,325.43,Mar-2025,2025
11736,2025-11-24,iPhone 16 Pro,512GB,Green,India,Male,1,1309,1309,286.86,Nov-2025,2025
11737,2026-03-26,iPhone 15 Pro Max,512GB,Black,India,Female,4,1379,5516,1229.97,Mar-2026,2026
11738,2026-03-30,iPhone 16 Pro,128GB,Green,India,Male,1,1079,1079,223.16,Mar-2026,2026
11739,2025-08-09,iPhone 15,512GB,Purple,Canada,Male,2,1019,2038,364.76,Aug-2025,2025
11740,2025-06-03,iPhone 15 Pro,128GB,White,India,Male,4,1019,4076,881.53,Jun-2025,2025
11741,2025-01-12,iPhone 16 Pro Max,256GB,Blue,Singapore,Female,1,1299,1299,285.23,Jan-2025,2025
11742,2025-05-13,iPhone 16 Pro Max,128GB,White,UAE,Female,4,1219,4876,1135.29,May-2025,2025
11743,2025-10-31,iPhone 16,512GB,Black,India,Female,1,1019,1019,183.26,Oct-2025,2025
11744,2025-10-20,iPhone 16 Pro Max,128GB,Purple,USA,Female,5,1169,5845,1351.17,Oct-2025,2025
11745,2025-10-27,iPhone 16,256GB,Purple,USA,Male,5,879,4395,843.83,Oct-2025,2025
11746,2025-02-12,iPhone 15 Pro,256GB,Blue,USA,Female,1,1099,1099,240.49,Feb-2025,2025
11747,2025-12-09,iPhone 15,128GB,Pink,USA,Male,3,809,2427,425.6,Dec-2025,2025
11748,2025-11-22,iPhone 16 Pro Max,128GB,Black,India,Male,1,1199,1199,289.87,Nov-2025,2025
11749,2026-05-13,iPhone 15,128GB,Blue,UAE,Female,1,769,769,129.95,May-2026,2026
11750,2025-12-30,iPhone 16,256GB,Natural Titanium,USA,Male,1,919,919,155.83,Dec-2025,2025
11751,2026-03-03,iPhone 16,128GB,Natural Titanium,Canada,Male,1,799,799,140.08,Mar-2026,2026
11752,2025-01-21,iPhone 16 Plus,256GB,Green,Canada,Female,2,999,1998,369.62,Jan-2025,2025
11753,2026-02-11,iPhone 15 Pro Max,512GB,Blue,India,Male,1,1379,1379,312.46,Feb-2026,2026
11754,2025-12-02,iPhone 15,128GB,Green,India,Male,3,799,2397,443.68,Dec-2025,2025
11755,2025-04-27,iPhone 15,128GB,Natural Titanium,UAE,Female,1,769,769,140.19,Apr-2025,2025
11756,2025-05-04,iPhone 16,256GB,Natural Titanium,Singapore,Male,5,869,4345,814.05,May-2025,2025
11757,2026-02-03,iPhone 16 Plus,256GB,Green,USA,Female,1,1009,1009,185.38,Feb-2026,2026
11758,2025-02-20,iPhone 16,1TB,Purple,India,Female,1,1099,1099,207.78,Feb-2025,2025
11759,2025-11-20,iPhone 16 Plus,128GB,Blue,India,Male,2,869,1738,315.43,Nov-2025,2025
11760,2025-05-21,iPhone 14,128GB,Purple,India,Male,3,699,2097,343.2,May-2025,2025
11761,2026-04-15,iPhone 16 Pro,512GB,Natural Titanium,India,Female,3,1309,3927,863.88,Apr-2026,2026
11762,2025-11-30,iPhone 16,512GB,Purple,USA,Female,2,1009,2018,380.9,Nov-2025,2025
11763,2026-01-08,iPhone 14,256GB,White,UK,Male,1,799,799,122.61,Jan-2026,2026
11764,2026-07-18,iPhone 15 Pro Max,128GB,White,India,Male,1,1219,1219,283.78,Jul-2026,2026
11765,2026-05-09,iPhone 16 Pro,128GB,Purple,India,Male,2,1069,2138,461.98,May-2026,2026
11766,2026-06-23,iPhone 16 Pro,128GB,Purple,India,Female,1,1079,1079,223.11,Jun-2026,2026
11767,2025-06-05,iPhone 15,512GB,Green,Australia,Male,1,1019,1019,198.87,Jun-2025,2025
11768,2025-10-18,iPhone 16 Plus,128GB,Purple,USA,Female,2,879,1758,337.69,Oct-2025,2025
11769,2025-05-24,iPhone 14,256GB,Black,Singapore,Female,2,819,1638,275.0,May-2025,2025
11770,2025-04-16,iPhone 13,256GB,Blue,USA,Female,2,709,1418,218.47,Apr-2025,2025
11771,2026-02-24,iPhone 16,128GB,Black,India,Female,1,769,769,141.68,Feb-2026,2026
11772,2025-01-02,iPhone 16 Plus,128GB,White,India,Male,2,909,1818,336.6,Jan-2025,2025
11773,2026-08-12,iPhone 16 Pro,256GB,Black,UAE,Male,1,1209,1209,259.77,Aug-2026,2026
11774,2025-03-31,iPhone 15 Pro,128GB,Pink,USA,Female,1,1009,1009,213.97,Mar-2025,2025
11775,2025-12-11,iPhone 13,128GB,Pink,UK,Male,3,609,1827,281.42,Dec-2025,2025
11776,2025-12-16,iPhone 15 Pro Max,128GB,White,UAE,Male,2,1199,2398,496.7,Dec-2025,2025
11777,2026-04-04,iPhone 13,512GB,Black,UAE,Female,3,799,2397,403.83,Apr-2026,2026
11778,2025-09-20,iPhone 14,1TB,Blue,India,Male,1,969,969,150.17,Sep-2025,2025
11779,2025-12-17,iPhone 15 Pro,256GB,White,Canada,Female,4,1119,4476,920.72,Dec-2025,2025
11780,2025-04-18,iPhone 15 Pro Max,256GB,Pink,USA,Male,1,1269,1269,293.75,Apr-2025,2025
11781,2026-08-09,iPhone 15,256GB,White,USA,Male,3,899,2697,479.82,Aug-2026,2026
11782,2025-02-08,iPhone 16,256GB,Black,USA,Male,1,879,879,171.13,Feb-2025,2025
11783,2025-06-08,iPhone 13,1TB,Black,UK,Female,1,899,899,153.92,Jun-2025,2025
11784,2026-08-06,iPhone 14,128GB,Black,India,Female,1,669,669,124.88,Aug-2026,2026
11785,2025-11-08,iPhone 16 Plus,128GB,Green,USA,Male,1,919,919,180.73,Nov-2025,2025
11786,2025-08-29,iPhone 14,1TB,Black,India,Male,2,1009,2018,335.0,Aug-2025,2025
11787,2026-03-21,iPhone 16,256GB,Purple,India,Female,4,899,3596,667.7,Mar-2026,2026
11788,2025-10-25,iPhone 13,128GB,Pink,India,Male,1,579,579,114.24,Oct-2025,2025
11789,2025-02-05,iPhone 15 Pro,1TB,Natural Titanium,India,Male,2,1299,2598,547.15,Feb-2025,2025
11790,2025-03-25,iPhone 15,128GB,Pink,India,Male,4,819,3276,595.27,Mar-2025,2025
11791,2026-03-28,iPhone 14,128GB,Green,India,Female,2,679,1358,225.04,Mar-2026,2026
11792,2026-01-20,iPhone 16,256GB,Pink,Germany,Male,1,899,899,174.74,Jan-2026,2026
11793,2025-06-21,iPhone 16 Pro Max,128GB,Pink,India,Male,5,1169,5845,1339.28,Jun-2025,2025
11794,2026-01-11,iPhone 13,256GB,White,USA,Female,1,719,719,111.59,Jan-2026,2026
11795,2025-12-28,iPhone 15 Pro Max,128GB,Natural Titanium,India,Male,2,1179,2358,502.58,Dec-2025,2025
11796,2026-07-13,iPhone 16 Plus,128GB,Natural Titanium,Canada,Female,3,899,2697,517.82,Jul-2026,2026
11797,2025-05-21,iPhone 15 Pro Max,256GB,Black,India,Male,1,1319,1319,262.42,May-2025,2025
11798,2025-04-28,iPhone 16 Pro,256GB,Purple,India,Male,2,1219,2438,549.9,Apr-2025,2025
11799,2025-10-04,iPhone 15,128GB,Purple,India,Male,1,799,799,166.81,Oct-2025,2025
11800,2025-08-08,iPhone 16 Pro Max,1TB,White,Singapore,Female,1,1469,1469,332.5,Aug-2025,2025
11801,2025-01-26,iPhone 15 Pro,256GB,Purple,UK,Male,1,1079,1079,237.24,Jan-2025,2025
11802,2026-06-05,iPhone 15 Pro,128GB,White,India,Male,5,1019,5095,1065.3,Jun-2026,2026
11803,2025-01-10,iPhone 16 Pro,128GB,Natural Titanium,India,Female,4,1119,4476,984.63,Jan-2025,2025
11804,2026-01-13,iPhone 16,512GB,Natural Titanium,India,Female,1,979,979,179.36,Jan-2026,2026
11805,2026-08-07,iPhone 16,256GB,Natural Titanium,India,Male,1,919,919,169.53,Aug-2026,2026
11806,2025-06-01,iPhone 16 Plus,128GB,Purple,Canada,Male,1,869,869,160.02,Jun-2025,2025
11807,2025-02-18,iPhone 16,128GB,Pink,USA,Male,2,819,1638,288.27,Feb-2025,2025
11808,2025-06-03,iPhone 15,128GB,Natural Titanium,UK,Female,3,799,2397,435.4,Jun-2025,2025
11809,2025-10-20,iPhone 16 Plus,128GB,Blue,India,Female,5,899,4495,831.49,Oct-2025,2025
11810,2026-08-03,iPhone 14,256GB,Black,USA,Female,3,809,2427,407.83,Aug-2026,2026
11811,2025-02-19,iPhone 16 Pro,512GB,Blue,India,Female,2,1319,2638,559.0,Feb-2025,2025
11812,2026-06-15,iPhone 16 Pro Max,128GB,Pink,India,Female,1,1199,1199,271.29,Jun-2026,2026
11813,2025-03-01,iPhone 15 Pro,512GB,Green,UK,Male,1,1169,1169,248.61,Mar-2025,2025
11814,2025-06-16,iPhone 15 Pro Max,512GB,White,India,Male,2,1399,2798,631.91,Jun-2025,2025
11815,2025-07-21,iPhone 13,512GB,Purple,UK,Female,2,769,1538,245.5,Jul-2025,2025
11816,2025-05-26,iPhone 13,1TB,Purple,Australia,Male,3,879,2637,418.36,May-2025,2025
11817,2026-03-15,iPhone 16 Pro Max,512GB,Pink,India,Male,1,1419,1419,312.94,Mar-2026,2026
11818,2025-08-30,iPhone 14,256GB,Purple,Germany,Male,1,809,809,127.03,Aug-2025,2025
11819,2026-08-04,iPhone 15 Pro Max,128GB,Pink,India,Female,1,1209,1209,280.04,Aug-2026,2026
11820,2026-07-15,iPhone 16 Pro,128GB,Blue,India,Male,5,1099,5495,1214.42,Jul-2026,2026
11821,2026-04-28,iPhone 16 Pro,512GB,Green,UK,Male,3,1319,3957,859.63,Apr-2026,2026
11822,2025-04-18,iPhone 16,128GB,White,USA,Female,1,779,779,123.53,Apr-2025,2025
11823,2025-08-14,iPhone 16,128GB,Purple,India,Male,3,799,2397,475.11,Aug-2025,2025
11824,2026-03-08,iPhone 16,128GB,Green,Canada,Female,1,799,799,136.93,Mar-2026,2026
11825,2026-02-23,iPhone 16 Pro Max,512GB,Green,Singapore,Male,1,1399,1399,321.64,Feb-2026,2026
11826,2026-03-31,iPhone 16,256GB,Green,India,Female,1,869,869,154.61,Mar-2026,2026
11827,2025-06-09,iPhone 16,128GB,Black,Germany,Male,2,799,1598,290.43,Jun-2025,2025
11828,2026-06-07,iPhone 13,128GB,Green,USA,Female,2,579,1158,187.48,Jun-2026,2026
11829,2026-08-13,iPhone 14,256GB,Natural Titanium,Germany,Female,2,809,1618,285.34,Aug-2026,2026
11830,2025-03-18,iPhone 16,128GB,Pink,India,Female,2,769,1538,300.11,Mar-2025,2025
11831,2026-05-24,iPhone 16 Pro Max,256GB,Black,Canada,Female,1,1299,1299,305.95,May-2026,2026
11832,2026-03-17,iPhone 16 Pro,128GB,Natural Titanium,India,Male,1,1079,1079,225.09,Mar-2026,2026
11833,2025-09-11,iPhone 16 Pro Max,1TB,Black,Australia,Female,3,1499,4497,1036.34,Sep-2025,2025
11834,2025-11-16,iPhone 16,256GB,Green,UAE,Female,2,879,1758,338.01,Nov-2025,2025
11835,2025-09-20,iPhone 16 Pro,256GB,Purple,India,Female,1,1209,1209,249.0,Sep-2025,2025
11836,2026-08-20,iPhone 16 Pro,256GB,Purple,India,Female,1,1179,1179,234.33,Aug-2026,2026
11837,2026-07-08,iPhone 16,128GB,Purple,Canada,Male,1,779,779,148.63,Jul-2026,2026
11838,2026-01-09,iPhone 15 Pro,128GB,Purple,UK,Female,1,969,969,193.57,Jan-2026,2026
11839,2025-06-16,iPhone 15 Pro Max,256GB,Pink,India,Male,1,1309,1309,272.48,Jun-2025,2025
11840,2026-04-04,iPhone 16 Pro,512GB,Purple,USA,Female,2,1299,2598,547.41,Apr-2026,2026
11841,2025-10-07,iPhone 15 Pro,128GB,White,Canada,Male,3,1009,3027,627.2,Oct-2025,2025
11842,2025-10-29,iPhone 16 Pro Max,256GB,Green,India,Male,1,1299,1299,317.67,Oct-2025,2025
11843,2026-06-15,iPhone 15,1TB,Black,India,Female,3,1119,3357,614.6,Jun-2026,2026
11844,2026-08-03,iPhone 16 Plus,512GB,White,Germany,Female,2,1109,2218,439.01,Aug-2026,2026
11845,2025-08-06,iPhone 16,256GB,Purple,USA,Female,1,869,869,156.22,Aug-2025,2025
11846,2025-04-12,iPhone 16 Plus,256GB,White,India,Female,2,999,1998,392.49,Apr-2025,2025
11847,2026-07-08,iPhone 15 Pro Max,512GB,Black,India,Female,1,1409,1409,324.83,Jul-2026,2026
11848,2025-10-15,iPhone 16 Pro Max,1TB,Purple,Germany,Female,2,1519,3038,716.57,Oct-2025,2025
11849,2025-06-16,iPhone 16,1TB,White,India,Male,1,1099,1099,205.73,Jun-2025,2025
11850,2025-02-05,iPhone 15,256GB,Pink,UK,Female,1,869,869,150.67,Feb-2025,2025
11851,2025-12-19,iPhone 16,128GB,Pink,Australia,Female,2,779,1558,294.97,Dec-2025,2025
11852,2025-03-14,iPhone 15,128GB,Green,India,Female,1,819,819,148.52,Mar-2025,2025
11853,2025-12-19,iPhone 15 Pro,128GB,Green,Canada,Female,1,999,999,194.08,Dec-2025,2025
11854,2025-03-11,iPhone 15 Pro,512GB,Natural Titanium,USA,Female,1,1209,1209,247.0,Mar-2025,2025
11855,2026-03-01,iPhone 16 Pro,512GB,White,UK,Male,1,1299,1299,299.13,Mar-2026,2026
11856,2026-07-15,iPhone 15 Pro Max,256GB,Black,India,Female,3,1309,3927,857.25,Jul-2026,2026
11857,2026-06-01,iPhone 16 Plus,256GB,Pink,UAE,Male,1,969,969,184.99,Jun-2026,2026
11858,2026-03-04,iPhone 15 Pro,128GB,Blue,India,Female,1,979,979,211.3,Mar-2026,2026
11859,2026-06-23,iPhone 15,128GB,Green,India,Male,1,769,769,153.36,Jun-2026,2026
11860,2025-06-09,iPhone 16 Pro Max,256GB,Natural Titanium,Germany,Female,1,1319,1319,310.62,Jun-2025,2025
11861,2025-05-29,iPhone 16,128GB,Pink,India,Female,2,799,1598,314.8,May-2025,2025
11862,2025-08-18,iPhone 16 Pro Max,128GB,Natural Titanium,Canada,Female,1,1209,1209,283.26,Aug-2025,2025
11863,2026-07-16,iPhone 15,256GB,Purple,India,Male,3,899,2697,488.94,Jul-2026,2026
11864,2025-03-08,iPhone 14,128GB,White,USA,Male,2,719,1438,254.93,Mar-2025,2025
11865,2026-01-16,iPhone 16 Pro,1TB,Natural Titanium,Canada,Female,1,1419,1419,284.24,Jan-2026,2026
11866,2025-02-27,iPhone 16 Plus,128GB,Pink,India,Female,2,869,1738,338.7,Feb-2025,2025
11867,2025-09-16,iPhone 15,512GB,Pink,Australia,Male,2,1009,2018,338.33,Sep-2025,2025
11868,2025-12-08,iPhone 15,128GB,White,USA,Male,1,799,799,137.63,Dec-2025,2025
11869,2025-05-10,iPhone 16 Pro,128GB,Green,India,Male,1,1109,1109,254.73,May-2025,2025
11870,2025-06-21,iPhone 15 Pro Max,256GB,Green,UAE,Female,1,1299,1299,283.82,Jun-2025,2025
11871,2025-07-28,iPhone 16 Plus,256GB,Blue,India,Female,1,969,969,183.27,Jul-2025,2025
11872,2025-12-20,iPhone 15 Pro,256GB,Blue,India,Female,1,1069,1069,227.37,Dec-2025,2025
11873,2026-04-16,iPhone 15 Pro,128GB,Green,UAE,Female,2,999,1998,441.86,Apr-2026,2026
11874,2025-04-26,iPhone 16 Pro Max,128GB,Green,India,Male,2,1179,2358,516.32,Apr-2025,2025
11875,2025-09-21,iPhone 15,256GB,Natural Titanium,India,Female,3,919,2757,487.6,Sep-2025,2025
11876,2026-03-18,iPhone 15 Pro Max,128GB,Green,Canada,Male,2,1199,2398,544.29,Mar-2026,2026
11877,2026-07-02,iPhone 16 Pro,128GB,Green,Canada,Male,2,1079,2158,471.73,Jul-2026,2026
11878,2026-03-29,iPhone 15,256GB,Pink,USA,Male,2,909,1818,324.89,Mar-2026,2026
11879,2026-04-22,iPhone 15 Pro Max,128GB,Blue,USA,Male,5,1199,5995,1327.1,Apr-2026,2026
11880,2025-10-14,iPhone 16,128GB,White,UAE,Male,1,799,799,136.87,Oct-2025,2025
11881,2025-10-30,iPhone 15 Pro Max,128GB,Black,USA,Male,1,1219,1219,278.77,Oct-2025,2025
11882,2025-11-07,iPhone 15 Pro Max,1TB,White,USA,Male,1,1499,1499,325.39,Nov-2025,2025
11883,2025-07-27,iPhone 15 Pro,128GB,Purple,Singapore,Male,2,999,1998,417.6,Jul-2025,2025
11884,2026-03-22,iPhone 16,512GB,Black,India,Female,1,969,969,174.35,Mar-2026,2026
11885,2025-02-24,iPhone 16,128GB,Pink,UK,Male,1,799,799,157.87,Feb-2025,2025
11886,2025-01-12,iPhone 16,256GB,Purple,Australia,Male,2,899,1798,337.82,Jan-2025,2025
11887,2026-02-04,iPhone 14,128GB,Blue,UAE,Male,4,699,2796,478.63,Feb-2026,2026
11888,2026-05-30,iPhone 16,128GB,Black,Australia,Female,5,779,3895,735.59,May-2026,2026
11889,2026-06-26,iPhone 16 Pro Max,512GB,Green,India,Female,2,1399,2798,643.03,Jun-2026,2026
11890,2025-08-25,iPhone 16,512GB,Purple,India,Female,1,969,969,177.4,Aug-2025,2025
11891,2025-10-06,iPhone 16 Plus,256GB,Pink,Australia,Female,3,999,2997,565.26,Oct-2025,2025
11892,2025-12-14,iPhone 16,512GB,Black,USA,Male,3,979,2937,547.74,Dec-2025,2025
11893,2025-04-14,iPhone 16 Pro,128GB,Green,UAE,Male,4,1119,4476,972.83,Apr-2025,2025
11894,2026-06-01,iPhone 16 Pro Max,128GB,Purple,India,Male,2,1199,2398,572.55,Jun-2026,2026
11895,2025-09-05,iPhone 15,128GB,Pink,UAE,Female,1,799,799,146.03,Sep-2025,2025
11896,2025-12-30,iPhone 15 Pro Max,512GB,Purple,USA,Female,1,1399,1399,282.7,Dec-2025,2025
11897,2025-11-17,iPhone 15 Pro,128GB,Black,India,Male,4,999,3996,837.75,Nov-2025,2025
11898,2025-10-13,iPhone 15 Pro,512GB,Green,USA,Male,1,1219,1219,267.81,Oct-2025,2025
11899,2025-05-29,iPhone 14,128GB,Blue,UAE,Male,1,679,679,95.4,May-2025,2025
11900,2025-03-25,iPhone 16 Pro,256GB,Natural Titanium,India,Male,2,1219,2438,543.08,Mar-2025,2025
11901,2026-02-10,iPhone 13,128GB,Pink,UK,Female,1,619,619,98.3,Feb-2026,2026
11902,2026-04-01,iPhone 16,128GB,Black,USA,Female,4,769,3076,563.11,Apr-2026,2026
11903,2025-06-10,iPhone 16,256GB,Green,India,Female,1,879,879,159.35,Jun-2025,2025
11904,2026-04-05,iPhone 15,256GB,Blue,UAE,Male,1,899,899,159.2,Apr-2026,2026
11905,2026-07-04,iPhone 16 Pro Max,512GB,Purple,India,Male,5,1369,6845,1558.93,Jul-2026,2026
11906,2026-05-15,iPhone 16 Pro,256GB,Green,India,Female,1,1199,1199,254.58,May-2026,2026
11907,2026-05-24,iPhone 15 Pro Max,256GB,Natural Titanium,USA,Female,3,1319,3957,873.28,May-2026,2026
11908,2026-04-26,iPhone 15 Pro Max,512GB,Blue,UAE,Male,1,1399,1399,310.61,Apr-2026,2026
11909,2025-04-24,iPhone 15,256GB,Black,Germany,Male,2,909,1818,332.43,Apr-2025,2025
11910,2026-08-01,iPhone 16 Plus,256GB,Green,India,Female,1,999,999,181.73,Aug-2026,2026
11911,2025-12-27,iPhone 14,128GB,Natural Titanium,USA,Male,2,709,1418,254.01,Dec-2025,2025
11912,2025-12-07,iPhone 16 Plus,128GB,Green,India,Male,1,879,879,165.28,Dec-2025,2025
11913,2026-03-25,iPhone 16 Pro,256GB,White,UAE,Male,4,1179,4716,1032.27,Mar-2026,2026
11914,2025-06-29,iPhone 15,512GB,Pink,USA,Female,1,1019,1019,180.54,Jun-2025,2025
11915,2026-02-11,iPhone 16 Pro,128GB,Green,UAE,Male,1,1069,1069,239.36,Feb-2026,2026
11916,2025-07-15,iPhone 13,128GB,Natural Titanium,India,Female,4,619,2476,399.57,Jul-2025,2025
11917,2026-04-11,iPhone 16 Pro Max,256GB,Blue,Australia,Male,2,1299,2598,591.93,Apr-2026,2026
11918,2025-11-07,iPhone 14,128GB,Pink,USA,Male,2,669,1338,238.65,Nov-2025,2025
11919,2025-09-19,iPhone 16,256GB,Black,Germany,Female,2,869,1738,327.59,Sep-2025,2025
11920,2026-02-23,iPhone 15,256GB,Natural Titanium,India,Female,1,879,879,166.32,Feb-2026,2026
11921,2026-02-10,iPhone 16 Pro,128GB,Pink,USA,Female,1,1079,1079,253.67,Feb-2026,2026
11922,2025-05-23,iPhone 16,512GB,White,Canada,Male,4,1019,4076,768.3,May-2025,2025
11923,2025-12-08,iPhone 14,256GB,Black,UK,Male,1,799,799,131.09,Dec-2025,2025
11924,2025-11-12,iPhone 16,256GB,Green,India,Female,1,879,879,153.53,Nov-2025,2025
11925,2025-04-11,iPhone 15 Pro,128GB,Natural Titanium,Singapore,Male,2,999,1998,408.2,Apr-2025,2025
11926,2025-09-01,iPhone 16,128GB,Purple,India,Male,1,809,809,161.68,Sep-2025,2025
11927,2026-05-05,iPhone 16 Pro,512GB,Black,India,Male,2,1319,2638,588.22,May-2026,2026
11928,2025-01-12,iPhone 15 Pro,128GB,Natural Titanium,USA,Male,1,999,999,187.61,Jan-2025,2025
11929,2025-08-27,iPhone 15,128GB,Black,USA,Male,3,819,2457,429.9,Aug-2025,2025
11930,2026-07-15,iPhone 13,128GB,White,Canada,Female,1,609,609,113.96,Jul-2026,2026
11931,2025-02-11,iPhone 16,128GB,Blue,USA,Female,1,779,779,137.76,Feb-2025,2025
11932,2026-08-17,iPhone 15 Pro,128GB,Black,USA,Female,3,999,2997,626.13,Aug-2026,2026
11933,2026-03-05,iPhone 15 Pro,128GB,Natural Titanium,USA,Female,1,999,999,210.22,Mar-2026,2026
11934,2025-06-07,iPhone 15,512GB,Blue,USA,Male,1,1019,1019,185.26,Jun-2025,2025
11935,2025-08-04,iPhone 15 Pro Max,256GB,Pink,Germany,Male,3,1319,3957,852.94,Aug-2025,2025
11936,2026-04-07,iPhone 16 Pro Max,128GB,Purple,Australia,Female,2,1169,2338,539.59,Apr-2026,2026
11937,2025-05-14,iPhone 15 Pro,256GB,White,USA,Female,1,1099,1099,195.88,May-2025,2025
11938,2025-03-08,iPhone 16,128GB,Green,India,Male,1,799,799,143.88,Mar-2025,2025
11939,2025-01-07,iPhone 16 Pro,256GB,Natural Titanium,Germany,Male,3,1179,3537,773.77,Jan-2025,2025
11940,2026-06-10,iPhone 16 Plus,128GB,Natural Titanium,India,Male,1,879,879,147.36,Jun-2026,2026
11941,2025-03-14,iPhone 15 Pro,128GB,Natural Titanium,India,Male,4,969,3876,821.8,Mar-2025,2025
11942,2026-02-03,iPhone 16,512GB,Black,India,Male,1,1019,1019,182.55,Feb-2026,2026
11943,2026-02-09,iPhone 16 Pro,128GB,Purple,India,Male,3,1119,3357,758.58,Feb-2026,2026
11944,2026-08-01,iPhone 13,512GB,Purple,Canada,Female,1,769,769,127.89,Aug-2026,2026
11945,2025-05-10,iPhone 15 Pro Max,128GB,Blue,UK,Male,1,1179,1179,256.35,May-2025,2025
11946,2026-04-11,iPhone 15,128GB,Black,Singapore,Female,1,769,769,147.15,Apr-2026,2026
11947,2025-07-25,iPhone 15 Pro,256GB,Natural Titanium,India,Male,1,1099,1099,210.59,Jul-2025,2025
11948,2025-09-23,iPhone 15 Pro Max,256GB,Purple,USA,Female,1,1299,1299,287.88,Sep-2025,2025
11949,2026-06-21,iPhone 16 Plus,128GB,Natural Titanium,Singapore,Male,1,899,899,155.6,Jun-2026,2026
11950,2025-09-10,iPhone 14,128GB,Natural Titanium,Canada,Female,3,719,2157,376.4,Sep-2025,2025
11951,2025-10-16,iPhone 16,128GB,Natural Titanium,UAE,Male,1,769,769,140.56,Oct-2025,2025
11952,2025-06-13,iPhone 16,512GB,White,India,Female,5,979,4895,904.66,Jun-2025,2025
11953,2025-04-05,iPhone 15 Pro Max,128GB,Green,Canada,Female,1,1219,1219,251.63,Apr-2025,2025
11954,2025-04-20,iPhone 16 Plus,128GB,Pink,India,Male,2,919,1838,349.11,Apr-2025,2025
11955,2025-12-02,iPhone 15 Pro,512GB,Pink,USA,Male,3,1209,3627,765.69,Dec-2025,2025
11956,2025-08-26,iPhone 16 Pro Max,128GB,Blue,UK,Male,4,1179,4716,1065.8,Aug-2025,2025
11957,2026-01-16,iPhone 15 Pro Max,128GB,Purple,UK,Male,1,1219,1219,245.66,Jan-2026,2026
11958,2026-03-12,iPhone 16,128GB,Pink,UAE,Male,2,809,1618,302.12,Mar-2026,2026
11959,2026-04-28,iPhone 16 Pro,256GB,Blue,UAE,Female,1,1209,1209,285.08,Apr-2026,2026
11960,2025-01-25,iPhone 15,128GB,Green,India,Male,1,799,799,137.24,Jan-2025,2025
11961,2025-04-27,iPhone 14,128GB,Natural Titanium,USA,Female,2,709,1418,243.58,Apr-2025,2025
11962,2026-04-27,iPhone 16 Plus,512GB,Black,UAE,Female,1,1099,1099,177.02,Apr-2026,2026
11963,2026-01-27,iPhone 15 Pro Max,128GB,White,India,Female,1,1199,1199,296.12,Jan-2026,2026
11964,2026-06-21,iPhone 16 Pro,128GB,Green,India,Male,1,1119,1119,232.85,Jun-2026,2026
11965,2025-03-20,iPhone 16 Pro Max,128GB,Green,India,Female,1,1199,1199,276.81,Mar-2025,2025
11966,2026-08-03,iPhone 15 Pro,256GB,Pink,USA,Male,1,1079,1079,204.2,Aug-2026,2026
11967,2025-06-22,iPhone 15 Pro Max,512GB,Pink,Singapore,Male,3,1379,4137,914.97,Jun-2025,2025
11968,2025-01-12,iPhone 15 Pro,128GB,White,India,Male,1,1019,1019,206.69,Jan-2025,2025
11969,2025-05-08,iPhone 15 Pro,128GB,Black,USA,Female,2,1019,2038,430.67,May-2025,2025
11970,2026-08-31,iPhone 16 Pro,128GB,Green,UAE,Female,3,1079,3237,708.46,Aug-2026,2026
11971,2025-04-02,iPhone 16 Plus,128GB,Purple,India,Male,2,879,1758,339.58,Apr-2025,2025
11972,2026-06-27,iPhone 15 Pro Max,256GB,Pink,Germany,Male,2,1299,2598,583.98,Jun-2026,2026
11973,2026-06-16,iPhone 13,128GB,Green,USA,Male,2,599,1198,174.63,Jun-2026,2026
11974,2026-03-23,iPhone 15 Pro,128GB,Black,Australia,Female,1,999,999,229.65,Mar-2026,2026
11975,2026-01-25,iPhone 15 Pro,256GB,Blue,India,Female,1,1099,1099,222.08,Jan-2026,2026
11976,2025-02-12,iPhone 16 Pro,128GB,Black,India,Male,4,1099,4396,972.43,Feb-2025,2025
11977,2025-09-11,iPhone 14,256GB,Green,India,Male,5,779,3895,651.38,Sep-2025,2025
11978,2025-05-10,iPhone 16 Pro,128GB,Green,India,Female,2,1079,2158,476.16,May-2025,2025
11979,2025-03-01,iPhone 16,512GB,White,Australia,Male,1,999,999,185.18,Mar-2025,2025
11980,2026-04-12,iPhone 16 Plus,128GB,Green,India,Male,1,899,899,194.45,Apr-2026,2026
11981,2025-10-14,iPhone 15 Pro Max,512GB,Pink,UK,Female,2,1369,2738,592.88,Oct-2025,2025
11982,2026-06-01,iPhone 16 Plus,128GB,Purple,India,Male,3,869,2607,514.47,Jun-2026,2026
11983,2026-04-12,iPhone 16,256GB,White,Canada,Female,2,919,1838,336.98,Apr-2026,2026
11984,2025-12-11,iPhone 16 Pro,128GB,Green,Canada,Male,2,1079,2158,493.88,Dec-2025,2025
11985,2026-01-17,iPhone 15 Pro Max,256GB,Black,USA,Female,2,1319,2638,592.02,Jan-2026,2026
11986,2025-09-10,iPhone 15 Pro Max,128GB,Green,India,Female,1,1199,1199,259.23,Sep-2025,2025
11987,2025-02-25,iPhone 16,256GB,Black,UK,Male,3,879,2637,498.89,Feb-2025,2025
11988,2026-04-08,iPhone 14,256GB,Black,India,Female,1,819,819,141.08,Apr-2026,2026
11989,2026-04-02,iPhone 15 Pro Max,256GB,Green,India,Male,2,1319,2638,580.37,Apr-2026,2026
11990,2025-03-24,iPhone 16 Pro Max,256GB,Black,UK,Male,1,1309,1309,305.89,Mar-2025,2025
11991,2025-04-09,iPhone 13,128GB,Purple,Singapore,Male,1,569,569,92.43,Apr-2025,2025
11992,2025-05-29,iPhone 15 Pro,128GB,Blue,Germany,Male,1,999,999,197.74,May-2025,2025
11993,2025-11-25,iPhone 15 Pro,256GB,White,UK,Male,4,1079,4316,899.96,Nov-2025,2025
11994,2025-06-05,iPhone 16,128GB,Green,USA,Female,2,809,1618,310.74,Jun-2025,2025
11995,2025-07-09,iPhone 14,128GB,Natural Titanium,Singapore,Male,1,699,699,105.86,Jul-2025,2025
11996,2026-05-09,iPhone 16,128GB,Blue,USA,Male,3,819,2457,460.45,May-2026,2026
11997,2025-09-20,iPhone 14,128GB,Black,USA,Female,2,709,1418,247.39,Sep-2025,2025
11998,2025-03-21,iPhone 14,256GB,Black,Germany,Female,2,799,1598,274.54,Mar-2025,2025
11999,2026-02-04,iPhone 16 Plus,256GB,White,India,Male,2,999,1998,376.07,Feb-2026,2026
12000,2025-09-17,iPhone 15 Pro,512GB,Blue,India,Male,1,1199,1199,263.95,Sep-2025,2025
12001,2026-07-06,iPhone 16 Pro Max,128GB,Blue,UK,Male,1,1219,1219,291.98,Jul-2026,2026
12002,2025-04-11,iPhone 13,512GB,Green,India,Male,1,799,799,120.74,Apr-2025,2025
12003,2025-12-25,iPhone 15 Pro Max,256GB,Black,India,Female,2,1299,2598,579.5,Dec-2025,2025
12004,2026-01-15,iPhone 14,512GB,Natural Titanium,USA,Male,1,899,899,142.05,Jan-2026,2026
12005,2025-08-09,iPhone 15 Pro,512GB,Pink,USA,Female,1,1219,1219,259.1,Aug-2025,2025
12006,2026-02-24,iPhone 16 Pro Max,256GB,Natural Titanium,Singapore,Female,1,1299,1299,301.76,Feb-2026,2026
12007,2025-05-04,iPhone 16 Pro,128GB,Green,India,Female,1,1099,1099,241.78,May-2025,2025
12008,2026-02-26,iPhone 13,128GB,Green,India,Male,4,579,2316,367.34,Feb-2026,2026
12009,2025-08-19,iPhone 16,128GB,Green,India,Female,4,799,3196,607.9,Aug-2025,2025
12010,2025-03-04,iPhone 16,1TB,White,UK,Female,1,1119,1119,212.41,Mar-2025,2025
12011,2026-04-30,iPhone 15,1TB,White,UAE,Female,3,1069,3207,549.95,Apr-2026,2026
12012,2026-07-28,iPhone 14,256GB,Green,USA,Female,2,779,1558,281.45,Jul-2026,2026
12013,2026-04-28,iPhone 16 Pro Max,512GB,Purple,India,Male,3,1419,4257,986.61,Apr-2026,2026
12014,2026-06-03,iPhone 16 Pro Max,512GB,Pink,UK,Female,1,1399,1399,316.22,Jun-2026,2026
12015,2025-06-04,iPhone 16 Pro Max,256GB,Blue,USA,Female,1,1269,1269,303.22,Jun-2025,2025
12016,2025-04-02,iPhone 16 Pro,256GB,Blue,India,Male,4,1199,4796,1048.84,Apr-2025,2025
12017,2026-06-10,iPhone 16,128GB,Black,USA,Female,4,779,3116,559.83,Jun-2026,2026
12018,2026-03-31,iPhone 15 Pro,128GB,Blue,USA,Female,1,999,999,213.83,Mar-2026,2026
12019,2026-08-21,iPhone 15,128GB,Natural Titanium,Singapore,Female,3,799,2397,412.15,Aug-2026,2026
12020,2026-05-25,iPhone 14,128GB,Blue,Australia,Female,2,699,1398,221.6,May-2026,2026
12021,2025-07-02,iPhone 16 Plus,256GB,Pink,UAE,Male,1,979,979,172.96,Jul-2025,2025
12022,2026-01-21,iPhone 16 Pro,128GB,Blue,Australia,Female,1,1109,1109,245.11,Jan-2026,2026
12023,2026-07-28,iPhone 16 Pro,512GB,Natural Titanium,UAE,Female,1,1299,1299,287.76,Jul-2026,2026
12024,2026-02-09,iPhone 16 Pro Max,128GB,Pink,Germany,Female,3,1199,3597,839.98,Feb-2026,2026
12025,2025-09-03,iPhone 16 Pro,128GB,White,India,Female,5,1079,5395,1172.11,Sep-2025,2025
12026,2026-08-14,iPhone 16 Pro Max,512GB,Pink,USA,Male,2,1369,2738,620.94,Aug-2026,2026
12027,2026-04-16,iPhone 15,256GB,White,UAE,Male,2,909,1818,342.64,Apr-2026,2026
12028,2026-02-27,iPhone 16 Pro,128GB,Pink,UK,Female,2,1119,2238,498.62,Feb-2026,2026
12029,2025-03-06,iPhone 16,256GB,Green,India,Female,1,899,899,174.5,Mar-2025,2025
12030,2025-01-13,iPhone 15,128GB,Natural Titanium,India,Male,1,779,779,139.77,Jan-2025,2025
12031,2025-08-01,iPhone 16 Pro Max,512GB,Purple,India,Female,1,1399,1399,326.58,Aug-2025,2025
12032,2025-08-30,iPhone 16 Pro,256GB,White,India,Female,2,1199,2398,527.92,Aug-2025,2025
12033,2026-05-08,iPhone 14,128GB,White,India,Female,3,679,2037,347.48,May-2026,2026
12034,2025-08-01,iPhone 13,256GB,Blue,USA,Female,1,699,699,117.34,Aug-2025,2025
12035,2025-12-04,iPhone 16 Plus,512GB,White,Australia,Male,1,1119,1119,201.67,Dec-2025,2025
12036,2025-06-22,iPhone 16,256GB,Pink,UAE,Female,3,909,2727,520.39,Jun-2025,2025
12037,2025-06-13,iPhone 16 Pro Max,512GB,Green,Australia,Female,1,1369,1369,291.49,Jun-2025,2025
12038,2026-04-10,iPhone 15,128GB,Green,Australia,Female,2,799,1598,287.7,Apr-2026,2026
12039,2026-05-12,iPhone 14,512GB,Blue,USA,Female,1,899,899,146.81,May-2026,2026
12040,2026-01-30,iPhone 15,256GB,Pink,India,Male,2,869,1738,322.62,Jan-2026,2026
12041,2025-11-04,iPhone 13,256GB,Pink,India,Female,3,709,2127,323.56,Nov-2025,2025
12042,2025-07-02,iPhone 13,128GB,Black,Germany,Female,1,609,609,99.77,Jul-2025,2025
12043,2026-05-25,iPhone 16 Pro Max,512GB,White,India,Female,3,1409,4227,979.62,May-2026,2026
12044,2026-06-30,iPhone 15 Pro,256GB,Blue,UAE,Female,1,1119,1119,243.92,Jun-2026,2026
12045,2026-07-18,iPhone 15 Pro Max,512GB,Green,India,Female,1,1399,1399,299.95,Jul-2026,2026
12046,2026-08-17,iPhone 13,128GB,Natural Titanium,Germany,Female,1,599,599,91.58,Aug-2026,2026
12047,2025-08-15,iPhone 15,128GB,Purple,USA,Female,3,809,2427,441.85,Aug-2025,2025
12048,2026-03-12,iPhone 16 Pro,128GB,Black,Canada,Male,1,1099,1099,227.93,Mar-2026,2026
12049,2026-02-26,iPhone 16,128GB,Pink,India,Male,1,799,799,146.44,Feb-2026,2026
12050,2026-07-08,iPhone 16 Plus,256GB,White,India,Male,2,999,1998,369.17,Jul-2026,2026
12051,2025-01-21,iPhone 15 Pro Max,256GB,Green,UK,Male,1,1319,1319,268.47,Jan-2025,2025
12052,2026-07-08,iPhone 15 Pro,256GB,Natural Titanium,Singapore,Female,1,1109,1109,250.48,Jul-2026,2026
12053,2026-02-01,iPhone 15 Pro Max,512GB,Black,USA,Male,1,1379,1379,303.69,Feb-2026,2026
12054,2025-04-15,iPhone 15 Pro,128GB,Pink,Germany,Female,3,1009,3027,623.09,Apr-2025,2025
12055,2025-07-11,iPhone 16 Pro,128GB,Green,Canada,Female,5,1079,5395,1158.74,Jul-2025,2025
12056,2025-01-17,iPhone 15 Pro,512GB,Green,Canada,Male,1,1199,1199,255.63,Jan-2025,2025
12057,2025-04-30,iPhone 16,256GB,Pink,USA,Male,2,899,1798,322.84,Apr-2025,2025
12058,2026-01-28,iPhone 14,256GB,Pink,USA,Male,1,819,819,131.2,Jan-2026,2026
12059,2026-03-01,iPhone 16 Plus,128GB,Blue,India,Female,2,879,1758,333.45,Mar-2026,2026
12060,2025-05-09,iPhone 16 Pro Max,256GB,Green,Singapore,Male,1,1309,1309,286.16,May-2025,2025
12061,2025-05-10,iPhone 16,128GB,Pink,Singapore,Female,1,769,769,165.94,May-2025,2025
12062,2026-07-26,iPhone 16,256GB,Purple,UAE,Female,3,869,2607,483.02,Jul-2026,2026
12063,2026-07-14,iPhone 16 Pro Max,1TB,Natural Titanium,India,Female,1,1509,1509,332.17,Jul-2026,2026
12064,2025-01-29,iPhone 16,256GB,Natural Titanium,India,Male,1,899,899,173.54,Jan-2025,2025
12065,2025-04-07,iPhone 15,128GB,Purple,Singapore,Male,4,779,3116,556.61,Apr-2025,2025
12066,2025-01-10,iPhone 15 Pro,256GB,Natural Titanium,India,Male,5,1079,5395,1156.11,Jan-2025,2025
12067,2025-08-30,iPhone 16 Plus,128GB,Black,Australia,Male,1,909,909,189.61,Aug-2025,2025
12068,2025-08-20,iPhone 16 Plus,128GB,Natural Titanium,India,Female,2,909,1818,363.43,Aug-2025,2025
12069,2025-10-11,iPhone 15 Pro,512GB,White,USA,Male,2,1199,2398,510.18,Oct-2025,2025
12070,2025-07-19,iPhone 15 Pro,128GB,Natural Titanium,Australia,Male,1,1019,1019,222.05,Jul-2025,2025
12071,2025-03-20,iPhone 16 Pro Max,512GB,Purple,India,Male,4,1379,5516,1264.22,Mar-2025,2025
12072,2025-06-22,iPhone 14,128GB,Blue,India,Female,3,719,2157,374.81,Jun-2025,2025
12073,2026-04-12,iPhone 15 Pro,256GB,Pink,Singapore,Male,3,1099,3297,684.46,Apr-2026,2026
12074,2026-08-04,iPhone 13,256GB,White,UAE,Male,1,699,699,110.27,Aug-2026,2026
12075,2026-02-20,iPhone 16 Pro,128GB,Blue,UAE,Female,1,1079,1079,220.7,Feb-2026,2026
12076,2026-03-25,iPhone 14,256GB,Green,UAE,Male,2,819,1638,273.18,Mar-2026,2026
12077,2025-03-28,iPhone 16 Plus,1TB,White,India,Male,1,1209,1209,236.42,Mar-2025,2025
12078,2025-04-11,iPhone 13,256GB,Purple,India,Male,1,709,709,126.56,Apr-2025,2025
12079,2025-01-08,iPhone 16 Plus,256GB,Blue,USA,Female,1,999,999,195.22,Jan-2025,2025
12080,2025-07-19,iPhone 16 Pro,1TB,Pink,India,Male,1,1419,1419,328.66,Jul-2025,2025
12081,2026-05-20,iPhone 15 Pro,128GB,Pink,USA,Male,1,1019,1019,196.97,May-2026,2026
12082,2025-03-28,iPhone 16,128GB,Natural Titanium,Canada,Female,1,769,769,152.4,Mar-2025,2025
12083,2025-02-12,iPhone 15 Pro,128GB,Blue,India,Male,1,999,999,199.24,Feb-2025,2025
12084,2026-01-20,iPhone 15 Pro,256GB,Green,UAE,Female,1,1109,1109,237.92,Jan-2026,2026
12085,2026-03-11,iPhone 16 Pro,512GB,Natural Titanium,India,Male,2,1319,2638,570.6,Mar-2026,2026
12086,2026-02-12,iPhone 15,256GB,Purple,India,Male,1,879,879,151.38,Feb-2026,2026
12087,2026-04-28,iPhone 16 Plus,512GB,Blue,USA,Female,4,1119,4476,860.69,Apr-2026,2026
12088,2025-01-17,iPhone 15,256GB,Black,Australia,Female,2,879,1758,319.36,Jan-2025,2025
12089,2025-05-28,iPhone 15,128GB,Blue,India,Male,3,779,2337,410.64,May-2025,2025
12090,2025-10-04,iPhone 15 Pro,128GB,Blue,USA,Female,4,999,3996,821.07,Oct-2025,2025
12091,2025-08-20,iPhone 16,512GB,Purple,UAE,Female,1,969,969,173.58,Aug-2025,2025
12092,2026-01-01,iPhone 15 Pro Max,128GB,Pink,India,Male,1,1199,1199,262.93,Jan-2026,2026
12093,2025-08-16,iPhone 16 Plus,256GB,Natural Titanium,USA,Female,1,979,979,171.45,Aug-2025,2025
12094,2026-03-12,iPhone 15,128GB,Green,Germany,Male,1,779,779,143.18,Mar-2026,2026
12095,2026-02-03,iPhone 13,128GB,Natural Titanium,USA,Male,1,609,609,84.27,Feb-2026,2026
12096,2025-07-30,iPhone 16 Pro,256GB,Blue,India,Male,3,1169,3507,769.23,Jul-2025,2025
12097,2026-01-26,iPhone 16 Pro,128GB,White,UK,Female,1,1109,1109,247.89,Jan-2026,2026
12098,2026-05-14,iPhone 13,512GB,Pink,UK,Male,5,799,3995,633.38,May-2026,2026
12099,2026-06-24,iPhone 16,128GB,Pink,India,Female,3,799,2397,468.16,Jun-2026,2026
12100,2026-07-17,iPhone 15 Pro,256GB,Blue,India,Male,2,1099,2198,466.0,Jul-2026,2026
12101,2026-05-06,iPhone 16 Pro,256GB,Purple,India,Male,1,1199,1199,252.64,May-2026,2026
12102,2026-03-18,iPhone 16 Pro,256GB,White,India,Female,2,1199,2398,513.98,Mar-2026,2026
12103,2025-09-18,iPhone 16 Pro,512GB,Blue,India,Female,1,1309,1309,306.61,Sep-2025,2025
12104,2025-12-16,iPhone 16 Pro,128GB,White,USA,Male,1,1079,1079,250.57,Dec-2025,2025
12105,2025-12-18,iPhone 15,128GB,Pink,India,Male,3,779,2337,416.39,Dec-2025,2025
12106,2026-06-04,iPhone 16 Pro,128GB,White,Germany,Female,1,1069,1069,238.65,Jun-2026,2026
12107,2025-11-16,iPhone 16,512GB,Natural Titanium,UK,Male,1,999,999,186.36,Nov-2025,2025
12108,2025-05-18,iPhone 13,1TB,Blue,Australia,Female,3,869,2607,424.94,May-2025,2025
12109,2026-07-04,iPhone 15 Pro Max,128GB,Black,USA,Female,1,1169,1169,259.15,Jul-2026,2026
12110,2026-01-03,iPhone 16 Pro Max,256GB,Black,India,Female,2,1279,2558,564.15,Jan-2026,2026
12111,2025-08-08,iPhone 16 Pro,128GB,White,USA,Female,2,1099,2198,497.27,Aug-2025,2025
12112,2025-12-03,iPhone 14,128GB,Purple,Canada,Female,1,679,679,131.64,Dec-2025,2025
12113,2025-08-11,iPhone 16 Plus,256GB,Blue,India,Male,3,1019,3057,575.13,Aug-2025,2025
12114,2025-12-26,iPhone 16 Pro,128GB,Green,India,Male,4,1069,4276,944.45,Dec-2025,2025
12115,2025-11-25,iPhone 15,128GB,Black,India,Male,1,799,799,156.84,Nov-2025,2025
12116,2026-04-08,iPhone 15 Pro Max,256GB,Pink,USA,Male,1,1319,1319,330.95,Apr-2026,2026
12117,2026-07-15,iPhone 16 Plus,256GB,Natural Titanium,India,Female,2,1019,2038,393.54,Jul-2026,2026
12118,2026-01-17,iPhone 15 Pro Max,128GB,Blue,India,Male,2,1219,2438,540.56,Jan-2026,2026
12119,2026-08-13,iPhone 14,256GB,Blue,India,Female,2,779,1558,275.19,Aug-2026,2026
12120,2025-06-18,iPhone 16 Plus,256GB,Natural Titanium,UAE,Female,1,999,999,201.32,Jun-2025,2025
12121,2025-08-05,iPhone 16 Pro Max,128GB,Black,USA,Female,1,1219,1219,286.75,Aug-2025,2025
12122,2026-01-13,iPhone 16,256GB,Natural Titanium,UK,Female,4,899,3596,667.77,Jan-2026,2026
12123,2025-04-29,iPhone 16 Pro,128GB,Natural Titanium,USA,Female,1,1109,1109,246.1,Apr-2025,2025
12124,2025-07-09,iPhone 15 Pro,128GB,Green,USA,Male,2,1009,2018,427.31,Jul-2025,2025
12125,2026-01-05,iPhone 15,128GB,Natural Titanium,India,Female,3,799,2397,413.83,Jan-2026,2026
12126,2025-05-29,iPhone 16,512GB,Pink,USA,Male,1,1009,1009,199.34,May-2025,2025
12127,2026-05-03,iPhone 15 Pro,128GB,Green,India,Female,2,999,1998,406.02,May-2026,2026
12128,2026-01-09,iPhone 16 Pro,128GB,Pink,USA,Male,1,1069,1069,251.01,Jan-2026,2026
12129,2025-06-09,iPhone 14,128GB,Black,UK,Male,5,699,3495,584.55,Jun-2025,2025
12130,2025-12-17,iPhone 15 Pro Max,128GB,Blue,India,Male,1,1199,1199,275.11,Dec-2025,2025
12131,2025-10-15,iPhone 15 Pro,256GB,Pink,India,Female,1,1069,1069,216.27,Oct-2025,2025
12132,2025-10-15,iPhone 16 Pro Max,128GB,Blue,India,Female,2,1199,2398,566.69,Oct-2025,2025
12133,2025-08-14,iPhone 15,512GB,White,India,Male,3,979,2937,545.28,Aug-2025,2025
12134,2026-06-07,iPhone 13,256GB,White,India,Male,1,669,669,113.82,Jun-2026,2026
12135,2026-06-06,iPhone 15,256GB,Black,Singapore,Male,1,879,879,150.66,Jun-2026,2026
12136,2025-09-30,iPhone 16 Pro,128GB,Black,India,Male,1,1109,1109,249.04,Sep-2025,2025
12137,2026-02-06,iPhone 15,128GB,Purple,USA,Male,1,799,799,135.07,Feb-2026,2026
12138,2025-07-02,iPhone 15,128GB,Black,UK,Male,3,799,2397,417.79,Jul-2025,2025
12139,2026-05-03,iPhone 14,256GB,White,UK,Female,1,809,809,131.37,May-2026,2026
12140,2025-05-04,iPhone 16 Plus,128GB,Pink,Germany,Male,2,869,1738,329.6,May-2025,2025
12141,2026-02-18,iPhone 13,256GB,Natural Titanium,Australia,Female,3,709,2127,332.68,Feb-2026,2026
12142,2025-06-21,iPhone 15 Pro,128GB,Natural Titanium,Canada,Male,4,979,3916,819.2,Jun-2025,2025
12143,2025-10-15,iPhone 15,128GB,Natural Titanium,Singapore,Female,2,779,1558,273.75,Oct-2025,2025
12144,2026-03-11,iPhone 16,128GB,Green,India,Female,1,819,819,155.78,Mar-2026,2026
12145,2025-04-23,iPhone 16 Plus,128GB,Natural Titanium,UK,Male,1,899,899,168.08,Apr-2025,2025
12146,2025-05-02,iPhone 16,512GB,Black,Australia,Male,5,1009,5045,940.35,May-2025,2025
12147,2026-06-28,iPhone 16 Pro Max,128GB,Natural Titanium,UK,Male,3,1219,3657,840.67,Jun-2026,2026
12148,2025-08-10,iPhone 16 Pro Max,512GB,Green,Singapore,Male,1,1399,1399,312.19,Aug-2025,2025
12149,2025-02-08,iPhone 15 Pro,256GB,Green,India,Male,4,1079,4316,895.5,Feb-2025,2025
12150,2026-05-12,iPhone 16 Pro,512GB,White,USA,Male,3,1269,3807,826.6,May-2026,2026
12151,2025-08-21,iPhone 16 Plus,128GB,Purple,Singapore,Male,4,909,3636,692.94,Aug-2025,2025
12152,2026-06-14,iPhone 16 Pro,512GB,Pink,India,Male,2,1299,2598,576.37,Jun-2026,2026
12153,2025-05-29,iPhone 15 Pro Max,128GB,White,UAE,Male,3,1199,3597,792.88,May-2025,2025
12154,2026-02-01,iPhone 16,256GB,Black,India,Male,4,899,3596,691.98,Feb-2026,2026
12155,2025-10-29,iPhone 15 Pro Max,128GB,White,UAE,Male,1,1199,1199,263.79,Oct-2025,2025
12156,2025-12-26,iPhone 16 Pro,128GB,White,Germany,Female,5,1119,5595,1232.47,Dec-2025,2025
12157,2025-08-26,iPhone 15,256GB,White,USA,Female,1,879,879,147.97,Aug-2025,2025
12158,2025-08-24,iPhone 15,256GB,Black,India,Female,1,899,899,167.75,Aug-2025,2025
12159,2025-07-22,iPhone 15 Pro,128GB,Black,India,Male,3,1009,3027,633.94,Jul-2025,2025
12160,2025-09-13,iPhone 15,128GB,White,Germany,Male,2,779,1558,287.95,Sep-2025,2025
12161,2026-08-21,iPhone 16,256GB,White,UAE,Male,4,899,3596,682.08,Aug-2026,2026
12162,2025-08-23,iPhone 14,128GB,Green,India,Male,1,699,699,118.87,Aug-2025,2025
12163,2025-12-11,iPhone 15 Pro,128GB,Pink,India,Female,1,969,969,194.02,Dec-2025,2025
12164,2026-06-18,iPhone 16 Pro Max,512GB,Green,Canada,Male,1,1399,1399,319.86,Jun-2026,2026
12165,2026-04-11,iPhone 15 Pro,1TB,Purple,Canada,Female,1,1299,1299,297.19,Apr-2026,2026
12166,2026-06-25,iPhone 16 Plus,512GB,Pink,India,Female,2,1099,2198,395.4,Jun-2026,2026
12167,2025-08-01,iPhone 14,512GB,Purple,India,Female,1,869,869,142.27,Aug-2025,2025
12168,2026-04-08,iPhone 15,128GB,Pink,Canada,Male,1,819,819,156.81,Apr-2026,2026
12169,2026-03-12,iPhone 16 Pro,1TB,White,USA,Male,1,1379,1379,294.8,Mar-2026,2026
12170,2025-10-10,iPhone 16 Pro,128GB,Green,Singapore,Male,3,1119,3357,739.86,Oct-2025,2025
12171,2026-07-16,iPhone 15 Pro,128GB,Pink,USA,Male,1,969,969,202.3,Jul-2026,2026
12172,2026-08-30,iPhone 16 Pro Max,512GB,Purple,UAE,Female,2,1399,2798,653.74,Aug-2026,2026
12173,2026-04-08,iPhone 16 Pro Max,128GB,Pink,USA,Male,1,1209,1209,275.13,Apr-2026,2026
12174,2026-02-11,iPhone 16 Pro Max,256GB,Black,Germany,Female,1,1279,1279,274.41,Feb-2026,2026
12175,2025-03-29,iPhone 15 Pro Max,128GB,Pink,USA,Male,3,1209,3627,818.21,Mar-2025,2025
12176,2025-02-13,iPhone 15,128GB,Natural Titanium,India,Male,2,809,1618,289.7,Feb-2025,2025
12177,2026-04-06,iPhone 16,256GB,White,India,Male,2,879,1758,335.92,Apr-2026,2026
12178,2025-10-05,iPhone 16 Plus,128GB,Blue,Australia,Male,2,899,1798,336.17,Oct-2025,2025
12179,2026-02-25,iPhone 14,128GB,Black,USA,Female,2,719,1438,246.45,Feb-2026,2026
12180,2025-12-19,iPhone 16 Pro,128GB,Blue,India,Female,2,1099,2198,495.35,Dec-2025,2025
12181,2026-05-30,iPhone 13,128GB,White,USA,Female,3,599,1797,285.78,May-2026,2026
12182,2025-01-19,iPhone 15 Pro Max,128GB,Natural Titanium,India,Male,2,1219,2438,527.01,Jan-2025,2025
12183,2025-01-23,iPhone 15 Pro,512GB,Blue,India,Male,1,1199,1199,236.13,Jan-2025,2025
12184,2026-02-17,iPhone 16 Plus,128GB,Pink,India,Female,1,899,899,184.9,Feb-2026,2026
12185,2025-01-30,iPhone 15 Pro,512GB,Blue,UK,Male,4,1179,4716,985.07,Jan-2025,2025
12186,2025-04-18,iPhone 16 Pro,128GB,Green,UAE,Female,5,1079,5395,1193.53,Apr-2025,2025
12187,2026-01-02,iPhone 16,128GB,White,Canada,Male,1,769,769,154.42,Jan-2026,2026
12188,2025-10-08,iPhone 16 Pro,128GB,Green,Germany,Male,1,1119,1119,243.48,Oct-2025,2025
12189,2025-05-08,iPhone 16 Pro Max,128GB,Blue,USA,Male,1,1209,1209,277.13,May-2025,2025
12190,2025-08-17,iPhone 16 Plus,128GB,Natural Titanium,UAE,Female,2,909,1818,345.56,Aug-2025,2025
12191,2025-04-21,iPhone 16 Pro Max,128GB,Green,India,Male,1,1209,1209,287.74,Apr-2025,2025
12192,2025-05-16,iPhone 13,128GB,Black,India,Male,3,609,1827,282.55,May-2025,2025
12193,2025-12-28,iPhone 15 Pro,128GB,Blue,India,Male,4,969,3876,811.52,Dec-2025,2025
12194,2025-07-05,iPhone 14,256GB,Purple,USA,Female,5,799,3995,682.67,Jul-2025,2025
12195,2026-08-07,iPhone 15,1TB,Green,India,Male,1,1069,1069,196.18,Aug-2026,2026
12196,2025-05-09,iPhone 16 Pro,128GB,Pink,India,Female,4,1119,4476,992.18,May-2025,2025
12197,2025-09-18,iPhone 13,256GB,Blue,UK,Female,2,679,1358,201.32,Sep-2025,2025
12198,2026-05-30,iPhone 16,256GB,Natural Titanium,India,Female,1,899,899,166.89,May-2026,2026
12199,2026-03-25,iPhone 16,128GB,Purple,USA,Male,1,799,799,156.71,Mar-2026,2026
12200,2025-04-14,iPhone 16,512GB,Natural Titanium,USA,Female,2,999,1998,364.01,Apr-2025,2025
12201,2026-04-28,iPhone 15 Pro Max,1TB,Black,India,Male,4,1469,5876,1313.8,Apr-2026,2026
12202,2025-08-12,iPhone 16 Pro,128GB,Pink,India,Female,1,1079,1079,218.8,Aug-2025,2025
12203,2026-05-06,iPhone 14,256GB,Blue,India,Female,1,779,779,118.8,May-2026,2026
12204,2026-04-18,iPhone 15 Pro,256GB,Natural Titanium,India,Male,1,1119,1119,226.42,Apr-2026,2026
12205,2025-01-10,iPhone 16,128GB,Pink,UK,Female,5,799,3995,749.13,Jan-2025,2025
12206,2026-02-09,iPhone 16 Plus,128GB,Blue,Canada,Female,5,869,4345,831.57,Feb-2026,2026
12207,2025-10-29,iPhone 15 Pro,512GB,Blue,India,Male,1,1209,1209,254.91,Oct-2025,2025
12208,2025-08-19,iPhone 16 Pro,256GB,White,USA,Female,1,1199,1199,253.11,Aug-2025,2025
12209,2025-03-07,iPhone 15 Pro Max,128GB,Green,Canada,Male,4,1209,4836,1088.82,Mar-2025,2025
12210,2025-04-22,iPhone 15 Pro,128GB,Blue,India,Male,2,999,1998,428.58,Apr-2025,2025
12211,2025-01-13,iPhone 13,512GB,Black,India,Male,5,779,3895,626.32,Jan-2025,2025
12212,2026-01-28,iPhone 16,128GB,Purple,USA,Female,4,799,3196,615.88,Jan-2026,2026
12213,2026-05-15,iPhone 16 Plus,256GB,Green,UK,Male,1,999,999,194.6,May-2026,2026
12214,2026-08-21,iPhone 14,128GB,White,UK,Female,3,709,2127,363.93,Aug-2026,2026
12215,2025-08-22,iPhone 15 Pro,128GB,Green,UAE,Female,1,999,999,215.84,Aug-2025,2025
12216,2026-08-25,iPhone 16 Pro,128GB,Green,India,Female,3,1099,3297,724.86,Aug-2026,2026
12217,2025-11-10,iPhone 15 Pro,128GB,Blue,USA,Female,2,999,1998,427.63,Nov-2025,2025
12218,2026-07-20,iPhone 15,128GB,Black,India,Male,4,799,3196,576.23,Jul-2026,2026
12219,2025-01-12,iPhone 16 Plus,256GB,Blue,UAE,Female,5,999,4995,945.72,Jan-2025,2025
12220,2025-07-28,iPhone 15,256GB,Natural Titanium,Australia,Male,1,909,909,183.2,Jul-2025,2025
12221,2025-01-14,iPhone 16 Pro,128GB,Black,India,Female,1,1079,1079,238.38,Jan-2025,2025
12222,2026-02-22,iPhone 14,256GB,Natural Titanium,India,Male,2,769,1538,258.5,Feb-2026,2026
12223,2026-03-13,iPhone 16 Plus,128GB,Black,India,Male,3,899,2697,502.13,Mar-2026,2026
12224,2026-01-12,iPhone 15 Pro Max,128GB,Pink,India,Female,3,1179,3537,766.16,Jan-2026,2026
12225,2025-01-20,iPhone 16 Pro,128GB,Blue,India,Male,5,1119,5595,1231.42,Jan-2025,2025
12226,2026-08-10,iPhone 14,128GB,Natural Titanium,USA,Male,2,669,1338,223.12,Aug-2026,2026
12227,2025-03-11,iPhone 16 Plus,1TB,White,Singapore,Male,1,1209,1209,220.83,Mar-2025,2025
12228,2025-07-30,iPhone 16,256GB,Purple,USA,Male,1,899,899,186.33,Jul-2025,2025
12229,2025-04-11,iPhone 15 Pro Max,128GB,Green,India,Male,1,1179,1179,271.88,Apr-2025,2025
12230,2025-05-12,iPhone 15 Pro Max,256GB,Pink,India,Female,2,1299,2598,559.61,May-2025,2025
12231,2026-01-16,iPhone 16 Plus,128GB,Natural Titanium,India,Female,4,899,3596,679.12,Jan-2026,2026
12232,2025-05-12,iPhone 16 Pro Max,128GB,White,India,Male,1,1169,1169,249.39,May-2025,2025
12233,2025-01-20,iPhone 14,128GB,Purple,Canada,Male,3,719,2157,360.78,Jan-2025,2025
12234,2026-06-20,iPhone 13,256GB,Purple,India,Female,1,679,679,100.48,Jun-2026,2026
12235,2025-08-15,iPhone 16 Pro,128GB,Blue,Singapore,Male,1,1099,1099,239.85,Aug-2025,2025
12236,2025-06-03,iPhone 14,512GB,Black,USA,Female,2,919,1838,301.82,Jun-2025,2025
12237,2026-04-14,iPhone 16 Pro Max,128GB,Natural Titanium,USA,Male,1,1169,1169,247.59,Apr-2026,2026
12238,2026-02-09,iPhone 16,128GB,Blue,India,Male,4,779,3116,585.43,Feb-2026,2026
12239,2025-07-21,iPhone 16,1TB,Purple,UAE,Male,1,1099,1099,223.92,Jul-2025,2025
12240,2025-02-07,iPhone 15,128GB,Blue,USA,Female,1,799,799,136.19,Feb-2025,2025
12241,2025-07-07,iPhone 15,512GB,Pink,India,Female,3,1009,3027,568.13,Jul-2025,2025
12242,2025-02-26,iPhone 16,512GB,Natural Titanium,India,Male,5,1009,5045,948.5,Feb-2025,2025
12243,2025-01-20,iPhone 16 Pro Max,512GB,White,Germany,Male,2,1369,2738,630.7,Jan-2025,2025
12244,2025-09-30,iPhone 16 Pro Max,128GB,Purple,India,Female,1,1219,1219,284.25,Sep-2025,2025
12245,2025-04-29,iPhone 15,128GB,Natural Titanium,USA,Female,1,799,799,131.32,Apr-2025,2025
12246,2026-08-06,iPhone 14,256GB,Pink,India,Male,1,799,799,115.97,Aug-2026,2026
12247,2026-05-31,iPhone 13,256GB,White,India,Female,1,709,709,126.47,May-2026,2026
12248,2025-08-09,iPhone 16 Pro,256GB,Pink,India,Female,4,1199,4796,1068.26,Aug-2025,2025
12249,2026-06-10,iPhone 15 Pro,128GB,Green,India,Male,1,979,979,222.31,Jun-2026,2026
12250,2026-05-30,iPhone 13,128GB,Black,UAE,Male,2,579,1158,175.46,May-2026,2026
12251,2025-12-02,iPhone 15,256GB,Black,USA,Female,2,909,1818,331.67,Dec-2025,2025
12252,2025-02-24,iPhone 15 Pro,128GB,Black,Canada,Male,3,999,2997,629.84,Feb-2025,2025
12253,2026-05-15,iPhone 16 Pro Max,128GB,Green,UAE,Female,1,1199,1199,274.59,May-2026,2026
12254,2026-06-20,iPhone 16,128GB,Purple,India,Male,1,799,799,147.21,Jun-2026,2026
12255,2025-06-11,iPhone 15,128GB,Purple,UK,Female,1,809,809,154.93,Jun-2025,2025
12256,2026-08-17,iPhone 15 Pro,256GB,Green,UAE,Male,1,1069,1069,256.04,Aug-2026,2026
12257,2025-06-08,iPhone 15 Pro,256GB,Black,UK,Male,1,1099,1099,234.11,Jun-2025,2025
12258,2025-07-07,iPhone 13,128GB,Black,UK,Male,2,579,1158,187.42,Jul-2025,2025
12259,2025-03-01,iPhone 14,128GB,White,UAE,Male,1,719,719,114.36,Mar-2025,2025
12260,2025-11-15,iPhone 16 Plus,256GB,White,India,Male,1,979,979,194.09,Nov-2025,2025
12261,2025-07-30,iPhone 14,128GB,Blue,UAE,Male,1,719,719,92.73,Jul-2025,2025
12262,2026-02-10,iPhone 15,512GB,Natural Titanium,India,Female,5,969,4845,868.11,Feb-2026,2026
12263,2025-04-19,iPhone 15 Pro,256GB,Natural Titanium,UK,Female,2,1099,2198,465.95,Apr-2025,2025
12264,2025-03-17,iPhone 16 Plus,512GB,Natural Titanium,India,Female,3,1099,3297,629.38,Mar-2025,2025
12265,2026-06-26,iPhone 16,256GB,Pink,Australia,Male,1,919,919,173.46,Jun-2026,2026
12266,2025-11-10,iPhone 16 Plus,128GB,White,USA,Male,3,879,2637,478.92,Nov-2025,2025
12267,2025-04-27,iPhone 16,256GB,White,UK,Male,1,899,899,188.77,Apr-2025,2025
12268,2025-01-19,iPhone 16 Plus,128GB,White,Canada,Female,1,899,899,173.57,Jan-2025,2025
12269,2026-03-08,iPhone 13,128GB,White,Germany,Male,3,609,1827,292.04,Mar-2026,2026
12270,2025-12-16,iPhone 16 Pro Max,128GB,Green,UAE,Female,3,1209,3627,849.32,Dec-2025,2025
12271,2025-07-02,iPhone 14,128GB,Blue,India,Male,5,699,3495,608.66,Jul-2025,2025
12272,2025-04-23,iPhone 15 Pro,128GB,White,Australia,Female,3,979,2937,614.2,Apr-2025,2025
12273,2025-07-02,iPhone 16 Pro,128GB,Purple,UK,Male,1,1109,1109,240.87,Jul-2025,2025
12274,2026-04-26,iPhone 15 Pro Max,256GB,Pink,UK,Male,1,1299,1299,291.46,Apr-2026,2026
12275,2025-05-26,iPhone 16 Pro Max,1TB,Natural Titanium,Germany,Female,1,1469,1469,352.68,May-2025,2025
12276,2025-04-23,iPhone 15 Pro Max,128GB,White,India,Female,1,1199,1199,275.61,Apr-2025,2025
12277,2026-04-21,iPhone 16 Pro,256GB,Green,India,Female,3,1179,3537,766.55,Apr-2026,2026
12278,2025-10-30,iPhone 16 Pro,128GB,Purple,USA,Male,2,1079,2158,461.72,Oct-2025,2025
12279,2025-04-28,iPhone 16 Pro Max,512GB,Natural Titanium,UAE,Male,4,1399,5596,1276.72,Apr-2025,2025
12280,2025-06-10,iPhone 16 Pro Max,128GB,Black,USA,Female,2,1209,2418,562.72,Jun-2025,2025
12281,2026-02-05,iPhone 16 Pro,512GB,Black,UK,Male,2,1299,2598,566.95,Feb-2026,2026
12282,2025-07-17,iPhone 16 Plus,128GB,Natural Titanium,USA,Male,1,899,899,176.77,Jul-2025,2025
12283,2025-09-17,iPhone 15 Pro,512GB,Blue,UK,Female,1,1179,1179,232.03,Sep-2025,2025
12284,2025-02-16,iPhone 14,128GB,Black,Canada,Female,3,679,2037,336.36,Feb-2025,2025
12285,2026-02-03,iPhone 16 Plus,128GB,White,India,Female,5,899,4495,859.94,Feb-2026,2026
12286,2026-07-13,iPhone 16 Pro Max,128GB,Natural Titanium,UAE,Female,1,1169,1169,250.31,Jul-2026,2026
12287,2025-03-19,iPhone 16 Plus,128GB,Green,Canada,Male,3,899,2697,533.79,Mar-2025,2025
12288,2025-05-04,iPhone 16 Pro Max,512GB,Blue,USA,Male,2,1369,2738,643.07,May-2025,2025
12289,2025-03-16,iPhone 16 Pro,256GB,Purple,India,Female,4,1209,4836,1080.54,Mar-2025,2025
12290,2025-05-17,iPhone 15,128GB,White,India,Female,1,769,769,147.65,May-2025,2025
12291,2026-08-25,iPhone 15,1TB,Black,Canada,Female,2,1069,2138,362.37,Aug-2026,2026
12292,2026-02-04,iPhone 15 Pro,128GB,Pink,India,Female,1,1009,1009,225.38,Feb-2026,2026
12293,2026-05-20,iPhone 15,1TB,White,India,Male,2,1119,2238,411.57,May-2026,2026
12294,2026-05-15,iPhone 16,128GB,Pink,India,Male,1,819,819,151.58,May-2026,2026
12295,2026-07-27,iPhone 16 Pro Max,512GB,Purple,USA,Male,2,1399,2798,638.12,Jul-2026,2026
12296,2025-05-18,iPhone 16 Pro,128GB,Pink,UAE,Female,2,1099,2198,492.93,May-2025,2025
12297,2025-02-19,iPhone 15 Pro Max,256GB,Purple,Canada,Male,1,1269,1269,260.16,Feb-2025,2025
12298,2025-09-11,iPhone 13,128GB,Blue,USA,Female,2,599,1198,202.71,Sep-2025,2025
12299,2026-07-17,iPhone 15 Pro,256GB,Green,UAE,Male,2,1109,2218,458.05,Jul-2026,2026
12300,2026-03-02,iPhone 16,256GB,Black,UAE,Male,3,919,2757,525.8,Mar-2026,2026
12301,2026-07-01,iPhone 15 Pro,128GB,Black,India,Male,1,999,999,212.19,Jul-2026,2026
12302,2025-10-29,iPhone 14,1TB,White,India,Female,1,1019,1019,156.99,Oct-2025,2025
12303,2026-08-04,iPhone 15 Pro Max,1TB,Natural Titanium,Germany,Male,1,1469,1469,303.79,Aug-2026,2026
12304,2025-12-15,iPhone 15,1TB,Black,UAE,Female,1,1099,1099,200.82,Dec-2025,2025
12305,2025-02-18,iPhone 16 Pro Max,1TB,Blue,UK,Male,2,1509,3018,693.53,Feb-2025,2025
12306,2025-03-15,iPhone 14,256GB,Black,India,Male,1,809,809,140.89,Mar-2025,2025
12307,2025-09-18,iPhone 13,1TB,White,Canada,Male,1,869,869,126.87,Sep-2025,2025
12308,2025-12-22,iPhone 13,512GB,Black,UK,Female,1,819,819,141.55,Dec-2025,2025
12309,2026-08-05,iPhone 15 Pro,128GB,Green,Australia,Male,1,999,999,224.34,Aug-2026,2026
12310,2026-08-25,iPhone 16,256GB,Purple,Singapore,Female,5,899,4495,850.73,Aug-2026,2026
12311,2025-09-17,iPhone 16 Plus,512GB,Pink,Singapore,Male,5,1109,5545,1039.68,Sep-2025,2025
12312,2025-10-22,iPhone 15 Pro Max,256GB,Pink,Australia,Male,2,1269,2538,551.57,Oct-2025,2025
12313,2025-11-09,iPhone 16 Plus,128GB,Purple,India,Male,1,869,869,168.61,Nov-2025,2025
12314,2025-07-01,iPhone 15 Pro,128GB,Pink,Australia,Male,4,979,3916,827.73,Jul-2025,2025
12315,2025-12-30,iPhone 16,512GB,Green,India,Female,4,1019,4076,797.86,Dec-2025,2025
12316,2025-07-07,iPhone 13,1TB,Blue,Australia,Female,3,879,2637,431.8,Jul-2025,2025
12317,2026-07-23,iPhone 15 Pro,128GB,White,India,Female,2,999,1998,416.55,Jul-2026,2026
12318,2026-06-27,iPhone 16 Pro,128GB,Green,UK,Male,1,1069,1069,241.56,Jun-2026,2026
12319,2026-08-19,iPhone 16 Pro,128GB,White,India,Male,1,1119,1119,250.14,Aug-2026,2026
12320,2026-07-02,iPhone 16 Plus,256GB,Blue,Canada,Male,4,999,3996,759.82,Jul-2026,2026
12321,2026-02-12,iPhone 15,128GB,Green,India,Male,3,799,2397,451.42,Feb-2026,2026
12322,2026-02-18,iPhone 15,256GB,Black,USA,Male,1,899,899,154.3,Feb-2026,2026
12323,2025-12-08,iPhone 16 Pro Max,1TB,Natural Titanium,Canada,Female,1,1479,1479,347.38,Dec-2025,2025
12324,2025-08-08,iPhone 14,256GB,Blue,UAE,Female,2,799,1598,278.65,Aug-2025,2025
12325,2025-06-12,iPhone 15,128GB,Pink,India,Female,3,799,2397,453.27,Jun-2025,2025
12326,2025-08-08,iPhone 14,512GB,Green,USA,Male,2,899,1798,280.9,Aug-2025,2025
12327,2025-09-27,iPhone 15 Pro,256GB,Blue,India,Male,2,1119,2238,484.57,Sep-2025,2025
12328,2026-02-04,iPhone 15,128GB,Blue,UAE,Male,1,779,779,126.92,Feb-2026,2026
12329,2025-07-01,iPhone 15 Pro Max,128GB,Green,Singapore,Male,1,1179,1179,241.02,Jul-2025,2025
12330,2025-07-24,iPhone 15 Pro Max,256GB,Pink,UK,Female,2,1269,2538,546.97,Jul-2025,2025
12331,2026-08-05,iPhone 16 Pro Max,512GB,Purple,India,Male,3,1399,4197,947.56,Aug-2026,2026
12332,2026-07-10,iPhone 13,512GB,Pink,India,Female,1,799,799,142.08,Jul-2026,2026
12333,2025-08-16,iPhone 15 Pro,128GB,Blue,Singapore,Female,1,969,969,222.87,Aug-2025,2025
12334,2026-08-19,iPhone 16,128GB,White,India,Male,2,819,1638,302.76,Aug-2026,2026
12335,2025-09-07,iPhone 16,128GB,Purple,UK,Female,1,799,799,149.31,Sep-2025,2025
12336,2026-03-17,iPhone 15 Pro Max,256GB,Purple,USA,Female,2,1299,2598,585.13,Mar-2026,2026
12337,2026-06-17,iPhone 16 Pro,256GB,Blue,Canada,Male,2,1169,2338,534.41,Jun-2026,2026
12338,2025-07-15,iPhone 13,128GB,Green,Australia,Female,3,599,1797,289.33,Jul-2025,2025
12339,2026-06-03,iPhone 16 Pro,128GB,Green,India,Male,3,1069,3207,700.28,Jun-2026,2026
12340,2025-03-11,iPhone 15 Pro Max,1TB,Green,UAE,Female,1,1499,1499,312.74,Mar-2025,2025
12341,2026-02-03,iPhone 14,512GB,Pink,USA,Male,2,869,1738,281.08,Feb-2026,2026
12342,2025-07-22,iPhone 16 Pro,128GB,Black,India,Male,1,1069,1069,254.73,Jul-2025,2025
12343,2025-05-28,iPhone 16,256GB,Green,India,Male,3,919,2757,509.58,May-2025,2025
12344,2026-04-17,iPhone 15,256GB,Green,USA,Female,3,899,2697,490.16,Apr-2026,2026
12345,2025-07-18,iPhone 13,128GB,Purple,India,Male,1,579,579,89.74,Jul-2025,2025
12346,2026-03-02,iPhone 14,128GB,White,Canada,Male,1,719,719,118.09,Mar-2026,2026
12347,2026-05-07,iPhone 16,128GB,White,India,Male,1,799,799,133.18,May-2026,2026
12348,2025-05-22,iPhone 15,128GB,Blue,India,Male,2,799,1598,284.98,May-2025,2025
12349,2025-11-09,iPhone 15,256GB,Blue,India,Female,1,919,919,185.01,Nov-2025,2025
12350,2025-06-14,iPhone 13,128GB,Blue,India,Female,2,619,1238,197.94,Jun-2025,2025
12351,2025-11-10,iPhone 16 Plus,128GB,Green,USA,Female,2,879,1758,340.81,Nov-2025,2025
12352,2025-01-21,iPhone 16 Pro,256GB,White,USA,Female,2,1169,2338,496.72,Jan-2025,2025
12353,2025-03-23,iPhone 16 Pro,128GB,Blue,UAE,Female,3,1079,3237,710.79,Mar-2025,2025
12354,2026-08-04,iPhone 14,256GB,White,Singapore,Female,1,799,799,133.61,Aug-2026,2026
12355,2025-05-11,iPhone 16 Pro Max,128GB,Green,UAE,Female,4,1219,4876,1120.02,May-2025,2025
12356,2026-08-22,iPhone 16 Plus,128GB,Purple,India,Male,1,919,919,179.78,Aug-2026,2026
12357,2025-11-01,iPhone 16 Pro,1TB,Green,Germany,Male,1,1399,1399,310.71,Nov-2025,2025
12358,2026-01-06,iPhone 15 Pro Max,128GB,Blue,USA,Female,1,1169,1169,245.37,Jan-2026,2026
12359,2026-01-19,iPhone 15 Pro Max,256GB,Green,USA,Female,2,1319,2638,571.59,Jan-2026,2026
12360,2026-03-21,iPhone 16 Pro,128GB,Green,USA,Female,1,1099,1099,241.79,Mar-2026,2026
12361,2026-03-01,iPhone 14,512GB,White,India,Male,2,909,1818,334.52,Mar-2026,2026
12362,2025-06-10,iPhone 16,512GB,Black,Germany,Female,1,979,979,176.99,Jun-2025,2025
12363,2025-06-27,iPhone 16 Pro,128GB,Pink,India,Female,3,1109,3327,726.37,Jun-2025,2025
12364,2026-05-05,iPhone 16 Pro,256GB,Blue,UK,Male,2,1209,2418,527.99,May-2026,2026
12365,2025-11-23,iPhone 16 Pro Max,128GB,Natural Titanium,India,Male,2,1179,2358,546.31,Nov-2025,2025
12366,2026-08-21,iPhone 16 Plus,1TB,Black,Canada,Male,4,1199,4796,922.8,Aug-2026,2026
12367,2025-10-16,iPhone 15,128GB,Purple,Canada,Female,3,779,2337,425.32,Oct-2025,2025
12368,2026-08-16,iPhone 13,512GB,Natural Titanium,India,Female,1,769,769,110.6,Aug-2026,2026
12369,2026-07-27,iPhone 15 Pro Max,128GB,Blue,UAE,Female,1,1209,1209,273.53,Jul-2026,2026
12370,2026-07-27,iPhone 16,256GB,Black,UAE,Male,2,919,1838,367.43,Jul-2026,2026
12371,2025-12-20,iPhone 15,1TB,Green,UK,Female,1,1109,1109,200.14,Dec-2025,2025
12372,2025-01-28,iPhone 14,512GB,Blue,UK,Male,1,899,899,149.7,Jan-2025,2025
12373,2025-02-12,iPhone 16,128GB,Black,UK,Male,1,779,779,169.03,Feb-2025,2025
12374,2026-02-27,iPhone 16 Pro,256GB,Pink,India,Male,3,1219,3657,788.8,Feb-2026,2026
12375,2026-08-21,iPhone 16 Pro Max,128GB,Green,UAE,Female,1,1199,1199,277.37,Aug-2026,2026
12376,2025-06-26,iPhone 16 Plus,128GB,Blue,USA,Male,1,919,919,178.82,Jun-2025,2025
12377,2026-06-13,iPhone 16 Pro,128GB,Purple,USA,Male,1,1099,1099,245.32,Jun-2026,2026
12378,2026-05-09,iPhone 16,128GB,Purple,Australia,Male,2,799,1598,311.32,May-2026,2026
12379,2025-07-17,iPhone 16 Pro Max,256GB,Blue,India,Male,2,1299,2598,583.43,Jul-2025,2025
12380,2026-07-31,iPhone 16,128GB,Black,India,Female,2,779,1558,292.8,Jul-2026,2026
12381,2026-06-01,iPhone 16 Pro,256GB,Blue,India,Male,1,1199,1199,259.21,Jun-2026,2026
12382,2026-05-29,iPhone 16 Pro Max,128GB,Natural Titanium,India,Female,4,1169,4676,1062.06,May-2026,2026
12383,2025-01-22,iPhone 16 Pro Max,128GB,Green,India,Female,1,1169,1169,251.51,Jan-2025,2025
12384,2025-04-22,iPhone 15 Pro,256GB,White,Singapore,Male,2,1109,2218,480.97,Apr-2025,2025
12385,2025-02-26,iPhone 14,128GB,Purple,India,Female,4,709,2836,484.07,Feb-2025,2025
12386,2025-03-07,iPhone 15,128GB,Black,UAE,Male,5,779,3895,689.8,Mar-2025,2025
12387,2025-04-08,iPhone 13,128GB,Pink,India,Female,2,599,1198,180.42,Apr-2025,2025
12388,2025-05-24,iPhone 14,128GB,Blue,UK,Male,4,709,2836,481.7,May-2025,2025
12389,2026-03-11,iPhone 15,256GB,Green,Singapore,Female,2,909,1818,338.17,Mar-2026,2026
12390,2025-03-27,iPhone 15 Pro,128GB,Blue,India,Female,1,1009,1009,201.31,Mar-2025,2025
12391,2026-08-11,iPhone 16,128GB,Pink,Australia,Male,1,819,819,162.3,Aug-2026,2026
12392,2025-12-10,iPhone 16 Plus,512GB,Green,Singapore,Male,2,1109,2218,438.77,Dec-2025,2025
12393,2025-10-21,iPhone 15,1TB,Pink,UK,Male,2,1099,2198,402.16,Oct-2025,2025
12394,2026-07-25,iPhone 16 Plus,128GB,Green,India,Male,1,909,909,163.05,Jul-2026,2026
12395,2025-08-31,iPhone 16 Plus,256GB,White,UAE,Female,3,1019,3057,579.5,Aug-2025,2025
12396,2026-07-15,iPhone 16,128GB,Purple,Australia,Female,1,779,779,144.4,Jul-2026,2026
12397,2025-02-01,iPhone 16 Pro Max,128GB,Green,India,Female,1,1219,1219,274.67,Feb-2025,2025
12398,2026-01-26,iPhone 14,128GB,Pink,USA,Male,1,699,699,118.57,Jan-2026,2026
12399,2025-10-04,iPhone 15,256GB,Black,India,Male,5,919,4595,820.89,Oct-2025,2025
12400,2026-06-16,iPhone 15 Pro Max,128GB,Purple,India,Male,3,1199,3597,780.07,Jun-2026,2026
12401,2025-06-03,iPhone 14,512GB,Natural Titanium,Australia,Male,2,879,1758,304.42,Jun-2025,2025
12402,2026-01-18,iPhone 16,128GB,White,USA,Female,3,799,2397,466.73,Jan-2026,2026
12403,2025-03-09,iPhone 15 Pro,128GB,Blue,India,Female,3,1009,3027,648.06,Mar-2025,2025
12404,2025-08-02,iPhone 15,256GB,White,UK,Male,4,869,3476,613.4,Aug-2025,2025
12405,2026-01-11,iPhone 15,128GB,White,India,Male,1,799,799,155.92,Jan-2026,2026
12406,2025-08-01,iPhone 15 Pro,128GB,Blue,India,Female,2,1009,2018,442.9,Aug-2025,2025
12407,2025-03-20,iPhone 16,128GB,Green,USA,Female,1,769,769,133.52,Mar-2025,2025
12408,2026-08-27,iPhone 16,128GB,White,USA,Female,5,799,3995,748.33,Aug-2026,2026
12409,2026-01-16,iPhone 15,128GB,Purple,India,Female,5,819,4095,722.0,Jan-2026,2026
12410,2025-02-27,iPhone 14,128GB,White,India,Male,3,699,2097,343.31,Feb-2025,2025
12411,2025-01-26,iPhone 13,128GB,Black,USA,Female,1,599,599,112.99,Jan-2025,2025
12412,2026-03-23,iPhone 13,128GB,Purple,Canada,Male,2,609,1218,184.03,Mar-2026,2026
12413,2025-03-07,iPhone 16 Pro,1TB,Black,Australia,Male,1,1379,1379,311.96,Mar-2025,2025
12414,2025-09-11,iPhone 13,128GB,Purple,India,Female,1,599,599,77.32,Sep-2025,2025
12415,2025-02-13,iPhone 16 Plus,128GB,Pink,UK,Male,2,899,1798,325.27,Feb-2025,2025
12416,2025-04-07,iPhone 16 Pro,1TB,Blue,Australia,Male,1,1399,1399,298.2,Apr-2025,2025
12417,2026-07-08,iPhone 14,256GB,Purple,USA,Male,5,819,4095,703.13,Jul-2026,2026
12418,2025-08-15,iPhone 15 Pro Max,128GB,Purple,Germany,Female,1,1209,1209,263.6,Aug-2025,2025
12419,2026-03-12,iPhone 16 Pro Max,128GB,Green,Germany,Male,4,1169,4676,1074.65,Mar-2026,2026
12420,2026-08-24,iPhone 16 Pro,256GB,Green,India,Male,2,1199,2398,518.11,Aug-2026,2026
12421,2026-01-14,iPhone 15 Pro Max,128GB,Pink,India,Male,1,1199,1199,257.22,Jan-2026,2026
12422,2025-06-27,iPhone 16 Pro,256GB,Green,India,Female,1,1199,1199,250.05,Jun-2025,2025
12423,2026-03-03,iPhone 16 Pro,1TB,Natural Titanium,India,Male,5,1379,6895,1525.13,Mar-2026,2026
12424,2025-11-03,iPhone 15 Pro,256GB,Natural Titanium,Germany,Female,3,1079,3237,683.94,Nov-2025,2025
12425,2026-05-19,iPhone 16 Pro,128GB,Green,Germany,Male,1,1079,1079,233.76,May-2026,2026
12426,2025-09-25,iPhone 15 Pro Max,256GB,Natural Titanium,India,Female,1,1299,1299,281.77,Sep-2025,2025
12427,2026-08-09,iPhone 16,256GB,Black,UK,Male,2,899,1798,344.87,Aug-2026,2026
12428,2025-01-08,iPhone 16 Pro Max,256GB,Natural Titanium,UK,Female,1,1269,1269,303.27,Jan-2025,2025
12429,2026-05-23,iPhone 16 Pro,128GB,Green,USA,Female,1,1109,1109,236.29,May-2026,2026
12430,2026-04-21,iPhone 15 Pro,256GB,Green,UK,Male,2,1099,2198,469.68,Apr-2026,2026
12431,2025-10-24,iPhone 13,256GB,Natural Titanium,Germany,Female,2,709,1418,219.21,Oct-2025,2025
12432,2025-06-13,iPhone 16,1TB,Pink,India,Female,2,1099,2198,414.85,Jun-2025,2025
12433,2026-04-30,iPhone 16 Plus,512GB,Pink,India,Male,4,1099,4396,832.89,Apr-2026,2026
12434,2026-08-20,iPhone 16,128GB,White,India,Female,2,769,1538,305.6,Aug-2026,2026
12435,2025-03-13,iPhone 16 Pro Max,256GB,Green,India,Female,4,1299,5196,1189.26,Mar-2025,2025
12436,2026-07-21,iPhone 16 Pro,128GB,Green,India,Male,1,1079,1079,212.66,Jul-2026,2026
12437,2026-07-13,iPhone 15 Pro Max,256GB,Purple,USA,Male,1,1269,1269,267.57,Jul-2026,2026
12438,2025-08-26,iPhone 13,128GB,Green,USA,Female,1,619,619,122.37,Aug-2025,2025
12439,2025-04-14,iPhone 15 Pro Max,128GB,Black,UAE,Female,1,1219,1219,248.34,Apr-2025,2025
12440,2025-07-29,iPhone 16 Plus,256GB,Natural Titanium,USA,Female,5,999,4995,926.5,Jul-2025,2025
12441,2026-07-08,iPhone 16,128GB,Purple,India,Female,5,799,3995,768.76,Jul-2026,2026
12442,2026-04-13,iPhone 16,512GB,Green,Canada,Male,3,1009,3027,583.41,Apr-2026,2026
12443,2026-03-30,iPhone 15 Pro Max,256GB,Black,Australia,Male,2,1299,2598,567.16,Mar-2026,2026
12444,2025-09-25,iPhone 15 Pro,128GB,White,India,Female,3,999,2997,635.71,Sep-2025,2025
12445,2026-01-21,iPhone 15,128GB,Purple,India,Female,2,799,1598,282.36,Jan-2026,2026
12446,2026-01-22,iPhone 15 Pro Max,512GB,Natural Titanium,Canada,Male,1,1399,1399,296.1,Jan-2026,2026
12447,2025-09-16,iPhone 15,128GB,Natural Titanium,India,Female,2,779,1558,300.84,Sep-2025,2025
12448,2025-10-10,iPhone 15 Pro,256GB,Blue,India,Female,2,1069,2138,440.94,Oct-2025,2025
12449,2025-02-09,iPhone 15 Pro,256GB,Green,USA,Female,1,1099,1099,214.6,Feb-2025,2025
12450,2026-05-01,iPhone 16,512GB,Purple,India,Male,1,1009,1009,171.49,May-2026,2026
12451,2025-08-08,iPhone 13,256GB,Natural Titanium,India,Male,1,719,719,130.76,Aug-2025,2025
12452,2025-05-09,iPhone 16 Pro,256GB,Pink,USA,Female,2,1219,2438,538.43,May-2025,2025
12453,2026-06-04,iPhone 16,512GB,Purple,UAE,Female,1,999,999,199.89,Jun-2026,2026
12454,2025-09-17,iPhone 16 Plus,512GB,Pink,Australia,Male,2,1099,2198,439.94,Sep-2025,2025
12455,2026-01-01,iPhone 16 Plus,256GB,Green,Singapore,Female,1,979,979,179.9,Jan-2026,2026
12456,2026-06-28,iPhone 15 Pro,128GB,Black,India,Male,1,969,969,228.93,Jun-2026,2026
12457,2026-06-08,iPhone 15 Pro Max,128GB,Pink,India,Male,3,1219,3657,803.08,Jun-2026,2026
12458,2025-01-16,iPhone 16 Pro Max,256GB,Purple,UAE,Male,2,1279,2558,589.23,Jan-2025,2025
12459,2025-05-09,iPhone 16 Pro,256GB,Purple,USA,Male,1,1199,1199,280.55,May-2025,2025
12460,2026-07-29,iPhone 16 Pro Max,128GB,Natural Titanium,India,Female,3,1209,3627,834.7,Jul-2026,2026
12461,2025-04-19,iPhone 16 Plus,128GB,Pink,India,Female,1,879,879,177.05,Apr-2025,2025
12462,2026-06-17,iPhone 15,256GB,White,India,Male,3,899,2697,479.69,Jun-2026,2026
12463,2025-09-26,iPhone 13,128GB,Natural Titanium,USA,Female,2,599,1198,196.48,Sep-2025,2025
12464,2025-06-11,iPhone 16,128GB,White,India,Female,1,799,799,168.62,Jun-2025,2025
12465,2025-09-17,iPhone 15 Pro,128GB,White,Singapore,Male,2,979,1958,418.38,Sep-2025,2025
12466,2025-04-12,iPhone 15,256GB,Pink,India,Female,1,909,909,158.68,Apr-2025,2025
12467,2026-05-21,iPhone 16 Pro,128GB,Pink,Singapore,Female,1,1079,1079,238.34,May-2026,2026
12468,2026-07-25,iPhone 15 Pro,128GB,Purple,Australia,Female,1,1009,1009,207.02,Jul-2026,2026
12469,2025-09-04,iPhone 15 Pro,128GB,Green,USA,Female,1,999,999,208.86,Sep-2025,2025
12470,2026-06-21,iPhone 16 Pro,128GB,Green,UAE,Male,2,1079,2158,492.85,Jun-2026,2026
12471,2025-05-11,iPhone 16 Pro,256GB,Black,UAE,Male,3,1169,3507,773.14,May-2025,2025
12472,2025-12-19,iPhone 15 Pro,256GB,Pink,India,Female,3,1119,3357,715.28,Dec-2025,2025
12473,2025-07-15,iPhone 16 Pro,128GB,Natural Titanium,India,Female,1,1079,1079,243.39,Jul-2025,2025
12474,2026-01-17,iPhone 16 Pro,128GB,Natural Titanium,USA,Male,2,1079,2158,490.36,Jan-2026,2026
12475,2025-08-15,iPhone 15 Pro Max,512GB,Green,UK,Male,1,1369,1369,288.64,Aug-2025,2025
12476,2026-04-21,iPhone 13,128GB,Green,USA,Female,2,569,1138,184.57,Apr-2026,2026
12477,2026-04-22,iPhone 13,256GB,White,USA,Male,3,699,2097,357.8,Apr-2026,2026
12478,2025-09-22,iPhone 16,128GB,White,USA,Male,1,769,769,138.23,Sep-2025,2025
12479,2026-01-07,iPhone 15 Pro,128GB,Natural Titanium,USA,Male,5,1009,5045,1085.71,Jan-2026,2026
12480,2026-05-01,iPhone 16 Pro Max,128GB,Natural Titanium,USA,Male,3,1219,3657,830.96,May-2026,2026
12481,2026-03-10,iPhone 16 Pro,256GB,White,USA,Male,3,1219,3657,801.26,Mar-2026,2026
12482,2025-07-30,iPhone 16 Pro,128GB,Blue,Australia,Female,2,1099,2198,493.25,Jul-2025,2025
12483,2026-07-26,iPhone 16 Pro Max,128GB,Green,UK,Male,3,1209,3627,836.04,Jul-2026,2026
12484,2026-01-12,iPhone 16 Pro,128GB,White,UAE,Female,5,1099,5495,1184.65,Jan-2026,2026
12485,2026-01-30,iPhone 15 Pro,128GB,White,UK,Female,3,999,2997,634.28,Jan-2026,2026
12486,2026-03-26,iPhone 15,128GB,Pink,UK,Female,1,819,819,149.05,Mar-2026,2026
12487,2025-12-30,iPhone 16 Plus,128GB,Natural Titanium,UK,Female,2,909,1818,338.92,Dec-2025,2025
12488,2026-04-02,iPhone 15 Pro,128GB,Purple,India,Female,1,999,999,206.77,Apr-2026,2026
12489,2025-08-14,iPhone 15 Pro Max,256GB,White,Singapore,Male,5,1319,6595,1426.15,Aug-2025,2025
12490,2025-05-11,iPhone 16,256GB,Pink,India,Male,4,899,3596,676.66,May-2025,2025
12491,2026-08-11,iPhone 16 Pro Max,128GB,Black,USA,Male,2,1179,2358,551.09,Aug-2026,2026
12492,2026-04-21,iPhone 15 Pro Max,128GB,White,India,Male,3,1199,3597,793.41,Apr-2026,2026
12493,2025-10-04,iPhone 16 Pro,256GB,Purple,India,Male,4,1219,4876,1084.86,Oct-2025,2025
12494,2025-06-05,iPhone 15,128GB,Pink,Canada,Female,1,779,779,162.53,Jun-2025,2025
12495,2025-08-06,iPhone 16 Plus,128GB,Purple,USA,Male,2,899,1798,331.73,Aug-2025,2025
12496,2025-07-09,iPhone 13,256GB,White,Canada,Male,2,679,1358,206.6,Jul-2025,2025
12497,2026-02-21,iPhone 16 Pro,512GB,Black,India,Female,3,1319,3957,881.95,Feb-2026,2026
12498,2026-06-30,iPhone 13,128GB,White,India,Male,1,579,579,90.78,Jun-2026,2026
12499,2025-02-10,iPhone 16 Plus,128GB,Pink,India,Female,2,919,1838,347.03,Feb-2025,2025
12500,2025-11-03,iPhone 13,512GB,Black,UK,Male,1,769,769,155.49,Nov-2025,2025
12501,2025-12-04,iPhone 15,128GB,Black,Canada,Male,1,819,819,162.4,Dec-2025,2025
12502,2025-11-10,iPhone 15 Pro Max,512GB,Black,USA,Female,1,1379,1379,305.29,Nov-2025,2025
12503,2025-03-16,iPhone 15 Pro Max,128GB,Blue,India,Female,1,1219,1219,274.33,Mar-2025,2025
12504,2025-10-06,iPhone 15,128GB,Pink,Singapore,Male,1,819,819,149.98,Oct-2025,2025
12505,2025-06-25,iPhone 15 Pro,256GB,Blue,India,Female,2,1109,2218,450.01,Jun-2025,2025
12506,2025-09-30,iPhone 16 Plus,1TB,Purple,USA,Female,2,1209,2418,463.66,Sep-2025,2025
12507,2025-10-16,iPhone 16,512GB,Black,USA,Male,1,979,979,184.34,Oct-2025,2025
12508,2025-09-29,iPhone 14,128GB,Blue,India,Female,2,709,1418,233.2,Sep-2025,2025
12509,2025-03-07,iPhone 16 Plus,256GB,White,India,Female,2,999,1998,375.05,Mar-2025,2025
12510,2026-04-28,iPhone 13,256GB,Blue,India,Female,1,709,709,98.44,Apr-2026,2026
12511,2025-09-05,iPhone 16,256GB,Green,Australia,Female,1,869,869,146.65,Sep-2025,2025
12512,2025-06-05,iPhone 15,512GB,Purple,UK,Female,3,1009,3027,536.54,Jun-2025,2025
12513,2025-02-16,iPhone 16,128GB,Black,Canada,Male,1,799,799,141.76,Feb-2025,2025
12514,2026-03-30,iPhone 15,128GB,Black,USA,Female,1,819,819,170.48,Mar-2026,2026
12515,2025-07-20,iPhone 16 Pro Max,1TB,Natural Titanium,UK,Female,5,1499,7495,1740.7,Jul-2025,2025
12516,2025-05-04,iPhone 15 Pro,512GB,Purple,UAE,Male,2,1179,2358,489.72,May-2025,2025
12517,2025-01-01,iPhone 15,128GB,Purple,Germany,Female,1,799,799,150.18,Jan-2025,2025
12518,2025-07-10,iPhone 15,128GB,Pink,India,Male,2,799,1598,287.57,Jul-2025,2025
12519,2026-08-02,iPhone 16 Pro,1TB,White,India,Male,3,1379,4137,903.76,Aug-2026,2026
12520,2026-05-31,iPhone 16,128GB,Natural Titanium,UAE,Female,3,779,2337,432.75,May-2026,2026
12521,2026-03-18,iPhone 16 Plus,256GB,Purple,Singapore,Female,1,1009,1009,187.89,Mar-2026,2026
12522,2025-05-23,iPhone 16 Pro Max,128GB,Natural Titanium,Singapore,Female,2,1209,2418,550.35,May-2025,2025
12523,2025-07-10,iPhone 16 Pro Max,512GB,Purple,UK,Male,2,1379,2758,632.47,Jul-2025,2025
12524,2026-06-17,iPhone 16 Plus,128GB,Natural Titanium,India,Male,1,919,919,199.26,Jun-2026,2026
12525,2025-08-15,iPhone 15,128GB,Pink,India,Female,4,769,3076,552.56,Aug-2025,2025
12526,2025-11-09,iPhone 16 Pro,128GB,Purple,Germany,Female,1,1119,1119,231.25,Nov-2025,2025
12527,2025-10-29,iPhone 15,512GB,Blue,USA,Female,1,979,979,173.8,Oct-2025,2025
12528,2026-04-05,iPhone 16 Plus,256GB,Green,India,Female,4,1009,4036,780.82,Apr-2026,2026
12529,2026-02-05,iPhone 16 Plus,256GB,Green,Germany,Male,1,999,999,214.28,Feb-2026,2026
12530,2026-07-05,iPhone 16 Plus,128GB,Green,India,Female,1,869,869,148.87,Jul-2026,2026
12531,2026-01-28,iPhone 16,512GB,Purple,UAE,Male,2,999,1998,380.14,Jan-2026,2026
12532,2025-07-26,iPhone 16,256GB,Natural Titanium,UK,Male,1,919,919,178.93,Jul-2025,2025
12533,2025-07-29,iPhone 16 Pro Max,256GB,Green,India,Male,3,1299,3897,908.38,Jul-2025,2025
12534,2025-04-25,iPhone 14,1TB,White,India,Female,1,1009,1009,169.44,Apr-2025,2025
12535,2025-09-08,iPhone 15 Pro,128GB,Blue,India,Male,1,999,999,209.89,Sep-2025,2025
12536,2025-08-07,iPhone 16,256GB,Green,UK,Male,1,899,899,165.78,Aug-2025,2025
12537,2026-02-11,iPhone 16 Pro Max,512GB,Black,USA,Male,2,1409,2818,632.5,Feb-2026,2026
12538,2026-03-19,iPhone 14,256GB,Purple,India,Female,1,799,799,147.17,Mar-2026,2026
12539,2026-08-26,iPhone 13,256GB,Blue,Singapore,Female,1,679,679,97.24,Aug-2026,2026
12540,2025-12-20,iPhone 13,128GB,White,India,Male,3,619,1857,278.28,Dec-2025,2025
12541,2026-07-12,iPhone 13,256GB,Green,India,Male,4,669,2676,422.55,Jul-2026,2026
12542,2026-07-04,iPhone 16 Pro Max,256GB,White,India,Male,2,1319,2638,586.59,Jul-2026,2026
12543,2025-05-22,iPhone 16 Plus,128GB,Purple,India,Male,1,909,909,167.86,May-2025,2025
12544,2026-05-16,iPhone 16 Plus,512GB,Green,Singapore,Male,2,1069,2138,400.7,May-2026,2026
12545,2026-07-01,iPhone 16,128GB,Black,India,Male,2,779,1558,294.92,Jul-2026,2026
12546,2026-06-26,iPhone 16 Pro,128GB,Blue,USA,Female,3,1109,3327,726.21,Jun-2026,2026
12547,2026-05-22,iPhone 15,256GB,Natural Titanium,Australia,Male,3,879,2637,475.33,May-2026,2026
12548,2026-08-19,iPhone 15 Pro,128GB,Black,UK,Female,4,999,3996,861.66,Aug-2026,2026
12549,2025-10-08,iPhone 15 Pro Max,128GB,Green,India,Female,3,1199,3597,761.39,Oct-2025,2025
12550,2026-02-28,iPhone 14,128GB,Pink,Germany,Male,1,699,699,137.18,Feb-2026,2026
12551,2025-09-27,iPhone 15 Pro Max,128GB,Blue,UAE,Male,2,1169,2338,497.1,Sep-2025,2025
12552,2025-06-03,iPhone 15 Pro,128GB,White,India,Female,3,1019,3057,647.39,Jun-2025,2025
12553,2025-03-24,iPhone 13,128GB,Green,UK,Male,3,619,1857,312.36,Mar-2025,2025
12554,2026-03-02,iPhone 14,128GB,Black,Germany,Male,4,699,2796,473.01,Mar-2026,2026
12555,2025-10-02,iPhone 16 Pro,128GB,Purple,USA,Male,2,1099,2198,485.99,Oct-2025,2025
12556,2025-10-11,iPhone 13,256GB,Natural Titanium,UAE,Female,2,679,1358,226.1,Oct-2025,2025
12557,2025-06-22,iPhone 16 Pro Max,512GB,Pink,Singapore,Female,1,1399,1399,334.33,Jun-2025,2025
12558,2025-11-23,iPhone 14,256GB,Natural Titanium,UAE,Male,2,799,1598,257.61,Nov-2025,2025
12559,2025-03-04,iPhone 16 Pro,256GB,Purple,India,Male,1,1219,1219,273.21,Mar-2025,2025
12560,2025-03-14,iPhone 16 Pro,128GB,Green,India,Male,5,1119,5595,1230.17,Mar-2025,2025
12561,2026-01-10,iPhone 16 Pro Max,256GB,White,UK,Male,4,1299,5196,1201.03,Jan-2026,2026
12562,2026-05-23,iPhone 16 Pro,256GB,Black,India,Male,3,1219,3657,810.42,May-2026,2026
12563,2026-02-02,iPhone 15,128GB,Blue,Singapore,Female,1,799,799,143.09,Feb-2026,2026
12564,2025-04-30,iPhone 15 Pro,128GB,Pink,USA,Male,1,999,999,209.92,Apr-2025,2025
12565,2026-03-13,iPhone 15 Pro Max,128GB,Green,USA,Male,2,1199,2398,534.06,Mar-2026,2026
12566,2026-04-10,iPhone 14,256GB,Green,UAE,Male,1,769,769,125.37,Apr-2026,2026
12567,2025-10-13,iPhone 13,128GB,Green,USA,Male,1,609,609,106.54,Oct-2025,2025
12568,2025-09-22,iPhone 16 Pro,512GB,Green,USA,Female,3,1299,3897,848.48,Sep-2025,2025
12569,2025-11-16,iPhone 16,128GB,Black,India,Male,1,799,799,175.61,Nov-2025,2025
12570,2026-01-11,iPhone 16,128GB,Blue,UK,Male,1,799,799,157.68,Jan-2026,2026
12571,2025-03-30,iPhone 16 Pro Max,256GB,White,Australia,Male,2,1269,2538,586.79,Mar-2025,2025
12572,2025-07-22,iPhone 16,512GB,Pink,UAE,Male,4,969,3876,729.63,Jul-2025,2025
12573,2025-11-30,iPhone 16 Plus,128GB,Natural Titanium,USA,Female,3,899,2697,511.01,Nov-2025,2025
12574,2025-08-10,iPhone 16 Pro,256GB,Green,India,Male,5,1199,5995,1324.06,Aug-2025,2025
12575,2025-02-10,iPhone 14,128GB,Purple,Canada,Male,3,699,2097,371.38,Feb-2025,2025
12576,2025-03-09,iPhone 15 Pro,256GB,Green,Germany,Male,1,1099,1099,217.04,Mar-2025,2025
12577,2026-05-29,iPhone 16 Pro Max,256GB,Blue,USA,Female,4,1269,5076,1151.36,May-2026,2026
12578,2026-08-21,iPhone 16 Pro Max,512GB,Blue,UAE,Female,1,1379,1379,311.63,Aug-2026,2026
12579,2025-05-07,iPhone 16 Pro,128GB,Black,USA,Female,1,1079,1079,232.56,May-2025,2025
12580,2025-09-12,iPhone 15 Pro Max,128GB,Black,USA,Male,1,1199,1199,258.47,Sep-2025,2025
12581,2025-01-16,iPhone 16 Pro,256GB,Purple,Australia,Female,3,1199,3597,797.07,Jan-2025,2025
12582,2026-04-22,iPhone 13,128GB,Purple,India,Male,4,609,2436,392.56,Apr-2026,2026
12583,2025-03-03,iPhone 14,256GB,Black,USA,Male,1,799,799,133.06,Mar-2025,2025
12584,2026-03-08,iPhone 15 Pro Max,256GB,Pink,India,Female,1,1269,1269,295.52,Mar-2026,2026
12585,2025-09-25,iPhone 15 Pro Max,128GB,Purple,India,Male,4,1209,4836,1091.53,Sep-2025,2025
12586,2025-02-04,iPhone 15,512GB,Black,UK,Male,1,999,999,186.39,Feb-2025,2025
12587,2026-07-30,iPhone 15 Pro,128GB,Green,India,Male,3,1019,3057,647.3,Jul-2026,2026
12588,2026-05-09,iPhone 15,1TB,Black,UK,Male,1,1079,1079,195.13,May-2026,2026
12589,2026-07-16,iPhone 15 Pro Max,512GB,Natural Titanium,India,Male,1,1379,1379,289.99,Jul-2026,2026
12590,2026-04-14,iPhone 16 Pro,256GB,Pink,UAE,Female,1,1209,1209,277.86,Apr-2026,2026
12591,2025-11-21,iPhone 16,128GB,Black,India,Male,1,779,779,145.19,Nov-2025,2025
12592,2025-10-31,iPhone 14,512GB,Black,UAE,Female,3,879,2637,447.6,Oct-2025,2025
12593,2025-10-03,iPhone 15 Pro Max,256GB,Green,UK,Female,4,1319,5276,1162.36,Oct-2025,2025
12594,2025-07-20,iPhone 16 Plus,128GB,Purple,Singapore,Male,2,899,1798,327.2,Jul-2025,2025
12595,2026-03-21,iPhone 16,128GB,Green,Germany,Male,3,799,2397,471.23,Mar-2026,2026
12596,2025-11-20,iPhone 15 Pro,128GB,Natural Titanium,India,Female,2,1009,2018,433.87,Nov-2025,2025
12597,2025-02-04,iPhone 16,1TB,Natural Titanium,India,Female,1,1119,1119,202.77,Feb-2025,2025
12598,2026-04-27,iPhone 16 Pro Max,512GB,Green,UK,Male,2,1369,2738,617.22,Apr-2026,2026
12599,2026-04-25,iPhone 14,512GB,Black,UK,Male,2,869,1738,286.01,Apr-2026,2026
12600,2025-03-06,iPhone 15 Pro,256GB,Green,India,Female,1,1119,1119,225.39,Mar-2025,2025
12601,2025-01-08,iPhone 15 Pro,128GB,Blue,India,Female,1,999,999,196.3,Jan-2025,2025
12602,2025-10-28,iPhone 16,128GB,White,UK,Female,5,769,3845,734.32,Oct-2025,2025
12603,2025-12-09,iPhone 15,128GB,White,Germany,Female,2,819,1638,298.48,Dec-2025,2025
12604,2026-03-07,iPhone 15,128GB,Green,Germany,Female,1,779,779,125.28,Mar-2026,2026
12605,2026-02-28,iPhone 15,256GB,Purple,India,Male,1,899,899,186.33,Feb-2026,2026
12606,2025-11-28,iPhone 16 Pro Max,512GB,Pink,USA,Female,1,1409,1409,312.04,Nov-2025,2025
12607,2026-03-14,iPhone 16 Plus,1TB,Natural Titanium,India,Female,1,1209,1209,205.43,Mar-2026,2026
12608,2026-08-11,iPhone 16,128GB,Green,USA,Male,1,779,779,155.71,Aug-2026,2026
12609,2025-06-23,iPhone 16 Pro,256GB,Purple,UAE,Female,1,1199,1199,263.63,Jun-2025,2025
12610,2026-07-13,iPhone 14,256GB,Green,Canada,Male,1,799,799,131.18,Jul-2026,2026
12611,2026-06-11,iPhone 16 Pro,128GB,Black,USA,Male,2,1069,2138,472.0,Jun-2026,2026
12612,2025-01-26,iPhone 16,256GB,Natural Titanium,India,Female,1,909,909,172.14,Jan-2025,2025
12613,2026-08-28,iPhone 15 Pro,128GB,Natural Titanium,USA,Male,1,1009,1009,220.27,Aug-2026,2026
12614,2026-02-10,iPhone 16 Pro,512GB,Purple,Germany,Male,1,1299,1299,283.37,Feb-2026,2026
12615,2025-08-20,iPhone 16 Pro,256GB,Natural Titanium,India,Male,1,1199,1199,257.85,Aug-2025,2025
12616,2026-06-17,iPhone 16 Pro,256GB,Pink,India,Male,1,1219,1219,270.77,Jun-2026,2026
12617,2026-07-04,iPhone 14,128GB,Green,UAE,Female,2,669,1338,236.98,Jul-2026,2026
12618,2026-05-20,iPhone 16 Pro Max,128GB,Blue,UAE,Male,1,1209,1209,276.9,May-2026,2026
12619,2025-06-28,iPhone 16 Pro Max,128GB,Purple,Germany,Male,1,1209,1209,277.48,Jun-2025,2025
12620,2025-05-12,iPhone 15 Pro,256GB,White,USA,Male,3,1069,3207,689.0,May-2025,2025
12621,2026-03-31,iPhone 13,512GB,Purple,USA,Male,2,799,1598,256.23,Mar-2026,2026
12622,2025-12-14,iPhone 15,128GB,Blue,USA,Female,1,799,799,126.3,Dec-2025,2025
12623,2026-06-24,iPhone 16 Pro Max,256GB,Natural Titanium,Germany,Female,1,1299,1299,299.72,Jun-2026,2026
12624,2026-02-10,iPhone 16,128GB,Blue,Canada,Male,5,809,4045,768.64,Feb-2026,2026
12625,2025-03-17,iPhone 15 Pro,128GB,Natural Titanium,Australia,Male,5,1019,5095,1073.03,Mar-2025,2025
12626,2026-08-02,iPhone 15,256GB,Blue,India,Female,1,879,879,160.99,Aug-2026,2026
12627,2026-05-07,iPhone 15,256GB,Pink,Canada,Male,1,909,909,163.81,May-2026,2026
12628,2025-07-13,iPhone 16,128GB,Pink,USA,Male,2,799,1598,307.55,Jul-2025,2025
12629,2025-06-11,iPhone 15 Pro Max,128GB,Purple,India,Female,2,1199,2398,513.06,Jun-2025,2025
12630,2025-12-13,iPhone 16 Pro Max,128GB,Pink,India,Male,1,1219,1219,307.51,Dec-2025,2025
12631,2025-12-27,iPhone 16 Plus,128GB,White,UAE,Male,2,909,1818,346.28,Dec-2025,2025
12632,2026-08-07,iPhone 16 Pro,512GB,Natural Titanium,India,Male,1,1309,1309,275.16,Aug-2026,2026
12633,2025-03-28,iPhone 15 Pro,256GB,Black,Australia,Male,1,1069,1069,206.81,Mar-2025,2025
12634,2025-09-19,iPhone 14,128GB,Purple,UAE,Male,2,699,1398,243.22,Sep-2025,2025
12635,2025-08-02,iPhone 15 Pro Max,128GB,Green,India,Female,4,1219,4876,1067.96,Aug-2025,2025
12636,2026-07-27,iPhone 15 Pro,1TB,Green,UAE,Male,1,1269,1269,270.07,Jul-2026,2026
12637,2025-09-19,iPhone 15,256GB,Purple,India,Female,2,919,1838,356.27,Sep-2025,2025
12638,2025-10-10,iPhone 16 Pro Max,256GB,Black,USA,Female,1,1299,1299,299.08,Oct-2025,2025
12639,2026-04-12,iPhone 15 Pro Max,128GB,Green,UK,Female,1,1199,1199,276.83,Apr-2026,2026
12640,2026-01-15,iPhone 15,512GB,Purple,Australia,Female,3,979,2937,516.92,Jan-2026,2026
12641,2025-12-28,iPhone 15,128GB,Purple,USA,Female,1,799,799,146.96,Dec-2025,2025
12642,2026-03-25,iPhone 15,256GB,Blue,Canada,Male,2,899,1798,313.41,Mar-2026,2026
12643,2026-03-17,iPhone 16 Pro Max,1TB,White,Canada,Female,1,1519,1519,335.49,Mar-2026,2026
12644,2025-04-03,iPhone 15,128GB,Green,USA,Male,1,799,799,146.09,Apr-2025,2025
12645,2026-02-28,iPhone 15 Pro,128GB,White,USA,Female,2,969,1938,424.78,Feb-2026,2026
12646,2025-05-22,iPhone 16,128GB,Natural Titanium,UAE,Female,1,809,809,165.31,May-2025,2025
12647,2025-10-18,iPhone 15 Pro,128GB,Purple,India,Female,1,999,999,242.43,Oct-2025,2025
12648,2026-03-08,iPhone 15,128GB,Black,Germany,Male,2,809,1618,290.62,Mar-2026,2026
12649,2025-02-18,iPhone 15,512GB,Purple,Canada,Female,1,999,999,183.89,Feb-2025,2025
12650,2025-10-29,iPhone 15 Pro,128GB,Green,India,Male,1,979,979,213.57,Oct-2025,2025
12651,2025-07-09,iPhone 14,256GB,White,Singapore,Female,3,799,2397,408.86,Jul-2025,2025
12652,2025-05-16,iPhone 13,512GB,Blue,India,Male,1,809,809,140.09,May-2025,2025
12653,2026-07-09,iPhone 16 Pro,1TB,Blue,Germany,Female,2,1399,2798,609.08,Jul-2026,2026
12654,2026-02-08,iPhone 14,256GB,Purple,India,Female,4,799,3196,535.02,Feb-2026,2026
12655,2026-08-25,iPhone 16 Pro,128GB,Black,Canada,Male,1,1119,1119,240.02,Aug-2026,2026
12656,2025-12-07,iPhone 16 Pro,128GB,Natural Titanium,USA,Male,1,1119,1119,234.08,Dec-2025,2025
12657,2025-11-14,iPhone 16,128GB,Pink,UAE,Male,2,809,1618,287.24,Nov-2025,2025
12658,2025-12-29,iPhone 15 Pro,256GB,Green,India,Female,1,1109,1109,231.03,Dec-2025,2025
12659,2026-01-17,iPhone 14,128GB,Purple,India,Female,2,679,1358,204.04,Jan-2026,2026
12660,2025-08-21,iPhone 16 Plus,128GB,Blue,India,Male,1,899,899,165.99,Aug-2025,2025
12661,2025-12-10,iPhone 16,128GB,Blue,Australia,Male,1,769,769,121.29,Dec-2025,2025
12662,2026-07-03,iPhone 16,256GB,Black,India,Female,1,879,879,186.22,Jul-2026,2026
12663,2026-07-07,iPhone 13,128GB,Blue,UAE,Male,2,599,1198,186.88,Jul-2026,2026
12664,2026-06-13,iPhone 16 Pro Max,128GB,Green,Canada,Female,1,1219,1219,246.63,Jun-2026,2026
12665,2026-07-25,iPhone 13,128GB,Black,Germany,Male,3,569,1707,273.49,Jul-2026,2026
12666,2025-07-02,iPhone 15 Pro,256GB,White,India,Male,2,1119,2238,473.17,Jul-2025,2025
12667,2025-02-10,iPhone 15 Pro,256GB,Black,Germany,Male,1,1109,1109,225.67,Feb-2025,2025
12668,2026-07-05,iPhone 13,128GB,Natural Titanium,India,Male,1,619,619,118.4,Jul-2026,2026
12669,2026-02-01,iPhone 15 Pro Max,512GB,Green,UAE,Male,1,1379,1379,310.45,Feb-2026,2026
12670,2026-05-09,iPhone 16 Plus,128GB,Natural Titanium,UAE,Male,2,909,1818,342.46,May-2026,2026
12671,2025-11-29,iPhone 16 Pro,128GB,Green,India,Male,3,1109,3327,738.26,Nov-2025,2025
12672,2025-05-07,iPhone 16 Pro,128GB,White,India,Female,1,1109,1109,262.57,May-2025,2025
12673,2026-07-12,iPhone 15 Pro Max,256GB,Purple,USA,Female,1,1299,1299,271.2,Jul-2026,2026
12674,2026-07-11,iPhone 16,256GB,Black,USA,Male,1,869,869,155.26,Jul-2026,2026
12675,2025-01-01,iPhone 14,128GB,Green,Germany,Female,1,699,699,119.13,Jan-2025,2025
12676,2025-06-17,iPhone 15 Pro Max,256GB,Green,India,Female,2,1309,2618,555.86,Jun-2025,2025
12677,2025-01-19,iPhone 15,128GB,White,Germany,Female,1,779,779,143.65,Jan-2025,2025
12678,2025-11-28,iPhone 15 Pro,1TB,Pink,USA,Female,1,1319,1319,296.75,Nov-2025,2025
12679,2026-08-07,iPhone 15 Pro,256GB,Black,Singapore,Female,2,1109,2218,464.26,Aug-2026,2026
12680,2026-04-01,iPhone 15 Pro Max,256GB,Green,UAE,Male,1,1269,1269,260.17,Apr-2026,2026
12681,2025-04-19,iPhone 16,256GB,Blue,Canada,Male,1,899,899,180.43,Apr-2025,2025
12682,2025-09-25,iPhone 16 Pro Max,1TB,White,India,Male,1,1469,1469,357.59,Sep-2025,2025
12683,2026-03-21,iPhone 15 Pro,1TB,Pink,UK,Female,2,1299,2598,512.92,Mar-2026,2026
12684,2025-08-28,iPhone 16 Pro Max,256GB,Pink,India,Female,1,1319,1319,309.75,Aug-2025,2025
12685,2025-10-28,iPhone 16 Plus,128GB,White,India,Male,1,869,869,172.88,Oct-2025,2025
12686,2026-08-25,iPhone 16,128GB,Pink,UK,Male,1,769,769,151.84,Aug-2026,2026
12687,2025-04-13,iPhone 16,128GB,Green,UAE,Female,1,799,799,154.63,Apr-2025,2025
12688,2025-09-07,iPhone 14,256GB,Pink,India,Male,1,799,799,137.26,Sep-2025,2025
12689,2026-03-29,iPhone 16 Pro,128GB,Black,USA,Male,1,1099,1099,238.64,Mar-2026,2026
12690,2026-06-04,iPhone 16,512GB,Blue,UK,Male,1,999,999,207.57,Jun-2026,2026
12691,2025-06-02,iPhone 16 Pro Max,128GB,Green,India,Female,1,1219,1219,281.45,Jun-2025,2025
12692,2025-06-23,iPhone 16,512GB,White,USA,Male,1,969,969,213.03,Jun-2025,2025
12693,2025-12-09,iPhone 16 Pro,128GB,Blue,UAE,Male,2,1099,2198,494.92,Dec-2025,2025
12694,2026-03-07,iPhone 16 Pro,256GB,Purple,India,Male,2,1199,2398,528.89,Mar-2026,2026
12695,2025-11-20,iPhone 15 Pro,128GB,Green,Canada,Male,1,1009,1009,200.88,Nov-2025,2025
12696,2026-02-24,iPhone 15,256GB,Blue,UK,Male,1,899,899,168.57,Feb-2026,2026
12697,2026-08-17,iPhone 15 Pro Max,128GB,Pink,Australia,Male,1,1199,1199,253.76,Aug-2026,2026
12698,2026-04-30,iPhone 15 Pro Max,128GB,Purple,India,Male,1,1199,1199,255.89,Apr-2026,2026
12699,2026-02-16,iPhone 15,512GB,White,Australia,Male,1,999,999,175.46,Feb-2026,2026
12700,2025-03-25,iPhone 16 Pro,128GB,White,India,Female,1,1079,1079,222.02,Mar-2025,2025
12701,2025-04-23,iPhone 16,128GB,Black,USA,Male,1,819,819,176.73,Apr-2025,2025
12702,2025-11-28,iPhone 16 Pro Max,128GB,Pink,India,Female,3,1169,3507,792.17,Nov-2025,2025
12703,2026-01-13,iPhone 16 Pro,512GB,Black,Australia,Male,1,1319,1319,293.45,Jan-2026,2026
12704,2025-02-10,iPhone 16,128GB,Black,UAE,Male,4,799,3196,597.68,Feb-2025,2025
12705,2025-04-15,iPhone 16 Pro Max,256GB,Pink,India,Female,3,1299,3897,879.15,Apr-2025,2025
12706,2025-07-21,iPhone 15 Pro Max,128GB,Green,India,Male,3,1169,3507,768.82,Jul-2025,2025
12707,2026-03-26,iPhone 16 Pro,128GB,Purple,India,Male,3,1119,3357,736.84,Mar-2026,2026
12708,2025-09-23,iPhone 15 Pro,512GB,Natural Titanium,India,Male,1,1199,1199,270.02,Sep-2025,2025
12709,2025-07-29,iPhone 15 Pro,128GB,Black,UK,Female,1,999,999,214.79,Jul-2025,2025
12710,2026-07-17,iPhone 15 Pro Max,256GB,Blue,UAE,Female,1,1269,1269,281.76,Jul-2026,2026
12711,2025-04-28,iPhone 16,128GB,Purple,Germany,Male,1,769,769,155.25,Apr-2025,2025
12712,2026-01-12,iPhone 16,128GB,Green,Singapore,Female,1,799,799,148.44,Jan-2026,2026
12713,2026-07-05,iPhone 15 Pro Max,256GB,Pink,UK,Male,3,1269,3807,830.21,Jul-2026,2026
12714,2026-06-24,iPhone 15 Pro,256GB,White,India,Female,1,1119,1119,227.09,Jun-2026,2026
12715,2025-03-25,iPhone 16 Pro Max,256GB,Green,India,Male,1,1299,1299,290.14,Mar-2025,2025
12716,2026-03-30,iPhone 16,256GB,Black,USA,Female,2,869,1738,333.78,Mar-2026,2026
12717,2026-05-29,iPhone 15 Pro,128GB,Blue,USA,Male,1,999,999,192.28,May-2026,2026
12718,2026-08-28,iPhone 16,128GB,Purple,UK,Male,1,779,779,145.24,Aug-2026,2026
12719,2026-01-22,iPhone 16 Pro,128GB,Pink,Singapore,Male,1,1099,1099,257.68,Jan-2026,2026
12720,2025-12-16,iPhone 16 Pro Max,256GB,White,Australia,Female,3,1299,3897,899.98,Dec-2025,2025
12721,2025-10-23,iPhone 15 Pro Max,512GB,Purple,India,Female,2,1399,2798,614.37,Oct-2025,2025
12722,2025-09-15,iPhone 14,128GB,Blue,India,Male,2,719,1438,238.18,Sep-2025,2025
12723,2025-03-22,iPhone 15 Pro Max,128GB,Natural Titanium,Australia,Female,1,1199,1199,253.45,Mar-2025,2025
12724,2025-09-25,iPhone 15 Pro Max,128GB,White,Canada,Female,4,1169,4676,1043.83,Sep-2025,2025
12725,2026-02-23,iPhone 16 Pro,1TB,Pink,India,Female,1,1409,1409,311.2,Feb-2026,2026
12726,2025-08-23,iPhone 15 Pro,512GB,Purple,UAE,Male,2,1169,2338,484.86,Aug-2025,2025
12727,2025-11-07,iPhone 16 Pro Max,128GB,Green,UAE,Male,4,1199,4796,1099.44,Nov-2025,2025
12728,2025-12-23,iPhone 15 Pro Max,128GB,Black,USA,Male,2,1169,2338,503.72,Dec-2025,2025
12729,2025-08-01,iPhone 16 Pro Max,128GB,Pink,India,Male,2,1179,2358,543.69,Aug-2025,2025
12730,2026-07-28,iPhone 13,256GB,Blue,Australia,Female,1,709,709,114.72,Jul-2026,2026
12731,2025-02-18,iPhone 16 Pro,256GB,Green,UAE,Female,1,1209,1209,273.32,Feb-2025,2025
12732,2025-05-07,iPhone 16 Pro Max,128GB,Purple,India,Female,3,1219,3657,822.88,May-2025,2025
12733,2025-08-11,iPhone 16 Pro Max,512GB,White,UAE,Male,1,1399,1399,323.37,Aug-2025,2025
12734,2025-10-06,iPhone 13,256GB,Green,UAE,Female,4,719,2876,466.91,Oct-2025,2025
12735,2026-02-12,iPhone 15,128GB,Green,Australia,Male,2,809,1618,289.31,Feb-2026,2026
12736,2026-05-20,iPhone 16,256GB,Blue,India,Female,1,899,899,186.98,May-2026,2026
12737,2025-10-21,iPhone 13,128GB,Black,Singapore,Male,2,599,1198,199.48,Oct-2025,2025
12738,2025-10-04,iPhone 13,512GB,Natural Titanium,India,Female,1,819,819,144.08,Oct-2025,2025
12739,2026-03-14,iPhone 15,128GB,Green,UK,Female,1,779,779,127.37,Mar-2026,2026
12740,2025-04-17,iPhone 16,128GB,Green,UK,Female,1,809,809,131.85,Apr-2025,2025
12741,2026-02-24,iPhone 16,256GB,Black,USA,Male,1,909,909,176.12,Feb-2026,2026
12742,2026-03-05,iPhone 13,256GB,Black,USA,Male,4,699,2796,423.01,Mar-2026,2026
12743,2026-01-10,iPhone 15,128GB,White,Germany,Male,1,809,809,138.47,Jan-2026,2026
12744,2025-03-14,iPhone 15 Pro Max,1TB,Purple,UK,Male,2,1509,3018,663.62,Mar-2025,2025
12745,2025-01-30,iPhone 16,128GB,White,USA,Female,1,779,779,156.99,Jan-2025,2025
12746,2025-07-07,iPhone 14,128GB,Black,India,Female,2,679,1358,231.96,Jul-2025,2025
12747,2025-12-30,iPhone 15 Pro,512GB,Natural Titanium,India,Male,2,1199,2398,521.02,Dec-2025,2025
12748,2026-03-27,iPhone 16 Pro Max,128GB,Pink,India,Female,1,1209,1209,269.72,Mar-2026,2026
12749,2025-07-14,iPhone 16 Pro Max,128GB,Black,Singapore,Female,4,1219,4876,1110.56,Jul-2025,2025
12750,2025-06-05,iPhone 16 Pro Max,256GB,White,Canada,Male,4,1269,5076,1194.66,Jun-2025,2025
12751,2025-06-21,iPhone 16 Pro,128GB,Blue,Singapore,Male,2,1099,2198,481.73,Jun-2025,2025
12752,2025-02-10,iPhone 15 Pro,1TB,Blue,India,Female,4,1319,5276,1109.52,Feb-2025,2025
12753,2025-03-04,iPhone 16 Plus,128GB,Purple,UAE,Female,2,879,1758,327.26,Mar-2025,2025
12754,2025-01-23,iPhone 15 Pro Max,256GB,Green,India,Male,3,1269,3807,826.95,Jan-2025,2025
12755,2025-12-26,iPhone 16,128GB,Natural Titanium,Canada,Male,1,819,819,153.73,Dec-2025,2025
12756,2025-03-16,iPhone 15 Pro,128GB,Blue,USA,Male,1,1019,1019,226.59,Mar-2025,2025
12757,2026-07-14,iPhone 16,256GB,White,India,Female,5,909,4545,860.89,Jul-2026,2026
12758,2025-04-28,iPhone 16,256GB,Blue,UK,Male,1,899,899,140.91,Apr-2025,2025
12759,2026-01-15,iPhone 13,256GB,Natural Titanium,India,Male,1,699,699,98.61,Jan-2026,2026
12760,2025-10-17,iPhone 16 Pro,128GB,Natural Titanium,UK,Female,1,1079,1079,260.01,Oct-2025,2025
12761,2026-03-16,iPhone 13,256GB,Pink,UK,Female,1,699,699,81.44,Mar-2026,2026
12762,2025-01-07,iPhone 15 Pro,128GB,Black,UAE,Female,1,999,999,201.04,Jan-2025,2025
12763,2025-07-15,iPhone 13,256GB,Black,Singapore,Male,2,699,1398,228.96,Jul-2025,2025
12764,2026-02-25,iPhone 15 Pro,256GB,White,USA,Male,5,1099,5495,1159.52,Feb-2026,2026
12765,2026-07-22,iPhone 13,128GB,Green,USA,Female,1,579,579,98.48,Jul-2026,2026
12766,2025-07-12,iPhone 16 Pro Max,256GB,Natural Titanium,Canada,Female,3,1279,3837,893.24,Jul-2025,2025
12767,2026-07-13,iPhone 15 Pro Max,128GB,Black,UK,Female,1,1199,1199,261.15,Jul-2026,2026
12768,2025-05-28,iPhone 15 Pro Max,256GB,Blue,India,Female,1,1269,1269,266.93,May-2025,2025
12769,2025-07-21,iPhone 15 Pro,256GB,Natural Titanium,Australia,Female,2,1099,2198,458.95,Jul-2025,2025
12770,2026-03-20,iPhone 16,128GB,Pink,India,Male,3,799,2397,469.76,Mar-2026,2026
12771,2026-02-23,iPhone 16 Pro,512GB,Green,India,Male,1,1269,1269,259.28,Feb-2026,2026
12772,2026-03-03,iPhone 16,128GB,Green,India,Female,1,779,779,142.51,Mar-2026,2026
12773,2026-04-24,iPhone 16 Plus,512GB,Green,India,Female,1,1109,1109,210.94,Apr-2026,2026
12774,2026-04-20,iPhone 16 Pro Max,128GB,Black,India,Male,4,1219,4876,1113.61,Apr-2026,2026
12775,2025-05-06,iPhone 16 Pro,512GB,Purple,India,Female,1,1269,1269,272.89,May-2025,2025
12776,2026-01-30,iPhone 16 Plus,128GB,Green,USA,Male,1,879,879,171.89,Jan-2026,2026
12777,2026-07-30,iPhone 15,128GB,White,India,Female,4,769,3076,555.28,Jul-2026,2026
12778,2025-11-21,iPhone 16,512GB,Blue,India,Male,2,999,1998,390.99,Nov-2025,2025
12779,2026-01-27,iPhone 15 Pro Max,128GB,Purple,UK,Male,4,1169,4676,1035.37,Jan-2026,2026
12780,2026-03-16,iPhone 16 Plus,128GB,Pink,India,Female,4,869,3476,672.87,Mar-2026,2026
12781,2025-07-23,iPhone 16 Pro,256GB,Blue,India,Male,1,1169,1169,249.42,Jul-2025,2025
12782,2026-05-01,iPhone 16 Plus,256GB,White,USA,Male,2,999,1998,410.89,May-2026,2026
12783,2025-01-31,iPhone 16 Pro,256GB,White,India,Male,1,1219,1219,248.04,Jan-2025,2025
12784,2026-01-23,iPhone 13,128GB,Natural Titanium,India,Female,5,599,2995,488.84,Jan-2026,2026
12785,2026-03-10,iPhone 13,256GB,Purple,USA,Female,1,719,719,102.86,Mar-2026,2026
12786,2026-01-11,iPhone 15,128GB,Blue,UAE,Female,3,799,2397,411.79,Jan-2026,2026
12787,2025-12-10,iPhone 16 Pro Max,512GB,Black,UK,Female,1,1409,1409,344.11,Dec-2025,2025
12788,2026-03-19,iPhone 16 Pro,256GB,Natural Titanium,Germany,Female,1,1199,1199,259.32,Mar-2026,2026
12789,2026-08-02,iPhone 16 Plus,256GB,White,USA,Male,1,1009,1009,176.41,Aug-2026,2026
12790,2025-03-16,iPhone 16 Plus,128GB,Green,USA,Male,2,899,1798,336.78,Mar-2025,2025
12791,2026-07-11,iPhone 16 Plus,512GB,Pink,India,Male,1,1079,1079,196.83,Jul-2026,2026
12792,2025-06-04,iPhone 16 Pro Max,256GB,Pink,UAE,Female,1,1279,1279,292.24,Jun-2025,2025
12793,2026-03-06,iPhone 16 Pro,512GB,White,India,Female,1,1269,1269,275.24,Mar-2026,2026
12794,2025-12-29,iPhone 16,128GB,Green,USA,Male,1,809,809,137.4,Dec-2025,2025
12795,2026-03-24,iPhone 16,256GB,Blue,USA,Male,2,869,1738,330.98,Mar-2026,2026
12796,2025-08-22,iPhone 15,256GB,Pink,UK,Male,1,919,919,165.26,Aug-2025,2025
12797,2026-07-17,iPhone 16,128GB,Green,Germany,Male,1,769,769,165.59,Jul-2026,2026
12798,2025-09-19,iPhone 15 Pro Max,128GB,Green,Germany,Female,2,1199,2398,544.91,Sep-2025,2025
12799,2025-05-05,iPhone 15,128GB,Black,India,Female,3,799,2397,431.53,May-2025,2025
12800,2025-09-02,iPhone 16 Pro,128GB,White,India,Female,2,1069,2138,475.89,Sep-2025,2025
12801,2026-06-26,iPhone 16,128GB,Green,Canada,Male,5,819,4095,765.47,Jun-2026,2026
12802,2026-04-30,iPhone 16 Pro Max,128GB,Natural Titanium,USA,Female,1,1199,1199,283.68,Apr-2026,2026
12803,2025-05-02,iPhone 15,256GB,Blue,USA,Male,3,919,2757,529.05,May-2025,2025
12804,2025-05-05,iPhone 15 Pro Max,256GB,Pink,UAE,Male,2,1279,2558,549.02,May-2025,2025
12805,2026-07-03,iPhone 15 Pro Max,128GB,Natural Titanium,UK,Female,2,1179,2358,511.43,Jul-2026,2026
12806,2025-06-19,iPhone 14,256GB,Black,Singapore,Male,2,809,1618,278.01,Jun-2025,2025
12807,2025-05-04,iPhone 15 Pro Max,512GB,Blue,UK,Male,1,1379,1379,305.6,May-2025,2025
12808,2025-02-04,iPhone 15,128GB,Pink,USA,Male,1,819,819,148.79,Feb-2025,2025
12809,2025-03-28,iPhone 15,128GB,White,USA,Female,2,769,1538,268.61,Mar-2025,2025
12810,2025-07-20,iPhone 15,256GB,Blue,Canada,Female,1,899,899,145.0,Jul-2025,2025
12811,2026-01-04,iPhone 15,256GB,Pink,UK,Female,2,899,1798,313.36,Jan-2026,2026
12812,2025-03-18,iPhone 16 Plus,256GB,Black,UK,Female,2,969,1938,378.18,Mar-2025,2025
12813,2025-02-28,iPhone 13,256GB,Natural Titanium,Singapore,Male,1,699,699,136.24,Feb-2025,2025
12814,2026-03-07,iPhone 16,128GB,Pink,UK,Male,1,809,809,160.16,Mar-2026,2026
12815,2026-05-15,iPhone 16 Pro,512GB,Green,USA,Male,1,1269,1269,275.13,May-2026,2026
12816,2025-04-19,iPhone 15 Pro Max,128GB,Black,UAE,Female,1,1169,1169,267.11,Apr-2025,2025
12817,2025-10-05,iPhone 16 Pro Max,128GB,Blue,UK,Male,1,1169,1169,252.59,Oct-2025,2025
12818,2025-03-09,iPhone 16 Plus,128GB,Purple,India,Female,1,909,909,172.33,Mar-2025,2025
12819,2025-03-10,iPhone 16 Plus,128GB,White,USA,Male,1,869,869,157.96,Mar-2025,2025
12820,2025-06-14,iPhone 15,256GB,Natural Titanium,UAE,Female,1,899,899,158.42,Jun-2025,2025
12821,2026-05-04,iPhone 16 Pro,256GB,Black,USA,Female,1,1199,1199,257.0,May-2026,2026
12822,2025-11-01,iPhone 16 Pro,1TB,Natural Titanium,Canada,Male,5,1369,6845,1492.58,Nov-2025,2025
12823,2025-12-31,iPhone 15 Pro,128GB,Black,USA,Female,5,1009,5045,1079.85,Dec-2025,2025
12824,2026-01-14,iPhone 15,1TB,Black,Singapore,Male,1,1109,1109,192.15,Jan-2026,2026
12825,2025-12-09,iPhone 15 Pro,256GB,Pink,India,Male,1,1069,1069,216.97,Dec-2025,2025
12826,2026-07-08,iPhone 16 Plus,128GB,Green,India,Male,2,909,1818,344.73,Jul-2026,2026
12827,2025-12-20,iPhone 15 Pro Max,512GB,Purple,USA,Female,1,1379,1379,305.86,Dec-2025,2025
12828,2026-02-20,iPhone 16 Plus,256GB,White,USA,Male,2,1019,2038,406.59,Feb-2026,2026
12829,2025-04-19,iPhone 14,128GB,Natural Titanium,India,Male,1,709,709,122.58,Apr-2025,2025
12830,2026-07-17,iPhone 16 Pro,512GB,White,India,Female,1,1299,1299,292.43,Jul-2026,2026
12831,2026-05-12,iPhone 15,256GB,Green,UAE,Male,3,879,2637,452.51,May-2026,2026
12832,2025-12-07,iPhone 15,256GB,Pink,India,Male,3,899,2697,489.12,Dec-2025,2025
12833,2026-01-18,iPhone 16,512GB,Pink,UK,Female,5,979,4895,920.94,Jan-2026,2026
12834,2026-06-17,iPhone 14,128GB,Green,Canada,Male,1,699,699,109.93,Jun-2026,2026
12835,2025-10-27,iPhone 13,256GB,Natural Titanium,Canada,Male,3,719,2157,330.86,Oct-2025,2025
12836,2025-05-19,iPhone 15,256GB,Green,India,Female,2,879,1758,312.41,May-2025,2025
12837,2025-12-25,iPhone 16,128GB,Blue,UK,Male,2,769,1538,296.82,Dec-2025,2025
12838,2026-05-14,iPhone 16 Pro Max,128GB,Pink,USA,Male,4,1209,4836,1117.46,May-2026,2026
12839,2026-01-20,iPhone 16 Pro,256GB,Natural Titanium,Australia,Male,4,1169,4676,1031.1,Jan-2026,2026
12840,2026-08-27,iPhone 15 Pro Max,128GB,Black,Australia,Female,2,1169,2338,506.88,Aug-2026,2026
12841,2025-10-07,iPhone 13,256GB,White,India,Male,1,669,669,98.34,Oct-2025,2025
12842,2026-04-28,iPhone 16,512GB,Pink,India,Male,2,979,1958,367.01,Apr-2026,2026
12843,2025-04-21,iPhone 16 Plus,128GB,Green,India,Male,2,899,1798,342.91,Apr-2025,2025
12844,2025-05-19,iPhone 15 Pro,128GB,Black,India,Male,3,1019,3057,623.14,May-2025,2025
12845,2026-03-11,iPhone 14,128GB,Blue,UK,Female,2,709,1418,237.97,Mar-2026,2026
12846,2026-05-24,iPhone 15,256GB,Purple,UK,Male,1,879,879,153.75,May-2026,2026
12847,2025-09-30,iPhone 16 Pro,512GB,Blue,India,Female,1,1319,1319,294.42,Sep-2025,2025
12848,2025-04-09,iPhone 15 Pro,256GB,Black,UAE,Male,1,1069,1069,258.45,Apr-2025,2025
12849,2025-04-14,iPhone 16 Pro,128GB,Natural Titanium,Germany,Male,4,1099,4396,966.98,Apr-2025,2025
12850,2025-08-02,iPhone 15 Pro,256GB,Natural Titanium,UK,Male,1,1099,1099,230.93,Aug-2025,2025
12851,2025-06-14,iPhone 15,256GB,Black,India,Male,2,869,1738,320.76,Jun-2025,2025
12852,2026-06-04,iPhone 15 Pro Max,128GB,Natural Titanium,UK,Male,3,1199,3597,788.91,Jun-2026,2026
12853,2025-10-11,iPhone 15 Pro Max,256GB,Green,USA,Female,1,1319,1319,295.34,Oct-2025,2025
12854,2026-06-01,iPhone 13,128GB,Natural Titanium,Australia,Female,3,609,1827,308.01,Jun-2026,2026
12855,2025-06-13,iPhone 14,256GB,Purple,India,Male,3,819,2457,414.18,Jun-2025,2025
12856,2025-03-05,iPhone 15,128GB,Green,USA,Female,1,779,779,158.51,Mar-2025,2025
12857,2025-04-01,iPhone 14,128GB,White,UK,Female,1,699,699,121.15,Apr-2025,2025
12858,2025-04-27,iPhone 15 Pro,512GB,Natural Titanium,USA,Male,2,1199,2398,513.14,Apr-2025,2025
12859,2025-09-24,iPhone 16 Pro Max,256GB,Purple,UAE,Male,1,1269,1269,304.21,Sep-2025,2025
12860,2026-07-13,iPhone 15 Pro Max,128GB,Purple,India,Female,2,1179,2358,534.64,Jul-2026,2026
12861,2025-05-20,iPhone 16,512GB,White,UK,Male,2,999,1998,393.26,May-2025,2025
12862,2025-09-03,iPhone 15 Pro,256GB,Blue,India,Female,1,1119,1119,251.69,Sep-2025,2025
12863,2026-01-30,iPhone 15 Pro,128GB,Black,India,Female,1,999,999,211.84,Jan-2026,2026
12864,2026-05-02,iPhone 13,256GB,Blue,UAE,Male,1,699,699,103.41,May-2026,2026
12865,2026-04-21,iPhone 15 Pro Max,512GB,Natural Titanium,India,Female,1,1419,1419,313.4,Apr-2026,2026
12866,2026-06-01,iPhone 15 Pro Max,256GB,Natural Titanium,India,Male,2,1279,2558,549.85,Jun-2026,2026
12867,2025-07-03,iPhone 15,128GB,Green,UAE,Male,2,809,1618,287.28,Jul-2025,2025
12868,2025-01-20,iPhone 16 Pro,256GB,Pink,UK,Male,1,1219,1219,261.08,Jan-2025,2025
12869,2026-07-12,iPhone 15 Pro Max,256GB,Natural Titanium,India,Male,3,1279,3837,826.21,Jul-2026,2026
12870,2026-06-08,iPhone 15 Pro,512GB,Natural Titanium,UK,Male,1,1219,1219,267.04,Jun-2026,2026
12871,2026-08-05,iPhone 14,128GB,Green,India,Male,4,669,2676,470.94,Aug-2026,2026
12872,2026-06-13,iPhone 16,256GB,Pink,India,Female,1,879,879,158.26,Jun-2026,2026
12873,2025-05-27,iPhone 16 Plus,128GB,Black,USA,Male,1,899,899,178.49,May-2025,2025
12874,2025-10-31,iPhone 15,256GB,Black,India,Male,3,909,2727,522.76,Oct-2025,2025
12875,2026-08-05,iPhone 15,1TB,Purple,Singapore,Male,2,1109,2218,413.54,Aug-2026,2026
12876,2025-08-16,iPhone 16,128GB,Black,India,Male,1,769,769,133.79,Aug-2025,2025
12877,2025-04-12,iPhone 15,128GB,White,Canada,Male,1,769,769,149.18,Apr-2025,2025
12878,2026-08-10,iPhone 16,256GB,White,Canada,Female,1,899,899,168.76,Aug-2026,2026
12879,2026-02-21,iPhone 16,256GB,Pink,Singapore,Male,1,899,899,181.27,Feb-2026,2026
12880,2025-08-04,iPhone 14,128GB,Blue,USA,Female,1,699,699,146.58,Aug-2025,2025
12881,2026-02-11,iPhone 13,256GB,Purple,Australia,Male,2,679,1358,216.47,Feb-2026,2026
12882,2026-02-03,iPhone 16,512GB,Blue,Singapore,Female,4,1009,4036,783.78,Feb-2026,2026
12883,2026-05-14,iPhone 15 Pro,256GB,Pink,India,Male,3,1069,3207,664.44,May-2026,2026
12884,2026-04-10,iPhone 14,256GB,White,USA,Male,1,799,799,130.05,Apr-2026,2026
12885,2025-03-23,iPhone 16 Plus,128GB,Green,India,Female,3,869,2607,471.62,Mar-2025,2025
12886,2026-08-27,iPhone 15 Pro,512GB,Natural Titanium,UK,Male,1,1199,1199,271.3,Aug-2026,2026
12887,2025-12-31,iPhone 15 Pro Max,128GB,Purple,UK,Female,1,1179,1179,239.46,Dec-2025,2025
12888,2025-06-12,iPhone 15,128GB,Pink,India,Female,3,819,2457,428.68,Jun-2025,2025
12889,2025-02-17,iPhone 16,128GB,Blue,Canada,Male,1,779,779,150.73,Feb-2025,2025
12890,2026-05-26,iPhone 15 Pro,256GB,Pink,India,Female,1,1099,1099,255.39,May-2026,2026
12891,2025-11-25,iPhone 16 Pro Max,512GB,Pink,Canada,Female,1,1369,1369,292.04,Nov-2025,2025
12892,2025-04-26,iPhone 16 Plus,128GB,Black,India,Male,2,919,1838,353.65,Apr-2025,2025
12893,2025-12-03,iPhone 14,512GB,White,UK,Male,1,919,919,139.14,Dec-2025,2025
12894,2025-05-27,iPhone 15 Pro Max,512GB,Purple,India,Female,3,1399,4197,943.47,May-2025,2025
12895,2026-07-29,iPhone 15 Pro,256GB,Black,India,Male,1,1119,1119,237.04,Jul-2026,2026
12896,2025-11-19,iPhone 16,256GB,White,UAE,Male,1,879,879,185.68,Nov-2025,2025
12897,2026-03-19,iPhone 16 Pro,128GB,Pink,India,Female,1,1119,1119,237.03,Mar-2026,2026
12898,2025-01-13,iPhone 16,128GB,White,USA,Female,3,779,2337,438.56,Jan-2025,2025
12899,2026-05-09,iPhone 13,512GB,Blue,Germany,Female,2,819,1638,250.87,May-2026,2026
12900,2025-10-14,iPhone 16,128GB,Purple,India,Female,1,819,819,173.0,Oct-2025,2025
12901,2025-04-24,iPhone 13,128GB,Black,Canada,Male,3,569,1707,290.19,Apr-2025,2025
12902,2026-04-25,iPhone 16 Pro,256GB,Purple,India,Male,1,1199,1199,255.91,Apr-2026,2026
12903,2025-01-22,iPhone 16,512GB,Pink,India,Female,1,1019,1019,205.32,Jan-2025,2025
12904,2025-12-15,iPhone 15 Pro,256GB,Blue,India,Male,2,1119,2238,468.75,Dec-2025,2025
12905,2026-07-20,iPhone 15 Pro,128GB,White,Singapore,Female,1,999,999,186.47,Jul-2026,2026
12906,2025-11-16,iPhone 16 Pro,128GB,Natural Titanium,India,Male,1,1099,1099,247.82,Nov-2025,2025
12907,2025-05-06,iPhone 16 Pro,256GB,White,Germany,Male,1,1169,1169,267.45,May-2025,2025
12908,2025-10-04,iPhone 15 Pro,128GB,Blue,Singapore,Female,1,969,969,216.72,Oct-2025,2025
12909,2025-07-23,iPhone 15 Pro,128GB,Natural Titanium,USA,Male,5,969,4845,1018.32,Jul-2025,2025
12910,2025-07-13,iPhone 16,128GB,White,UK,Male,1,809,809,149.61,Jul-2025,2025
12911,2026-07-01,iPhone 13,256GB,Black,Canada,Male,1,719,719,109.08,Jul-2026,2026
12912,2025-10-13,iPhone 14,128GB,Green,USA,Male,3,679,2037,357.14,Oct-2025,2025
12913,2025-02-26,iPhone 14,128GB,White,India,Male,1,709,709,125.58,Feb-2025,2025
12914,2025-10-30,iPhone 15,128GB,Pink,USA,Male,1,809,809,137.98,Oct-2025,2025
12915,2025-06-12,iPhone 16,128GB,White,Canada,Female,2,779,1558,299.42,Jun-2025,2025
12916,2025-01-19,iPhone 16 Pro Max,128GB,Purple,Canada,Female,2,1219,2438,569.41,Jan-2025,2025
12917,2026-01-05,iPhone 16,256GB,Pink,India,Male,2,899,1798,350.55,Jan-2026,2026
12918,2025-09-21,iPhone 13,256GB,White,India,Male,1,699,699,111.83,Sep-2025,2025
12919,2025-04-23,iPhone 16,128GB,White,Germany,Female,3,799,2397,470.35,Apr-2025,2025
12920,2026-05-03,iPhone 15 Pro Max,128GB,Pink,India,Female,1,1169,1169,247.72,May-2026,2026
12921,2025-11-23,iPhone 14,128GB,Black,UAE,Male,1,669,669,114.31,Nov-2025,2025
12922,2026-06-26,iPhone 16 Pro Max,128GB,Natural Titanium,India,Male,1,1199,1199,286.96,Jun-2026,2026
12923,2026-08-02,iPhone 15 Pro Max,128GB,Natural Titanium,Australia,Male,3,1199,3597,795.07,Aug-2026,2026
12924,2025-03-06,iPhone 16 Pro Max,128GB,Green,Germany,Male,2,1209,2418,557.14,Mar-2025,2025
12925,2025-10-19,iPhone 15 Pro Max,128GB,Green,India,Female,3,1199,3597,782.4,Oct-2025,2025
12926,2025-01-25,iPhone 16,1TB,Natural Titanium,India,Female,2,1069,2138,390.77,Jan-2025,2025
12927,2026-07-03,iPhone 14,128GB,Black,USA,Female,1,709,709,112.31,Jul-2026,2026
12928,2025-01-01,iPhone 15 Pro Max,512GB,White,India,Female,1,1399,1399,321.85,Jan-2025,2025
12929,2026-07-03,iPhone 15,128GB,Green,USA,Male,2,799,1598,279.81,Jul-2026,2026
12930,2025-05-21,iPhone 16 Pro,128GB,Black,UAE,Female,1,1099,1099,241.79,May-2025,2025
12931,2025-07-07,iPhone 16 Pro,256GB,Black,India,Male,1,1169,1169,281.06,Jul-2025,2025
12932,2025-05-08,iPhone 16 Pro,128GB,Green,India,Male,3,1109,3327,744.27,May-2025,2025
12933,2025-07-20,iPhone 16 Plus,128GB,Natural Titanium,Canada,Female,2,879,1758,332.21,Jul-2025,2025
12934,2025-05-07,iPhone 16 Pro,1TB,Pink,UK,Male,1,1419,1419,309.23,May-2025,2025
12935,2025-09-14,iPhone 15,256GB,Blue,India,Male,3,899,2697,502.74,Sep-2025,2025
12936,2026-07-01,iPhone 15 Pro Max,128GB,Natural Titanium,UAE,Female,2,1169,2338,510.25,Jul-2026,2026
12937,2025-07-13,iPhone 16 Plus,128GB,Pink,Canada,Male,1,909,909,172.81,Jul-2025,2025
12938,2025-04-14,iPhone 16,512GB,Natural Titanium,UK,Female,1,1019,1019,191.35,Apr-2025,2025
12939,2026-06-19,iPhone 16 Plus,512GB,White,India,Male,1,1069,1069,222.78,Jun-2026,2026
12940,2025-09-22,iPhone 15,128GB,Pink,India,Female,1,769,769,138.33,Sep-2025,2025
12941,2026-01-19,iPhone 14,128GB,Purple,Canada,Male,1,709,709,116.64,Jan-2026,2026
12942,2025-09-17,iPhone 16 Pro Max,512GB,Blue,Canada,Male,4,1399,5596,1295.41,Sep-2025,2025
12943,2026-02-18,iPhone 16,128GB,Natural Titanium,UAE,Male,2,819,1638,334.59,Feb-2026,2026
12944,2025-12-24,iPhone 15,128GB,Blue,India,Female,3,799,2397,416.8,Dec-2025,2025
12945,2025-03-16,iPhone 16 Pro,256GB,Black,UK,Female,1,1199,1199,267.92,Mar-2025,2025
12946,2025-12-21,iPhone 16 Pro Max,128GB,Purple,Canada,Male,1,1199,1199,265.82,Dec-2025,2025
12947,2026-08-07,iPhone 15,256GB,White,USA,Male,3,899,2697,502.69,Aug-2026,2026
12948,2025-07-07,iPhone 16 Pro,512GB,Black,India,Male,2,1299,2598,558.19,Jul-2025,2025
12949,2025-10-17,iPhone 16 Pro Max,256GB,Pink,UK,Female,4,1309,5236,1214.01,Oct-2025,2025
12950,2025-02-14,iPhone 16 Pro Max,128GB,Pink,Canada,Male,1,1169,1169,260.05,Feb-2025,2025
12951,2026-07-27,iPhone 16 Pro Max,128GB,Green,India,Male,4,1179,4716,1104.39,Jul-2026,2026
12952,2025-03-24,iPhone 16,128GB,Black,UK,Female,1,779,779,177.02,Mar-2025,2025
12953,2025-05-03,iPhone 15 Pro,128GB,Purple,UK,Female,1,999,999,224.56,May-2025,2025
12954,2025-12-24,iPhone 13,128GB,Black,UK,Male,2,609,1218,194.37,Dec-2025,2025
12955,2026-06-12,iPhone 13,128GB,Black,UK,Male,3,579,1737,263.47,Jun-2026,2026
12956,2025-03-07,iPhone 15 Pro Max,128GB,Black,UK,Female,1,1169,1169,259.48,Mar-2025,2025
12957,2026-01-10,iPhone 15 Pro,128GB,Blue,India,Female,5,999,4995,1052.08,Jan-2026,2026
12958,2025-06-11,iPhone 15,128GB,Green,India,Male,2,799,1598,315.59,Jun-2025,2025
12959,2026-01-15,iPhone 15 Pro,256GB,Natural Titanium,UK,Male,1,1109,1109,234.5,Jan-2026,2026
12960,2025-12-24,iPhone 15,256GB,White,India,Male,1,899,899,153.28,Dec-2025,2025
12961,2025-07-07,iPhone 16 Pro,128GB,White,UK,Female,1,1069,1069,237.64,Jul-2025,2025
12962,2025-11-18,iPhone 15 Pro,256GB,White,UAE,Female,1,1099,1099,226.19,Nov-2025,2025
12963,2026-03-26,iPhone 16,256GB,Blue,India,Male,2,899,1798,340.49,Mar-2026,2026
12964,2026-04-19,iPhone 15 Pro Max,128GB,Green,UK,Male,3,1209,3627,823.89,Apr-2026,2026
12965,2025-01-13,iPhone 13,128GB,Purple,USA,Male,2,599,1198,181.51,Jan-2025,2025
12966,2025-07-03,iPhone 16 Pro Max,256GB,Green,India,Female,1,1299,1299,310.31,Jul-2025,2025
12967,2025-04-21,iPhone 16,128GB,Blue,USA,Male,1,799,799,148.04,Apr-2025,2025
12968,2026-05-23,iPhone 15 Pro,128GB,Purple,Germany,Male,4,969,3876,813.54,May-2026,2026
12969,2025-10-17,iPhone 15,1TB,Black,USA,Female,1,1119,1119,201.27,Oct-2025,2025
12970,2025-10-22,iPhone 15 Pro,128GB,Pink,UK,Female,1,999,999,198.17,Oct-2025,2025
12971,2026-03-27,iPhone 13,256GB,Black,India,Female,2,699,1398,230.74,Mar-2026,2026
12972,2025-08-03,iPhone 15 Pro,128GB,White,India,Male,3,1019,3057,614.88,Aug-2025,2025
12973,2026-07-21,iPhone 16,128GB,Black,India,Female,5,779,3895,736.44,Jul-2026,2026
12974,2025-01-27,iPhone 16 Pro,128GB,Blue,Canada,Female,5,1119,5595,1234.44,Jan-2025,2025
12975,2025-08-19,iPhone 16 Plus,256GB,White,India,Female,4,979,3916,750.97,Aug-2025,2025
12976,2026-07-19,iPhone 14,128GB,Pink,India,Male,1,699,699,125.2,Jul-2026,2026
12977,2025-11-17,iPhone 14,128GB,Purple,UAE,Male,1,699,699,105.29,Nov-2025,2025
12978,2025-08-21,iPhone 15 Pro Max,1TB,Purple,India,Female,2,1509,3018,658.96,Aug-2025,2025
12979,2026-03-13,iPhone 15,128GB,White,India,Female,1,819,819,149.11,Mar-2026,2026
12980,2026-06-17,iPhone 13,128GB,Natural Titanium,USA,Female,1,599,599,86.83,Jun-2026,2026
12981,2026-02-07,iPhone 16 Pro,128GB,Natural Titanium,India,Female,1,1079,1079,239.51,Feb-2026,2026
12982,2025-02-22,iPhone 13,256GB,Black,UK,Male,1,719,719,121.53,Feb-2025,2025
12983,2025-11-09,iPhone 16 Pro,128GB,Natural Titanium,India,Male,1,1079,1079,230.88,Nov-2025,2025
12984,2025-10-08,iPhone 14,128GB,Green,USA,Female,1,699,699,126.54,Oct-2025,2025
12985,2025-01-31,iPhone 16 Pro Max,128GB,Green,Australia,Female,1,1199,1199,272.72,Jan-2025,2025
12986,2025-12-03,iPhone 16,128GB,Purple,Australia,Female,3,769,2307,428.53,Dec-2025,2025
12987,2025-07-02,iPhone 16 Plus,256GB,Green,Canada,Female,2,969,1938,384.07,Jul-2025,2025
12988,2025-01-23,iPhone 14,256GB,White,Australia,Male,4,799,3196,537.51,Jan-2025,2025
12989,2026-06-28,iPhone 16 Pro,128GB,Green,UK,Male,1,1069,1069,217.94,Jun-2026,2026
12990,2026-03-22,iPhone 16 Pro,128GB,Blue,UK,Female,1,1099,1099,235.65,Mar-2026,2026
12991,2025-03-15,iPhone 16,128GB,Purple,USA,Male,1,819,819,158.57,Mar-2025,2025
12992,2025-01-10,iPhone 15 Pro Max,256GB,Pink,Canada,Female,2,1299,2598,575.6,Jan-2025,2025
12993,2026-04-29,iPhone 16 Plus,128GB,Green,USA,Female,3,909,2727,505.06,Apr-2026,2026
12994,2026-04-01,iPhone 13,128GB,Blue,India,Male,1,569,569,98.51,Apr-2026,2026
12995,2026-07-20,iPhone 16,1TB,Blue,Canada,Female,3,1099,3297,625.92,Jul-2026,2026
12996,2026-07-18,iPhone 16 Pro,128GB,White,Canada,Male,2,1099,2198,466.15,Jul-2026,2026
12997,2025-06-09,iPhone 15 Pro,1TB,Purple,Canada,Female,1,1319,1319,256.93,Jun-2025,2025
12998,2025-01-14,iPhone 14,128GB,White,India,Male,2,709,1418,243.6,Jan-2025,2025
12999,2025-06-27,iPhone 15 Pro Max,128GB,Pink,India,Female,2,1199,2398,523.7,Jun-2025,2025
13000,2026-02-16,iPhone 16 Plus,128GB,Pink,India,Female,1,899,899,160.2,Feb-2026,2026
13001,2025-02-22,iPhone 14,128GB,Black,USA,Male,1,719,719,114.79,Feb-2025,2025
13002,2026-02-12,iPhone 15,128GB,Pink,India,Female,3,819,2457,441.08,Feb-2026,2026
13003,2025-01-22,iPhone 14,128GB,Purple,USA,Female,2,709,1418,239.59,Jan-2025,2025
13004,2025-01-30,iPhone 16 Pro,1TB,Natural Titanium,India,Female,1,1379,1379,301.93,Jan-2025,2025
13005,2025-09-17,iPhone 13,128GB,Natural Titanium,India,Female,4,609,2436,387.98,Sep-2025,2025
13006,2025-07-24,iPhone 16 Plus,256GB,Purple,UAE,Male,1,1009,1009,215.37,Jul-2025,2025
13007,2025-02-28,iPhone 15 Pro,256GB,White,Australia,Male,1,1069,1069,218.37,Feb-2025,2025
13008,2026-04-16,iPhone 16 Plus,256GB,Blue,India,Male,1,999,999,198.56,Apr-2026,2026
13009,2026-04-11,iPhone 16 Pro Max,256GB,Black,UK,Female,4,1299,5196,1202.38,Apr-2026,2026
13010,2025-01-12,iPhone 14,128GB,Natural Titanium,India,Male,2,679,1358,223.89,Jan-2025,2025
13011,2025-10-17,iPhone 15 Pro,128GB,Natural Titanium,India,Male,2,1009,2018,403.4,Oct-2025,2025
13012,2025-12-20,iPhone 16 Pro,128GB,Pink,UAE,Male,5,1099,5495,1203.86,Dec-2025,2025
13013,2025-03-16,iPhone 15,128GB,Blue,UAE,Male,3,779,2337,400.78,Mar-2025,2025
13014,2026-07-15,iPhone 15,128GB,White,Canada,Female,1,779,779,118.47,Jul-2026,2026
13015,2026-08-14,iPhone 16 Pro,128GB,Green,USA,Male,3,1099,3297,719.23,Aug-2026,2026
13016,2026-03-17,iPhone 16 Pro Max,512GB,Black,Australia,Female,2,1399,2798,644.49,Mar-2026,2026
13017,2025-08-29,iPhone 16,512GB,Purple,India,Male,1,999,999,187.24,Aug-2025,2025
13018,2025-06-03,iPhone 15,128GB,Blue,India,Female,1,799,799,124.25,Jun-2025,2025
13019,2025-04-06,iPhone 15 Pro,128GB,White,India,Male,2,979,1958,396.61,Apr-2025,2025
13020,2025-10-21,iPhone 15,128GB,White,Canada,Male,1,819,819,149.23,Oct-2025,2025
13021,2025-07-28,iPhone 16 Pro,128GB,Black,India,Male,1,1109,1109,251.42,Jul-2025,2025
13022,2025-12-09,iPhone 16 Pro,128GB,Black,India,Male,2,1119,2238,482.35,Dec-2025,2025
13023,2025-03-29,iPhone 16 Pro,512GB,Pink,UK,Male,3,1319,3957,870.2,Mar-2025,2025
13024,2026-01-25,iPhone 13,128GB,Pink,India,Male,1,599,599,98.31,Jan-2026,2026
13025,2025-11-21,iPhone 16,128GB,Purple,India,Male,1,769,769,166.83,Nov-2025,2025
13026,2025-06-06,iPhone 15,128GB,Purple,India,Male,2,779,1558,299.41,Jun-2025,2025
13027,2026-07-31,iPhone 15 Pro,1TB,Black,India,Female,2,1299,2598,552.73,Jul-2026,2026
13028,2025-05-17,iPhone 16 Pro,512GB,Black,UAE,Male,5,1299,6495,1404.33,May-2025,2025
13029,2026-03-04,iPhone 15,256GB,Blue,UK,Female,2,909,1818,344.98,Mar-2026,2026
13030,2026-03-28,iPhone 16,128GB,Pink,India,Female,2,779,1558,301.69,Mar-2026,2026
13031,2025-05-21,iPhone 16,128GB,White,India,Male,5,779,3895,732.25,May-2025,2025
13032,2025-03-24,iPhone 16 Pro Max,128GB,Natural Titanium,Canada,Male,1,1179,1179,294.82,Mar-2025,2025
13033,2025-06-26,iPhone 16 Pro,128GB,Natural Titanium,USA,Male,1,1119,1119,242.39,Jun-2025,2025
13034,2025-07-17,iPhone 16 Pro,256GB,Natural Titanium,UAE,Male,2,1169,2338,540.17,Jul-2025,2025
13035,2026-07-22,iPhone 16,128GB,Pink,USA,Female,1,769,769,132.57,Jul-2026,2026
13036,2026-02-25,iPhone 15,128GB,Pink,India,Male,1,819,819,142.29,Feb-2026,2026
13037,2026-02-05,iPhone 15 Pro Max,256GB,Black,Singapore,Male,1,1299,1299,261.08,Feb-2026,2026
13038,2026-04-16,iPhone 16,128GB,Natural Titanium,UK,Male,2,819,1638,305.65,Apr-2026,2026
13039,2025-08-06,iPhone 16 Plus,256GB,Black,India,Female,3,999,2997,583.89,Aug-2025,2025
13040,2025-06-24,iPhone 16,128GB,Pink,USA,Female,1,819,819,148.92,Jun-2025,2025
13041,2025-01-23,iPhone 15 Pro,128GB,Green,India,Female,2,969,1938,396.94,Jan-2025,2025
13042,2025-08-23,iPhone 15,128GB,Green,India,Female,1,799,799,158.83,Aug-2025,2025
13043,2025-01-13,iPhone 15,512GB,Purple,Germany,Male,2,1019,2038,368.73,Jan-2025,2025
13044,2025-04-11,iPhone 16 Plus,128GB,Pink,Australia,Male,2,879,1758,335.66,Apr-2025,2025
13045,2026-06-20,iPhone 16,128GB,Natural Titanium,India,Male,4,769,3076,571.29,Jun-2026,2026
13046,2026-06-07,iPhone 16 Plus,128GB,Green,India,Male,1,899,899,158.68,Jun-2026,2026
13047,2026-03-28,iPhone 15 Pro,256GB,Purple,Canada,Male,1,1069,1069,221.53,Mar-2026,2026
13048,2026-03-07,iPhone 15,512GB,Purple,India,Male,1,979,979,153.03,Mar-2026,2026
13049,2026-08-29,iPhone 16 Plus,128GB,Pink,UK,Male,2,879,1758,343.63,Aug-2026,2026
13050,2026-06-17,iPhone 16 Pro,128GB,Purple,UAE,Male,3,1079,3237,719.48,Jun-2026,2026
13051,2025-10-20,iPhone 15 Pro Max,1TB,Black,UK,Female,4,1499,5996,1324.13,Oct-2025,2025
13052,2025-04-11,iPhone 16,256GB,Black,UAE,Female,1,919,919,158.82,Apr-2025,2025
13053,2026-05-17,iPhone 15 Pro,256GB,Black,UAE,Male,3,1099,3297,700.82,May-2026,2026
13054,2025-10-31,iPhone 16 Plus,128GB,White,Singapore,Male,1,899,899,160.56,Oct-2025,2025
13055,2026-06-24,iPhone 16 Pro,128GB,Black,India,Male,1,1109,1109,258.87,Jun-2026,2026
13056,2026-07-07,iPhone 16 Plus,256GB,Natural Titanium,Australia,Female,3,1009,3027,571.46,Jul-2026,2026
13057,2025-12-21,iPhone 16,256GB,Black,India,Female,1,869,869,166.05,Dec-2025,2025
13058,2025-10-30,iPhone 15 Pro Max,256GB,Pink,India,Male,1,1269,1269,286.75,Oct-2025,2025
13059,2026-05-11,iPhone 16,128GB,Green,India,Male,1,769,769,149.71,May-2026,2026
13060,2025-08-15,iPhone 16 Plus,256GB,Natural Titanium,UK,Male,1,999,999,151.35,Aug-2025,2025
13061,2025-08-24,iPhone 16,512GB,Green,India,Male,1,1019,1019,172.89,Aug-2025,2025
13062,2026-03-31,iPhone 16,512GB,Black,Australia,Female,3,979,2937,548.61,Mar-2026,2026
13063,2025-01-13,iPhone 14,128GB,Black,UK,Male,1,669,669,118.61,Jan-2025,2025
13064,2025-07-29,iPhone 16 Pro Max,256GB,Black,India,Female,2,1269,2538,604.37,Jul-2025,2025
13065,2026-02-01,iPhone 16 Pro,256GB,Purple,UAE,Male,1,1219,1219,264.5,Feb-2026,2026
13066,2025-04-10,iPhone 15 Pro,512GB,Pink,Australia,Female,2,1209,2418,517.51,Apr-2025,2025
13067,2025-01-31,iPhone 16,256GB,Pink,UAE,Male,3,879,2637,509.17,Jan-2025,2025
13068,2026-06-12,iPhone 13,1TB,Pink,India,Male,4,899,3596,559.28,Jun-2026,2026
13069,2025-11-25,iPhone 13,1TB,Green,Australia,Female,5,919,4595,735.14,Nov-2025,2025
13070,2025-06-15,iPhone 15,128GB,Natural Titanium,UAE,Female,1,779,779,133.0,Jun-2025,2025
13071,2026-04-04,iPhone 16 Plus,256GB,Natural Titanium,India,Female,5,1009,5045,947.51,Apr-2026,2026
13072,2025-04-10,iPhone 16 Pro,256GB,White,India,Female,1,1199,1199,284.2,Apr-2025,2025
13073,2025-06-22,iPhone 16,128GB,Green,USA,Female,1,799,799,156.39,Jun-2025,2025
13074,2025-06-11,iPhone 16,128GB,Pink,Australia,Male,3,769,2307,428.32,Jun-2025,2025
13075,2025-09-20,iPhone 15 Pro,128GB,Blue,India,Female,1,999,999,202.63,Sep-2025,2025
13076,2025-10-01,iPhone 15,256GB,White,India,Female,1,909,909,165.17,Oct-2025,2025
13077,2025-01-03,iPhone 14,128GB,Black,Australia,Male,4,679,2716,466.18,Jan-2025,2025
13078,2025-01-28,iPhone 16 Pro,512GB,Purple,India,Male,3,1299,3897,833.85,Jan-2025,2025
13079,2025-11-22,iPhone 16 Pro Max,256GB,Green,Germany,Female,1,1309,1309,317.04,Nov-2025,2025
13080,2025-05-29,iPhone 15 Pro Max,256GB,Purple,India,Female,3,1319,3957,872.99,May-2025,2025
13081,2026-06-24,iPhone 16,128GB,White,USA,Male,3,799,2397,444.35,Jun-2026,2026
13082,2026-05-03,iPhone 16 Pro Max,128GB,Natural Titanium,India,Female,4,1169,4676,1104.48,May-2026,2026
13083,2026-03-14,iPhone 14,128GB,Blue,Germany,Female,2,719,1438,249.69,Mar-2026,2026
13084,2025-03-06,iPhone 16 Pro,128GB,White,UAE,Male,2,1079,2158,493.35,Mar-2025,2025
13085,2025-12-22,iPhone 16,512GB,Green,Germany,Female,3,1019,3057,595.76,Dec-2025,2025
13086,2026-06-17,iPhone 16,256GB,Pink,UAE,Male,2,879,1758,358.24,Jun-2026,2026
13087,2025-09-09,iPhone 15 Pro,128GB,Black,India,Male,2,999,1998,432.28,Sep-2025,2025
13088,2025-08-23,iPhone 16 Plus,512GB,Pink,India,Female,2,1119,2238,436.56,Aug-2025,2025
13089,2025-08-15,iPhone 16 Pro,128GB,Pink,USA,Female,1,1109,1109,253.16,Aug-2025,2025
13090,2026-06-09,iPhone 14,128GB,Green,UK,Male,5,669,3345,585.93,Jun-2026,2026
13091,2025-11-09,iPhone 16,256GB,Pink,Germany,Female,1,869,869,158.36,Nov-2025,2025
13092,2025-02-18,iPhone 14,128GB,Pink,USA,Male,1,699,699,123.82,Feb-2025,2025
13093,2025-04-28,iPhone 16 Pro,256GB,Green,UAE,Female,3,1199,3597,784.75,Apr-2025,2025
13094,2025-02-23,iPhone 15 Pro Max,256GB,Green,Singapore,Female,1,1319,1319,301.36,Feb-2025,2025
13095,2026-07-19,iPhone 16 Pro,256GB,Blue,India,Female,2,1199,2398,523.98,Jul-2026,2026
13096,2025-02-13,iPhone 15 Pro,128GB,Pink,Australia,Female,1,1019,1019,211.3,Feb-2025,2025
13097,2025-02-22,iPhone 14,128GB,White,USA,Female,2,669,1338,204.58,Feb-2025,2025
13098,2026-08-09,iPhone 13,128GB,Natural Titanium,UAE,Male,4,619,2476,420.08,Aug-2026,2026
13099,2026-07-12,iPhone 15,1TB,Black,India,Male,2,1079,2158,373.56,Jul-2026,2026
13100,2026-06-09,iPhone 15,128GB,Purple,India,Male,1,799,799,148.96,Jun-2026,2026
13101,2025-04-12,iPhone 16,128GB,Black,India,Female,5,799,3995,766.41,Apr-2025,2025
13102,2026-02-02,iPhone 13,512GB,Green,Singapore,Male,1,779,779,141.56,Feb-2026,2026
13103,2025-05-18,iPhone 16,256GB,Purple,Canada,Male,1,919,919,168.7,May-2025,2025
13104,2026-01-22,iPhone 15 Pro,512GB,Green,India,Female,2,1199,2398,487.27,Jan-2026,2026
13105,2025-04-21,iPhone 16,1TB,Natural Titanium,Singapore,Female,5,1109,5545,1065.08,Apr-2025,2025
13106,2025-01-17,iPhone 16 Plus,128GB,Natural Titanium,UK,Female,1,879,879,180.96,Jan-2025,2025
13107,2025-07-01,iPhone 16,128GB,Blue,Australia,Male,2,779,1558,300.44,Jul-2025,2025
13108,2026-06-20,iPhone 16 Pro Max,128GB,Pink,India,Male,1,1219,1219,280.95,Jun-2026,2026
13109,2026-06-25,iPhone 14,128GB,Green,USA,Male,1,679,679,115.01,Jun-2026,2026
13110,2025-06-20,iPhone 15 Pro Max,256GB,Natural Titanium,UAE,Male,4,1269,5076,1103.46,Jun-2025,2025
13111,2026-02-13,iPhone 15 Pro Max,128GB,Green,India,Male,2,1199,2398,500.66,Feb-2026,2026
13112,2026-01-13,iPhone 15 Pro Max,256GB,Black,USA,Male,3,1299,3897,877.22,Jan-2026,2026
13113,2025-07-07,iPhone 16,128GB,Pink,USA,Male,1,799,799,151.96,Jul-2025,2025
13114,2025-08-18,iPhone 15 Pro Max,128GB,Blue,India,Female,3,1199,3597,801.2,Aug-2025,2025
13115,2025-04-29,iPhone 16,256GB,Natural Titanium,India,Male,3,869,2607,491.1,Apr-2025,2025
13116,2025-06-05,iPhone 15 Pro Max,128GB,Green,Singapore,Male,1,1209,1209,261.76,Jun-2025,2025
13117,2026-04-10,iPhone 16 Pro Max,256GB,Green,India,Female,2,1309,2618,596.55,Apr-2026,2026
13118,2025-04-14,iPhone 16 Pro Max,1TB,Green,India,Female,5,1469,7345,1687.0,Apr-2025,2025
13119,2026-08-27,iPhone 15 Pro,256GB,Black,USA,Female,3,1069,3207,687.0,Aug-2026,2026
13120,2026-05-17,iPhone 14,128GB,Natural Titanium,UAE,Male,1,669,669,115.33,May-2026,2026
13121,2025-06-24,iPhone 16 Pro,512GB,Green,UAE,Female,2,1299,2598,591.74,Jun-2025,2025
13122,2026-02-25,iPhone 16 Pro Max,128GB,Green,UAE,Female,3,1169,3507,793.01,Feb-2026,2026
13123,2025-05-14,iPhone 15 Pro,256GB,Black,India,Female,1,1099,1099,228.67,May-2025,2025
13124,2026-01-26,iPhone 15 Pro,128GB,Green,USA,Male,2,979,1958,410.55,Jan-2026,2026
13125,2026-05-16,iPhone 16 Pro Max,128GB,Pink,Canada,Male,5,1209,6045,1399.1,May-2026,2026
13126,2025-02-02,iPhone 16 Plus,1TB,Pink,Germany,Female,4,1219,4876,918.04,Feb-2025,2025
13127,2025-02-24,iPhone 15 Pro,128GB,Black,UK,Female,3,999,2997,643.2,Feb-2025,2025
13128,2026-06-03,iPhone 16,512GB,Pink,India,Female,1,1019,1019,201.24,Jun-2026,2026
13129,2025-01-12,iPhone 16 Pro Max,128GB,Purple,USA,Female,5,1209,6045,1409.55,Jan-2025,2025
13130,2026-06-12,iPhone 16 Pro,512GB,Purple,India,Female,2,1299,2598,565.47,Jun-2026,2026
13131,2026-07-09,iPhone 16 Plus,1TB,Purple,UAE,Female,1,1199,1199,207.85,Jul-2026,2026
13132,2026-01-08,iPhone 16 Plus,128GB,Blue,India,Female,2,869,1738,341.8,Jan-2026,2026
13133,2026-04-29,iPhone 15,256GB,Green,India,Male,3,909,2727,503.98,Apr-2026,2026
13134,2025-08-16,iPhone 16 Pro,256GB,Blue,USA,Male,1,1199,1199,235.97,Aug-2025,2025
13135,2025-11-03,iPhone 15,512GB,Pink,USA,Female,4,999,3996,726.07,Nov-2025,2025
13136,2026-04-02,iPhone 16 Pro Max,128GB,Black,USA,Female,4,1219,4876,1125.22,Apr-2026,2026
13137,2025-06-09,iPhone 15 Pro,256GB,Purple,USA,Male,1,1119,1119,228.47,Jun-2025,2025
13138,2025-11-27,iPhone 16 Pro,128GB,Black,UAE,Female,4,1109,4436,994.59,Nov-2025,2025
13139,2025-08-13,iPhone 15,128GB,Blue,India,Female,4,799,3196,570.2,Aug-2025,2025
13140,2026-05-19,iPhone 16,128GB,Pink,USA,Male,1,769,769,166.54,May-2026,2026
13141,2026-04-01,iPhone 14,256GB,Natural Titanium,India,Male,1,799,799,147.09,Apr-2026,2026
13142,2025-02-14,iPhone 16,512GB,Green,India,Female,1,999,999,198.41,Feb-2025,2025
13143,2025-08-02,iPhone 16 Pro,128GB,Natural Titanium,UK,Male,1,1099,1099,247.62,Aug-2025,2025
13144,2025-02-28,iPhone 16 Plus,256GB,Pink,USA,Female,3,969,2907,561.12,Feb-2025,2025
13145,2025-07-14,iPhone 16,256GB,Purple,UAE,Male,1,899,899,163.68,Jul-2025,2025
13146,2026-05-04,iPhone 13,128GB,Pink,UK,Female,4,619,2476,381.8,May-2026,2026
13147,2025-06-06,iPhone 16 Pro Max,512GB,Black,Canada,Female,5,1399,6995,1629.25,Jun-2025,2025
13148,2025-08-14,iPhone 16 Plus,128GB,White,USA,Male,1,899,899,164.0,Aug-2025,2025
13149,2026-02-16,iPhone 16 Plus,128GB,Purple,USA,Male,2,899,1798,339.07,Feb-2026,2026
13150,2025-07-24,iPhone 16 Pro,128GB,Natural Titanium,UAE,Female,2,1099,2198,467.47,Jul-2025,2025
13151,2025-03-20,iPhone 16 Plus,512GB,Green,India,Female,2,1109,2218,428.84,Mar-2025,2025
13152,2025-05-04,iPhone 15 Pro Max,1TB,Purple,USA,Male,1,1469,1469,310.44,May-2025,2025
13153,2026-04-16,iPhone 16 Plus,128GB,Purple,UK,Male,1,909,909,177.69,Apr-2026,2026
13154,2025-08-06,iPhone 16,128GB,Green,India,Male,1,809,809,149.83,Aug-2025,2025
13155,2026-05-31,iPhone 16 Pro,128GB,Natural Titanium,USA,Male,1,1099,1099,244.56,May-2026,2026
13156,2026-08-25,iPhone 16 Pro,256GB,Purple,UK,Male,4,1179,4716,1057.8,Aug-2026,2026
13157,2025-04-14,iPhone 13,256GB,Black,Singapore,Female,1,709,709,99.84,Apr-2025,2025
13158,2026-01-28,iPhone 15 Pro,1TB,Pink,Australia,Male,1,1299,1299,266.59,Jan-2026,2026
13159,2026-08-31,iPhone 13,512GB,Black,India,Female,2,799,1598,246.44,Aug-2026,2026
13160,2026-03-10,iPhone 14,512GB,Pink,USA,Female,1,899,899,158.76,Mar-2026,2026
13161,2025-11-27,iPhone 16,256GB,White,India,Male,1,879,879,171.97,Nov-2025,2025
13162,2025-05-23,iPhone 16 Pro,128GB,Purple,India,Female,2,1079,2158,472.16,May-2025,2025
13163,2026-06-24,iPhone 14,256GB,White,Canada,Female,2,819,1638,292.55,Jun-2026,2026
13164,2025-10-05,iPhone 15 Pro Max,128GB,Blue,India,Male,1,1169,1169,257.51,Oct-2025,2025
13165,2025-08-21,iPhone 16 Pro Max,128GB,Natural Titanium,India,Male,1,1179,1179,263.85,Aug-2025,2025
13166,2026-06-13,iPhone 16 Pro,128GB,Pink,Germany,Male,1,1069,1069,251.01,Jun-2026,2026
13167,2026-07-25,iPhone 16,256GB,Black,Canada,Male,2,919,1838,346.36,Jul-2026,2026
13168,2025-03-31,iPhone 16 Pro,256GB,Black,Canada,Male,2,1199,2398,525.54,Mar-2025,2025
13169,2026-05-07,iPhone 16,256GB,Purple,Australia,Female,1,879,879,165.99,May-2026,2026
13170,2025-07-18,iPhone 15,128GB,Black,UAE,Male,1,799,799,146.51,Jul-2025,2025
13171,2025-12-28,iPhone 14,256GB,Blue,India,Female,3,819,2457,431.93,Dec-2025,2025
13172,2026-03-17,iPhone 15,128GB,Green,USA,Male,4,799,3196,585.99,Mar-2026,2026
13173,2025-01-26,iPhone 15 Pro,256GB,Black,USA,Female,4,1099,4396,930.61,Jan-2025,2025
13174,2025-01-25,iPhone 16 Pro Max,128GB,Purple,India,Female,1,1179,1179,259.55,Jan-2025,2025
13175,2026-01-29,iPhone 16 Pro,512GB,White,Australia,Female,2,1279,2558,562.48,Jan-2026,2026
13176,2026-05-22,iPhone 15 Pro Max,256GB,Natural Titanium,USA,Male,2,1279,2558,561.07,May-2026,2026
13177,2025-10-28,iPhone 15 Pro Max,256GB,Black,India,Male,3,1299,3897,864.06,Oct-2025,2025
13178,2025-12-05,iPhone 15,256GB,Black,India,Female,3,899,2697,483.14,Dec-2025,2025
13179,2025-09-24,iPhone 16 Plus,256GB,Black,India,Female,1,1009,1009,208.96,Sep-2025,2025
13180,2026-04-06,iPhone 16 Pro,128GB,Purple,Australia,Female,1,1099,1099,249.52,Apr-2026,2026
13181,2026-04-01,iPhone 15,256GB,Natural Titanium,UK,Male,1,879,879,165.31,Apr-2026,2026
13182,2025-12-26,iPhone 13,128GB,Green,UK,Female,1,609,609,85.71,Dec-2025,2025
13183,2025-03-09,iPhone 16,128GB,Black,USA,Female,4,819,3276,613.83,Mar-2025,2025
13184,2026-02-16,iPhone 16,128GB,Green,UK,Female,1,809,809,147.41,Feb-2026,2026
13185,2026-05-06,iPhone 15 Pro,512GB,Green,UAE,Male,1,1199,1199,251.89,May-2026,2026
13186,2025-02-18,iPhone 16,128GB,Natural Titanium,USA,Female,4,799,3196,621.53,Feb-2025,2025
13187,2026-07-18,iPhone 16,128GB,Natural Titanium,Germany,Male,1,769,769,136.98,Jul-2026,2026
13188,2025-04-12,iPhone 15,1TB,Blue,Singapore,Female,1,1099,1099,178.37,Apr-2025,2025
13189,2025-08-04,iPhone 15 Pro,512GB,White,Singapore,Female,1,1199,1199,268.99,Aug-2025,2025
13190,2026-03-14,iPhone 15 Pro Max,128GB,Black,UAE,Male,2,1209,2418,526.43,Mar-2026,2026
13191,2026-07-23,iPhone 16 Pro,512GB,Black,Germany,Female,1,1279,1279,280.62,Jul-2026,2026
13192,2026-07-13,iPhone 16 Pro Max,128GB,Black,USA,Male,2,1179,2358,554.43,Jul-2026,2026
13193,2025-06-08,iPhone 16 Pro,256GB,Green,Australia,Female,1,1209,1209,280.03,Jun-2025,2025
13194,2026-05-04,iPhone 16 Plus,256GB,Natural Titanium,Germany,Male,2,999,1998,368.67,May-2026,2026
13195,2025-08-30,iPhone 16,256GB,Pink,Germany,Male,1,899,899,174.03,Aug-2025,2025
13196,2025-01-05,iPhone 16 Plus,256GB,White,Australia,Female,3,1019,3057,597.55,Jan-2025,2025
13197,2026-08-19,iPhone 16 Pro Max,128GB,Purple,USA,Male,1,1169,1169,269.38,Aug-2026,2026
13198,2025-12-27,iPhone 15,128GB,Black,India,Female,1,799,799,157.11,Dec-2025,2025
13199,2026-04-04,iPhone 16,256GB,Pink,India,Male,2,899,1798,343.61,Apr-2026,2026
13200,2025-09-05,iPhone 16 Plus,128GB,Pink,Canada,Female,1,869,869,178.33,Sep-2025,2025
13201,2026-07-20,iPhone 16 Plus,1TB,Natural Titanium,India,Female,1,1199,1199,243.79,Jul-2026,2026
13202,2026-02-26,iPhone 15,128GB,Pink,USA,Male,3,769,2307,436.08,Feb-2026,2026
13203,2025-01-15,iPhone 16,128GB,White,UK,Female,1,809,809,159.4,Jan-2025,2025
13204,2026-07-27,iPhone 16 Pro,256GB,Pink,UK,Male,2,1169,2338,509.66,Jul-2026,2026
13205,2025-05-02,iPhone 15 Pro Max,128GB,Purple,Germany,Male,1,1169,1169,260.48,May-2025,2025
13206,2025-10-04,iPhone 16 Pro,128GB,Black,UAE,Male,3,1099,3297,729.33,Oct-2025,2025
13207,2026-07-12,iPhone 15 Pro,128GB,Purple,Canada,Female,5,999,4995,1049.08,Jul-2026,2026
13208,2026-03-29,iPhone 16 Pro Max,1TB,Black,UK,Male,1,1479,1479,349.0,Mar-2026,2026
13209,2026-01-25,iPhone 16,128GB,Blue,Australia,Male,2,769,1538,299.02,Jan-2026,2026
13210,2025-10-21,iPhone 16,128GB,Green,India,Female,1,809,809,157.11,Oct-2025,2025
13211,2026-07-28,iPhone 13,128GB,Pink,India,Male,4,579,2316,396.97,Jul-2026,2026
13212,2026-08-21,iPhone 15,128GB,Purple,Germany,Male,1,819,819,137.66,Aug-2026,2026
13213,2026-03-22,iPhone 16,128GB,Green,UAE,Male,2,769,1538,296.63,Mar-2026,2026
13214,2025-07-29,iPhone 15 Pro Max,512GB,Green,UAE,Male,2,1399,2798,615.68,Jul-2025,2025
13215,2026-08-13,iPhone 15 Pro Max,1TB,Green,USA,Male,1,1509,1509,309.83,Aug-2026,2026
13216,2025-10-29,iPhone 13,128GB,Green,India,Male,1,599,599,88.29,Oct-2025,2025
13217,2025-08-11,iPhone 16 Pro,256GB,Green,USA,Male,1,1179,1179,242.41,Aug-2025,2025
13218,2025-01-03,iPhone 16 Pro,1TB,Black,India,Male,3,1399,4197,933.37,Jan-2025,2025
13219,2026-06-02,iPhone 15,128GB,White,USA,Male,1,799,799,128.73,Jun-2026,2026
13220,2025-04-03,iPhone 16,128GB,Pink,USA,Female,2,769,1538,275.72,Apr-2025,2025
13221,2026-06-04,iPhone 16 Pro,512GB,Pink,USA,Female,1,1309,1309,285.52,Jun-2026,2026
13222,2026-03-04,iPhone 16,256GB,Black,UK,Male,1,899,899,166.64,Mar-2026,2026
13223,2026-05-08,iPhone 15 Pro,128GB,Purple,Singapore,Female,2,999,1998,414.81,May-2026,2026
13224,2025-08-23,iPhone 16,128GB,Black,UK,Female,4,809,3236,601.78,Aug-2025,2025
13225,2025-06-10,iPhone 15,128GB,Natural Titanium,Australia,Female,2,799,1598,298.39,Jun-2025,2025
13226,2025-11-27,iPhone 15 Pro,128GB,Green,USA,Male,3,999,2997,627.28,Nov-2025,2025
13227,2025-11-29,iPhone 15,256GB,White,UK,Female,2,869,1738,324.51,Nov-2025,2025
13228,2025-02-19,iPhone 16,256GB,Pink,India,Male,2,879,1758,322.21,Feb-2025,2025
13229,2026-06-07,iPhone 14,256GB,Purple,India,Female,1,799,799,128.16,Jun-2026,2026
13230,2026-05-07,iPhone 16 Pro Max,128GB,Blue,UK,Male,4,1219,4876,1111.0,May-2026,2026
13231,2026-08-05,iPhone 15 Pro,128GB,Black,USA,Male,2,1009,2018,423.48,Aug-2026,2026
13232,2025-09-29,iPhone 15,128GB,Blue,Canada,Male,2,799,1598,279.52,Sep-2025,2025
13233,2026-08-03,iPhone 15 Pro Max,512GB,Pink,USA,Female,2,1409,2818,632.9,Aug-2026,2026
13234,2025-09-09,iPhone 15,256GB,Black,Australia,Female,1,919,919,138.37,Sep-2025,2025
13235,2026-07-14,iPhone 16,128GB,Pink,Singapore,Male,1,809,809,173.98,Jul-2026,2026
13236,2025-03-31,iPhone 15 Pro,128GB,Black,India,Male,1,999,999,206.17,Mar-2025,2025
13237,2026-03-22,iPhone 14,512GB,Purple,USA,Female,2,919,1838,303.17,Mar-2026,2026
13238,2025-11-28,iPhone 15,256GB,Pink,UAE,Female,1,919,919,187.53,Nov-2025,2025
13239,2025-05-19,iPhone 15 Pro Max,128GB,Natural Titanium,India,Female,1,1169,1169,255.97,May-2025,2025
13240,2025-12-23,iPhone 13,128GB,Blue,India,Female,4,609,2436,386.19,Dec-2025,2025
13241,2026-08-24,iPhone 16 Pro,128GB,White,Canada,Male,2,1119,2238,484.95,Aug-2026,2026
13242,2025-10-01,iPhone 16,512GB,Purple,Singapore,Male,1,999,999,186.64,Oct-2025,2025
13243,2025-01-19,iPhone 16,256GB,Natural Titanium,Canada,Male,3,879,2637,506.87,Jan-2025,2025
13244,2025-11-07,iPhone 16,256GB,Purple,USA,Male,1,899,899,177.03,Nov-2025,2025
13245,2025-06-03,iPhone 16,512GB,Black,USA,Female,2,1019,2038,372.93,Jun-2025,2025
13246,2026-01-25,iPhone 16 Pro Max,1TB,Blue,USA,Male,2,1469,2938,661.7,Jan-2026,2026
13247,2025-09-17,iPhone 13,128GB,Pink,USA,Male,1,579,579,104.98,Sep-2025,2025
13248,2026-07-25,iPhone 13,128GB,Blue,USA,Male,1,599,599,89.51,Jul-2026,2026
13249,2025-05-05,iPhone 15,128GB,Purple,India,Male,1,799,799,143.12,May-2025,2025
13250,2025-12-20,iPhone 15,128GB,Black,Germany,Female,1,799,799,145.28,Dec-2025,2025
13251,2025-09-30,iPhone 15,256GB,Blue,UAE,Male,1,919,919,183.03,Sep-2025,2025
13252,2025-09-02,iPhone 16 Plus,512GB,Natural Titanium,UAE,Male,5,1109,5545,1069.43,Sep-2025,2025
13253,2026-03-26,iPhone 15 Pro Max,256GB,Pink,Germany,Female,1,1309,1309,292.08,Mar-2026,2026
13254,2025-09-04,iPhone 16 Pro Max,128GB,Green,India,Male,3,1179,3537,805.41,Sep-2025,2025
13255,2026-06-04,iPhone 15,128GB,Purple,India,Male,2,799,1598,315.41,Jun-2026,2026
13256,2025-05-21,iPhone 15 Pro,128GB,White,Canada,Female,2,1009,2018,432.19,May-2025,2025
13257,2025-12-28,iPhone 16 Pro Max,512GB,White,Singapore,Male,1,1419,1419,342.77,Dec-2025,2025
13258,2025-01-08,iPhone 16 Pro,128GB,Purple,UK,Female,1,1099,1099,238.92,Jan-2025,2025
13259,2026-04-23,iPhone 15 Pro Max,128GB,Green,India,Female,2,1179,2358,504.89,Apr-2026,2026
13260,2025-12-18,iPhone 16,128GB,Black,Canada,Male,3,809,2427,467.24,Dec-2025,2025
13261,2026-05-10,iPhone 16 Pro,1TB,Blue,India,Male,1,1409,1409,310.18,May-2026,2026
13262,2026-08-29,iPhone 15 Pro Max,256GB,Blue,USA,Female,2,1269,2538,578.18,Aug-2026,2026
13263,2026-03-03,iPhone 15,512GB,Green,India,Male,1,979,979,175.0,Mar-2026,2026
13264,2025-02-08,iPhone 16 Pro,256GB,Natural Titanium,Germany,Female,1,1179,1179,254.03,Feb-2025,2025
13265,2026-08-16,iPhone 16,256GB,Green,USA,Male,2,919,1838,364.62,Aug-2026,2026
13266,2025-07-06,iPhone 15,128GB,Pink,Germany,Female,2,799,1598,282.62,Jul-2025,2025
13267,2026-08-19,iPhone 15 Pro Max,128GB,Pink,India,Female,1,1209,1209,262.67,Aug-2026,2026
13268,2026-08-23,iPhone 15 Pro Max,256GB,White,USA,Female,1,1279,1279,262.85,Aug-2026,2026
13269,2025-04-03,iPhone 16 Pro,512GB,Black,Germany,Male,1,1319,1319,303.71,Apr-2025,2025
13270,2025-03-27,iPhone 14,128GB,Black,India,Male,5,699,3495,592.02,Mar-2025,2025
13271,2025-02-13,iPhone 16 Pro,128GB,Natural Titanium,UK,Male,1,1109,1109,229.85,Feb-2025,2025
13272,2025-05-17,iPhone 16,256GB,Green,USA,Female,1,899,899,184.71,May-2025,2025
13273,2026-02-25,iPhone 15 Pro,128GB,White,Canada,Male,1,969,969,200.29,Feb-2026,2026
13274,2025-03-15,iPhone 15,256GB,White,India,Female,1,899,899,183.64,Mar-2025,2025
13275,2026-07-02,iPhone 16 Plus,128GB,Pink,USA,Male,3,869,2607,510.65,Jul-2026,2026
13276,2026-05-27,iPhone 16 Pro Max,128GB,Blue,UAE,Male,1,1199,1199,261.29,May-2026,2026
13277,2025-06-05,iPhone 15 Pro,128GB,Natural Titanium,USA,Male,2,979,1958,419.85,Jun-2025,2025
13278,2025-09-12,iPhone 15,256GB,Black,India,Female,1,909,909,176.23,Sep-2025,2025
13279,2025-06-20,iPhone 16,256GB,Natural Titanium,UAE,Female,2,879,1758,313.9,Jun-2025,2025
13280,2025-06-19,iPhone 16 Pro,128GB,White,USA,Male,1,1069,1069,232.08,Jun-2025,2025
13281,2025-11-18,iPhone 13,512GB,Pink,India,Female,3,779,2337,367.47,Nov-2025,2025
13282,2026-07-21,iPhone 16,128GB,Pink,UK,Male,1,779,779,161.06,Jul-2026,2026
13283,2026-04-01,iPhone 16,128GB,Pink,Germany,Female,2,799,1598,292.8,Apr-2026,2026
13284,2026-08-26,iPhone 15 Pro,256GB,Natural Titanium,India,Female,3,1119,3357,708.15,Aug-2026,2026
13285,2025-06-04,iPhone 15 Pro Max,128GB,Blue,UK,Male,2,1199,2398,550.78,Jun-2025,2025
13286,2025-12-15,iPhone 15,256GB,White,UAE,Male,1,899,899,137.47,Dec-2025,2025
13287,2026-03-27,iPhone 16 Pro,1TB,Green,India,Male,5,1399,6995,1540.05,Mar-2026,2026
13288,2025-06-22,iPhone 16,256GB,Green,India,Male,1,899,899,172.36,Jun-2025,2025
13289,2025-01-10,iPhone 16,256GB,Pink,USA,Female,4,899,3596,653.53,Jan-2025,2025
13290,2025-09-22,iPhone 15 Pro,256GB,Pink,Canada,Female,1,1099,1099,210.69,Sep-2025,2025
13291,2026-03-14,iPhone 15 Pro,128GB,Blue,India,Female,1,1019,1019,224.39,Mar-2026,2026
13292,2025-09-04,iPhone 16 Pro,128GB,Pink,Australia,Female,1,1099,1099,241.1,Sep-2025,2025
13293,2026-06-30,iPhone 15 Pro Max,128GB,Purple,UK,Male,1,1199,1199,266.13,Jun-2026,2026
13294,2026-05-14,iPhone 15 Pro Max,1TB,White,India,Male,1,1499,1499,328.03,May-2026,2026
13295,2025-05-09,iPhone 16,128GB,Pink,USA,Female,1,769,769,161.05,May-2025,2025
13296,2026-08-24,iPhone 15 Pro Max,128GB,Pink,Singapore,Female,5,1199,5995,1347.74,Aug-2026,2026
13297,2026-08-28,iPhone 15,512GB,White,India,Female,3,999,2997,552.83,Aug-2026,2026
13298,2025-11-23,iPhone 14,256GB,Black,USA,Female,1,819,819,111.06,Nov-2025,2025
13299,2026-02-08,iPhone 14,1TB,Purple,UK,Male,1,999,999,169.4,Feb-2026,2026
13300,2026-08-29,iPhone 16 Plus,256GB,Purple,India,Male,2,979,1958,388.98,Aug-2026,2026
13301,2025-12-25,iPhone 15,128GB,Green,India,Female,1,799,799,138.67,Dec-2025,2025
13302,2026-08-26,iPhone 13,512GB,Pink,India,Male,3,809,2427,405.37,Aug-2026,2026
13303,2025-01-17,iPhone 16 Pro,128GB,White,India,Female,2,1079,2158,470.72,Jan-2025,2025
13304,2025-10-01,iPhone 15,128GB,Green,India,Male,2,799,1598,272.61,Oct-2025,2025
13305,2025-04-26,iPhone 16,256GB,Natural Titanium,Canada,Male,2,879,1758,342.67,Apr-2025,2025
13306,2025-04-01,iPhone 15 Pro,256GB,Natural Titanium,Singapore,Male,2,1109,2218,471.27,Apr-2025,2025
13307,2025-03-23,iPhone 14,512GB,Blue,India,Female,1,869,869,140.52,Mar-2025,2025
13308,2025-11-20,iPhone 15 Pro Max,1TB,Natural Titanium,USA,Female,1,1509,1509,347.59,Nov-2025,2025
13309,2025-04-24,iPhone 13,512GB,Natural Titanium,India,Male,1,819,819,108.78,Apr-2025,2025
13310,2025-02-27,iPhone 16 Pro,128GB,Black,India,Male,2,1119,2238,504.98,Feb-2025,2025
13311,2025-06-03,iPhone 16,256GB,Pink,India,Male,1,879,879,160.45,Jun-2025,2025
13312,2026-02-08,iPhone 14,256GB,Black,USA,Male,3,799,2397,428.59,Feb-2026,2026
13313,2025-09-23,iPhone 15,1TB,Pink,Germany,Male,1,1069,1069,202.23,Sep-2025,2025
13314,2025-11-11,iPhone 15 Pro Max,128GB,Pink,USA,Male,1,1219,1219,264.03,Nov-2025,2025
13315,2025-02-10,iPhone 15,128GB,Pink,USA,Male,1,809,809,134.03,Feb-2025,2025
13316,2025-04-15,iPhone 15,512GB,Black,India,Male,2,999,1998,340.2,Apr-2025,2025
13317,2025-07-12,iPhone 16,128GB,Purple,India,Male,3,809,2427,460.2,Jul-2025,2025
13318,2026-02-05,iPhone 16 Pro,256GB,Blue,Germany,Male,3,1199,3597,792.01,Feb-2026,2026
13319,2025-10-05,iPhone 15 Pro,128GB,Purple,India,Male,4,999,3996,851.79,Oct-2025,2025
13320,2025-12-20,iPhone 16 Plus,128GB,White,Singapore,Male,5,899,4495,845.39,Dec-2025,2025
13321,2026-08-03,iPhone 16 Pro,256GB,White,India,Female,3,1169,3507,775.91,Aug-2026,2026
13322,2025-09-13,iPhone 15,128GB,Natural Titanium,UK,Male,1,769,769,134.14,Sep-2025,2025
13323,2025-04-09,iPhone 16 Pro,256GB,Purple,Singapore,Female,1,1169,1169,275.16,Apr-2025,2025
13324,2026-08-11,iPhone 16 Plus,128GB,Blue,India,Male,1,869,869,163.57,Aug-2026,2026
13325,2025-10-09,iPhone 15 Pro,128GB,Natural Titanium,USA,Female,5,999,4995,1040.18,Oct-2025,2025
13326,2026-02-07,iPhone 16 Pro Max,128GB,Blue,Canada,Female,1,1199,1199,261.37,Feb-2026,2026
13327,2025-04-19,iPhone 15,256GB,Pink,India,Male,1,919,919,159.99,Apr-2025,2025
13328,2025-07-18,iPhone 15,128GB,Pink,UAE,Female,4,779,3116,558.08,Jul-2025,2025
13329,2025-10-30,iPhone 16 Pro,256GB,White,India,Male,1,1179,1179,257.0,Oct-2025,2025
13330,2025-11-23,iPhone 15 Pro Max,256GB,Pink,India,Male,2,1299,2598,576.67,Nov-2025,2025
13331,2025-06-03,iPhone 15 Pro,256GB,Natural Titanium,India,Male,3,1069,3207,669.48,Jun-2025,2025
13332,2026-07-06,iPhone 15,256GB,Pink,Germany,Male,3,879,2637,464.68,Jul-2026,2026
13333,2026-02-09,iPhone 16 Pro,128GB,Blue,India,Male,3,1099,3297,720.3,Feb-2026,2026
13334,2026-04-07,iPhone 16 Pro,128GB,Black,India,Male,3,1099,3297,722.72,Apr-2026,2026
13335,2025-05-12,iPhone 16,256GB,Purple,UK,Male,2,899,1798,334.82,May-2025,2025
13336,2025-03-25,iPhone 16 Pro Max,128GB,Green,India,Female,1,1169,1169,249.54,Mar-2025,2025
13337,2026-02-03,iPhone 15 Pro,512GB,Green,USA,Male,2,1219,2438,493.75,Feb-2026,2026
13338,2025-04-19,iPhone 15,512GB,Pink,India,Male,3,999,2997,515.99,Apr-2025,2025
13339,2025-08-09,iPhone 16 Plus,128GB,Pink,UAE,Male,1,879,879,169.04,Aug-2025,2025
13340,2026-07-07,iPhone 16 Plus,256GB,Purple,UK,Male,1,1019,1019,199.02,Jul-2026,2026
13341,2026-01-03,iPhone 15,512GB,Green,India,Male,1,979,979,166.13,Jan-2026,2026
13342,2025-05-27,iPhone 14,128GB,Blue,India,Male,2,699,1398,243.48,May-2025,2025
13343,2025-04-22,iPhone 16 Pro,256GB,Green,UK,Male,1,1199,1199,259.17,Apr-2025,2025
13344,2026-07-12,iPhone 16 Pro Max,128GB,Green,Canada,Male,3,1219,3657,839.35,Jul-2026,2026
13345,2026-05-09,iPhone 16,256GB,Natural Titanium,India,Female,1,869,869,149.46,May-2026,2026
13346,2026-05-20,iPhone 15,512GB,Green,India,Male,1,1009,1009,196.58,May-2026,2026
13347,2026-04-20,iPhone 16 Pro Max,256GB,Pink,India,Male,1,1309,1309,320.21,Apr-2026,2026
13348,2025-09-28,iPhone 16 Pro,256GB,Natural Titanium,UAE,Male,2,1219,2438,540.24,Sep-2025,2025
13349,2026-02-25,iPhone 16,512GB,Pink,Singapore,Female,1,969,969,174.99,Feb-2026,2026
13350,2026-01-02,iPhone 16 Pro,256GB,Purple,India,Female,1,1179,1179,260.52,Jan-2026,2026
13351,2025-10-07,iPhone 16 Pro,256GB,Green,India,Male,4,1209,4836,1054.61,Oct-2025,2025
13352,2025-10-10,iPhone 16 Pro Max,256GB,Pink,India,Male,3,1269,3807,859.55,Oct-2025,2025
13353,2025-02-09,iPhone 16 Pro,256GB,Purple,India,Male,3,1219,3657,812.98,Feb-2025,2025
13354,2025-07-08,iPhone 16,512GB,Green,USA,Male,2,1019,2038,375.27,Jul-2025,2025
13355,2025-06-13,iPhone 16,1TB,Blue,Germany,Female,3,1119,3357,627.62,Jun-2025,2025
13356,2026-06-20,iPhone 15 Pro Max,256GB,Pink,India,Female,3,1299,3897,830.72,Jun-2026,2026
13357,2026-06-20,iPhone 16,256GB,Black,Canada,Male,4,879,3516,680.8,Jun-2026,2026
13358,2025-01-04,iPhone 16 Pro,128GB,Purple,USA,Male,1,1069,1069,253.27,Jan-2025,2025
13359,2025-10-17,iPhone 16 Pro Max,512GB,Pink,Canada,Female,1,1419,1419,335.2,Oct-2025,2025
13360,2026-03-09,iPhone 15 Pro Max,256GB,Blue,USA,Female,1,1299,1299,295.52,Mar-2026,2026
13361,2026-04-16,iPhone 16,256GB,Blue,India,Female,4,899,3596,667.17,Apr-2026,2026
13362,2025-06-30,iPhone 15 Pro Max,128GB,Pink,Germany,Male,2,1209,2418,528.83,Jun-2025,2025
13363,2025-09-05,iPhone 16,512GB,White,India,Female,1,1009,1009,200.44,Sep-2025,2025
13364,2025-10-06,iPhone 16,128GB,Purple,UK,Male,2,809,1618,295.73,Oct-2025,2025
13365,2026-08-04,iPhone 13,128GB,Green,Australia,Male,3,569,1707,268.23,Aug-2026,2026
13366,2025-09-11,iPhone 16,256GB,Green,India,Female,4,899,3596,663.63,Sep-2025,2025
13367,2025-06-30,iPhone 14,256GB,Blue,USA,Female,2,769,1538,257.83,Jun-2025,2025
13368,2026-05-24,iPhone 13,128GB,Pink,Canada,Male,3,619,1857,294.93,May-2026,2026
13369,2026-07-20,iPhone 16 Pro,256GB,White,Singapore,Female,1,1169,1169,263.21,Jul-2026,2026
13370,2025-11-22,iPhone 15,128GB,Purple,UAE,Female,1,799,799,123.89,Nov-2025,2025
13371,2025-12-23,iPhone 15 Pro,128GB,Black,India,Male,3,1019,3057,621.88,Dec-2025,2025
13372,2026-01-26,iPhone 13,128GB,Green,UAE,Female,3,619,1857,311.9,Jan-2026,2026
13373,2025-03-26,iPhone 15,512GB,Natural Titanium,UAE,Male,2,999,1998,372.52,Mar-2025,2025
13374,2025-11-13,iPhone 16 Pro,128GB,Purple,UAE,Female,1,1119,1119,238.44,Nov-2025,2025
13375,2025-07-31,iPhone 15 Pro Max,128GB,Purple,Australia,Male,1,1179,1179,277.7,Jul-2025,2025
13376,2026-05-30,iPhone 16 Pro,256GB,White,India,Male,1,1209,1209,267.98,May-2026,2026
13377,2026-01-19,iPhone 15 Pro,128GB,Purple,India,Female,2,999,1998,433.23,Jan-2026,2026
13378,2025-12-08,iPhone 15,256GB,Green,UK,Male,2,899,1798,320.15,Dec-2025,2025
13379,2025-02-07,iPhone 15 Pro,512GB,Pink,Singapore,Male,4,1219,4876,1027.7,Feb-2025,2025
13380,2026-05-26,iPhone 16 Plus,512GB,Green,USA,Female,2,1099,2198,413.53,May-2026,2026
13381,2026-02-24,iPhone 16,128GB,Black,Singapore,Female,1,779,779,168.06,Feb-2026,2026
13382,2025-06-18,iPhone 16 Pro Max,256GB,Pink,Germany,Male,1,1299,1299,296.81,Jun-2025,2025
13383,2025-12-09,iPhone 16,256GB,Blue,Germany,Male,3,899,2697,511.4,Dec-2025,2025
13384,2025-11-02,iPhone 15 Pro Max,128GB,White,Germany,Female,1,1199,1199,244.4,Nov-2025,2025
13385,2026-06-26,iPhone 16 Pro,128GB,Green,Germany,Male,2,1109,2218,486.5,Jun-2026,2026
13386,2026-06-21,iPhone 16 Pro Max,128GB,Pink,Canada,Male,2,1209,2418,577.04,Jun-2026,2026
13387,2025-04-22,iPhone 15 Pro,128GB,Purple,UAE,Male,1,999,999,226.04,Apr-2025,2025
13388,2026-02-15,iPhone 15,1TB,Pink,India,Female,1,1099,1099,195.63,Feb-2026,2026
13389,2025-07-25,iPhone 16,256GB,Green,India,Male,1,869,869,164.01,Jul-2025,2025
13390,2025-07-04,iPhone 15 Pro Max,128GB,Blue,India,Female,1,1169,1169,242.23,Jul-2025,2025
13391,2026-01-17,iPhone 16 Pro Max,128GB,Green,India,Female,2,1179,2358,546.52,Jan-2026,2026
13392,2026-05-11,iPhone 15 Pro Max,1TB,Blue,India,Male,2,1469,2938,650.27,May-2026,2026
13393,2026-01-14,iPhone 14,128GB,Purple,Germany,Male,5,669,3345,574.99,Jan-2026,2026
13394,2025-02-16,iPhone 16 Pro Max,256GB,Green,UAE,Male,3,1299,3897,877.23,Feb-2025,2025
13395,2026-07-05,iPhone 16 Pro,128GB,Pink,India,Male,2,1099,2198,497.48,Jul-2026,2026
13396,2026-06-12,iPhone 15,512GB,Black,Canada,Male,2,999,1998,356.89,Jun-2026,2026
13397,2026-05-19,iPhone 16 Pro Max,256GB,Black,USA,Female,2,1319,2638,621.49,May-2026,2026
13398,2025-01-22,iPhone 15 Pro,128GB,Purple,India,Male,1,1009,1009,214.34,Jan-2025,2025
13399,2025-08-01,iPhone 15 Pro,128GB,Natural Titanium,Australia,Female,5,979,4895,1045.1,Aug-2025,2025
13400,2025-11-06,iPhone 16 Pro Max,256GB,Natural Titanium,India,Female,2,1269,2538,591.53,Nov-2025,2025
13401,2025-09-29,iPhone 16,512GB,Pink,UAE,Male,4,999,3996,749.18,Sep-2025,2025
13402,2026-07-25,iPhone 14,128GB,Black,India,Male,5,709,3545,612.49,Jul-2026,2026
13403,2025-07-21,iPhone 15 Pro,256GB,Purple,USA,Female,2,1069,2138,461.19,Jul-2025,2025
13404,2025-02-01,iPhone 16 Plus,128GB,Blue,Canada,Female,1,919,919,177.13,Feb-2025,2025
13405,2026-03-19,iPhone 15,512GB,Pink,India,Female,2,1009,2018,359.87,Mar-2026,2026
13406,2025-06-11,iPhone 16,256GB,Natural Titanium,Singapore,Male,2,899,1798,352.71,Jun-2025,2025
13407,2025-09-11,iPhone 16 Plus,128GB,Blue,India,Female,3,899,2697,526.27,Sep-2025,2025
13408,2026-06-05,iPhone 15 Pro,128GB,Pink,USA,Male,1,1019,1019,198.25,Jun-2026,2026
13409,2026-04-25,iPhone 16 Plus,128GB,Blue,Germany,Male,1,919,919,176.23,Apr-2026,2026
13410,2025-01-10,iPhone 16 Pro,256GB,Blue,Germany,Male,4,1169,4676,1026.36,Jan-2025,2025
13411,2026-05-20,iPhone 15 Pro Max,128GB,Black,India,Male,5,1169,5845,1308.65,May-2026,2026
13412,2026-07-14,iPhone 15 Pro,128GB,Pink,India,Female,1,979,979,197.01,Jul-2026,2026
13413,2026-03-12,iPhone 15,1TB,Green,UAE,Male,3,1069,3207,583.92,Mar-2026,2026
13414,2025-04-21,iPhone 16,128GB,Black,India,Female,1,799,799,160.12,Apr-2025,2025
13415,2025-06-02,iPhone 16 Pro,256GB,Blue,USA,Female,3,1209,3627,798.68,Jun-2025,2025
13416,2025-04-12,iPhone 15 Pro,128GB,Blue,Canada,Female,1,1019,1019,230.57,Apr-2025,2025
13417,2025-07-10,iPhone 15 Pro,128GB,Natural Titanium,UK,Male,4,1009,4036,846.42,Jul-2025,2025
13418,2026-07-17,iPhone 15 Pro,128GB,Green,India,Female,2,999,1998,404.9,Jul-2026,2026
13419,2025-03-22,iPhone 16,256GB,Natural Titanium,USA,Male,1,919,919,192.23,Mar-2025,2025
13420,2026-05-04,iPhone 15,256GB,Green,Germany,Male,1,919,919,160.06,May-2026,2026
13421,2025-03-29,iPhone 16 Pro,512GB,Blue,UK,Female,1,1299,1299,286.92,Mar-2025,2025
13422,2025-07-13,iPhone 15 Pro,128GB,Green,UAE,Male,2,999,1998,417.71,Jul-2025,2025
13423,2025-04-14,iPhone 16 Plus,128GB,White,India,Male,4,909,3636,679.5,Apr-2025,2025
13424,2025-04-06,iPhone 16,512GB,Natural Titanium,India,Female,3,1019,3057,569.83,Apr-2025,2025
13425,2026-02-27,iPhone 16,128GB,Natural Titanium,India,Male,3,799,2397,436.94,Feb-2026,2026
13426,2025-07-17,iPhone 15,128GB,Black,USA,Male,3,819,2457,448.49,Jul-2025,2025
13427,2025-01-01,iPhone 16 Plus,128GB,Pink,India,Male,5,899,4495,862.69,Jan-2025,2025
13428,2026-02-11,iPhone 15,256GB,Natural Titanium,USA,Male,3,879,2637,477.64,Feb-2026,2026
13429,2026-01-13,iPhone 14,512GB,Green,UAE,Female,1,879,879,156.75,Jan-2026,2026
13430,2025-06-16,iPhone 16,128GB,Green,UAE,Male,3,799,2397,453.86,Jun-2025,2025
13431,2026-05-24,iPhone 16 Plus,128GB,White,India,Female,1,899,899,173.23,May-2026,2026
13432,2025-11-09,iPhone 13,256GB,Pink,UAE,Female,5,699,3495,558.86,Nov-2025,2025
13433,2026-08-16,iPhone 13,512GB,White,UAE,Female,1,799,799,126.98,Aug-2026,2026
13434,2026-02-22,iPhone 16 Pro,128GB,Pink,India,Female,1,1109,1109,230.98,Feb-2026,2026
13435,2026-04-22,iPhone 16 Pro,512GB,Natural Titanium,India,Male,1,1269,1269,294.98,Apr-2026,2026
13436,2025-03-14,iPhone 15,128GB,Natural Titanium,UK,Male,2,799,1598,284.17,Mar-2025,2025
13437,2025-05-21,iPhone 16,128GB,Black,USA,Male,1,779,779,142.45,May-2025,2025
13438,2026-08-05,iPhone 15 Pro Max,128GB,Green,India,Male,4,1219,4876,1065.97,Aug-2026,2026
13439,2025-09-19,iPhone 16,128GB,Black,India,Male,1,769,769,141.49,Sep-2025,2025
13440,2025-12-06,iPhone 16 Pro,128GB,Pink,India,Female,1,1069,1069,230.68,Dec-2025,2025
13441,2025-11-04,iPhone 14,512GB,Green,Singapore,Female,1,909,909,156.88,Nov-2025,2025
13442,2025-09-02,iPhone 16 Pro,128GB,Natural Titanium,UAE,Male,1,1099,1099,221.58,Sep-2025,2025
13443,2026-05-30,iPhone 15 Pro Max,128GB,White,USA,Male,1,1219,1219,257.86,May-2026,2026
13444,2025-12-03,iPhone 16,128GB,Natural Titanium,Germany,Male,1,819,819,173.46,Dec-2025,2025
13445,2026-07-29,iPhone 16,256GB,Natural Titanium,UK,Female,1,869,869,182.13,Jul-2026,2026
13446,2026-07-15,iPhone 16 Pro Max,512GB,Blue,UAE,Female,1,1409,1409,320.94,Jul-2026,2026
13447,2025-03-17,iPhone 13,128GB,White,India,Male,1,609,609,127.38,Mar-2025,2025
13448,2025-06-24,iPhone 13,128GB,Blue,UK,Female,3,609,1827,300.73,Jun-2025,2025
13449,2025-04-19,iPhone 15,128GB,White,India,Male,1,799,799,161.48,Apr-2025,2025
13450,2025-07-02,iPhone 16 Pro Max,128GB,Pink,USA,Male,1,1219,1219,281.47,Jul-2025,2025
13451,2025-07-11,iPhone 16 Plus,128GB,Black,India,Male,1,899,899,167.81,Jul-2025,2025
13452,2025-03-06,iPhone 16,256GB,Blue,India,Female,2,899,1798,353.05,Mar-2025,2025
13453,2026-04-19,iPhone 13,256GB,Pink,India,Male,1,679,679,122.05,Apr-2026,2026
13454,2025-04-10,iPhone 16 Pro,256GB,Black,USA,Male,2,1199,2398,524.3,Apr-2025,2025
13455,2026-06-28,iPhone 16 Pro,128GB,Black,Australia,Male,5,1099,5495,1214.19,Jun-2026,2026
13456,2025-05-08,iPhone 16,128GB,Green,India,Male,1,799,799,116.55,May-2025,2025
13457,2026-03-28,iPhone 15 Pro,256GB,Natural Titanium,Australia,Female,1,1079,1079,218.79,Mar-2026,2026
13458,2026-01-04,iPhone 14,256GB,Green,UK,Male,1,799,799,152.96,Jan-2026,2026
13459,2025-02-12,iPhone 16,128GB,Natural Titanium,USA,Female,1,799,799,145.39,Feb-2025,2025
13460,2026-02-23,iPhone 16 Plus,512GB,Green,India,Male,1,1079,1079,204.37,Feb-2026,2026
13461,2026-05-03,iPhone 14,128GB,Blue,Germany,Male,1,719,719,120.75,May-2026,2026
13462,2025-03-19,iPhone 16,128GB,Blue,India,Male,4,809,3236,601.7,Mar-2025,2025
13463,2025-09-27,iPhone 15,128GB,Natural Titanium,UAE,Male,1,799,799,142.76,Sep-2025,2025
13464,2025-11-11,iPhone 16 Pro,1TB,Black,UK,Male,1,1379,1379,300.88,Nov-2025,2025
13465,2025-06-17,iPhone 16,128GB,Blue,USA,Male,3,819,2457,455.84,Jun-2025,2025
13466,2025-12-05,iPhone 14,512GB,Black,India,Female,1,909,909,152.8,Dec-2025,2025
13467,2025-07-12,iPhone 16,128GB,Pink,USA,Female,1,779,779,133.89,Jul-2025,2025
13468,2026-03-29,iPhone 15 Pro,128GB,White,Australia,Female,2,1019,2038,427.39,Mar-2026,2026
13469,2025-10-10,iPhone 15,256GB,Black,Australia,Male,1,919,919,164.53,Oct-2025,2025
13470,2025-12-02,iPhone 16 Pro,128GB,Black,Germany,Male,3,1119,3357,762.21,Dec-2025,2025
13471,2026-01-25,iPhone 13,128GB,Pink,India,Male,1,569,569,81.44,Jan-2026,2026
13472,2026-06-09,iPhone 15 Pro,128GB,Natural Titanium,USA,Female,2,979,1958,420.92,Jun-2026,2026
13473,2025-08-28,iPhone 13,512GB,Green,India,Female,2,799,1598,238.33,Aug-2025,2025
13474,2026-04-28,iPhone 14,256GB,Purple,Germany,Female,1,799,799,165.38,Apr-2026,2026
13475,2026-08-15,iPhone 15 Pro,128GB,Natural Titanium,India,Male,1,999,999,214.55,Aug-2026,2026
13476,2026-07-09,iPhone 13,128GB,Green,USA,Male,1,599,599,98.71,Jul-2026,2026
13477,2026-04-03,iPhone 16,256GB,Green,Germany,Male,3,919,2757,531.18,Apr-2026,2026
13478,2025-03-30,iPhone 14,128GB,Natural Titanium,USA,Male,2,719,1438,245.24,Mar-2025,2025
13479,2025-04-05,iPhone 16 Plus,128GB,Natural Titanium,UK,Male,1,869,869,160.14,Apr-2025,2025
13480,2026-03-28,iPhone 13,128GB,Black,India,Male,2,569,1138,170.83,Mar-2026,2026
13481,2026-03-04,iPhone 13,256GB,Black,USA,Male,2,669,1338,216.51,Mar-2026,2026
13482,2025-05-31,iPhone 15 Pro,128GB,Blue,Germany,Male,5,1009,5045,1074.49,May-2025,2025
13483,2026-05-29,iPhone 16 Pro,256GB,Blue,USA,Male,1,1199,1199,241.38,May-2026,2026
13484,2026-01-11,iPhone 16,256GB,White,India,Female,3,899,2697,538.99,Jan-2026,2026
13485,2025-01-22,iPhone 16 Pro,1TB,White,India,Male,1,1399,1399,297.44,Jan-2025,2025
13486,2025-11-09,iPhone 14,256GB,Purple,India,Male,4,799,3196,547.03,Nov-2025,2025
13487,2026-06-03,iPhone 16 Pro,128GB,Natural Titanium,UK,Female,1,1099,1099,233.1,Jun-2026,2026
13488,2025-07-25,iPhone 13,256GB,Blue,India,Female,1,699,699,111.14,Jul-2025,2025
13489,2026-01-10,iPhone 15,512GB,Natural Titanium,UK,Male,3,969,2907,527.19,Jan-2026,2026
13490,2026-03-27,iPhone 16,128GB,Black,USA,Female,3,819,2457,464.7,Mar-2026,2026
13491,2026-08-18,iPhone 15 Pro,128GB,Pink,Canada,Male,1,1009,1009,214.03,Aug-2026,2026
13492,2025-06-28,iPhone 16 Pro Max,128GB,Blue,India,Male,2,1199,2398,552.86,Jun-2025,2025
13493,2025-07-29,iPhone 13,512GB,Black,Canada,Male,1,799,799,134.6,Jul-2025,2025
13494,2026-05-15,iPhone 16 Pro Max,128GB,Natural Titanium,USA,Male,1,1199,1199,281.71,May-2026,2026
13495,2026-04-09,iPhone 16,128GB,Blue,India,Female,1,779,779,122.0,Apr-2026,2026
13496,2025-05-04,iPhone 16,256GB,Green,Singapore,Male,1,899,899,166.8,May-2025,2025
13497,2025-04-23,iPhone 13,512GB,Blue,India,Male,2,769,1538,262.14,Apr-2025,2025
13498,2025-01-12,iPhone 15,128GB,Natural Titanium,USA,Female,1,769,769,148.56,Jan-2025,2025
13499,2025-05-06,iPhone 16 Pro Max,256GB,Natural Titanium,India,Male,1,1299,1299,285.39,May-2025,2025
13500,2026-07-19,iPhone 15 Pro,512GB,Purple,USA,Female,4,1219,4876,1019.5,Jul-2026,2026
13501,2025-11-27,iPhone 16,128GB,Natural Titanium,USA,Male,1,819,819,152.87,Nov-2025,2025
13502,2025-10-10,iPhone 16 Pro Max,256GB,Green,India,Male,2,1269,2538,580.81,Oct-2025,2025
13503,2025-05-20,iPhone 15,256GB,Black,UAE,Male,4,899,3596,645.34,May-2025,2025
13504,2026-02-05,iPhone 16,512GB,Green,UK,Female,1,1009,1009,185.59,Feb-2026,2026
13505,2025-04-07,iPhone 16 Plus,256GB,Blue,Canada,Female,1,979,979,174.39,Apr-2025,2025
13506,2026-06-01,iPhone 15,512GB,Green,India,Male,2,969,1938,374.36,Jun-2026,2026
13507,2026-07-23,iPhone 14,128GB,Purple,India,Male,2,699,1398,239.85,Jul-2026,2026
13508,2025-03-10,iPhone 15 Pro Max,128GB,Pink,UK,Female,2,1209,2418,529.37,Mar-2025,2025
13509,2025-04-28,iPhone 15 Pro,128GB,Green,India,Female,2,999,1998,428.6,Apr-2025,2025
13510,2025-02-28,iPhone 16 Plus,128GB,Natural Titanium,UAE,Male,4,899,3596,664.53,Feb-2025,2025
13511,2025-02-02,iPhone 13,512GB,Purple,India,Male,1,799,799,134.4,Feb-2025,2025
13512,2025-11-14,iPhone 16 Pro Max,128GB,Green,India,Female,3,1179,3537,795.94,Nov-2025,2025
13513,2025-02-19,iPhone 13,128GB,White,Australia,Male,1,609,609,101.79,Feb-2025,2025
13514,2026-05-04,iPhone 16,128GB,Pink,Canada,Female,1,799,799,141.45,May-2026,2026
13515,2025-01-19,iPhone 16,128GB,Black,UK,Male,1,799,799,160.22,Jan-2025,2025
13516,2025-07-16,iPhone 14,128GB,Natural Titanium,Australia,Female,1,719,719,154.12,Jul-2025,2025
13517,2026-03-26,iPhone 15,128GB,Purple,UAE,Male,3,769,2307,417.11,Mar-2026,2026
13518,2026-07-13,iPhone 16 Pro,512GB,Green,USA,Female,1,1269,1269,261.25,Jul-2026,2026
13519,2026-03-28,iPhone 16 Pro,128GB,Pink,Singapore,Female,1,1119,1119,238.37,Mar-2026,2026
13520,2025-10-16,iPhone 15,256GB,Black,UAE,Female,1,909,909,167.74,Oct-2025,2025
13521,2025-05-21,iPhone 15 Pro Max,256GB,Pink,UK,Female,1,1309,1309,303.2,May-2025,2025
13522,2025-03-25,iPhone 15 Pro,256GB,Purple,USA,Female,3,1099,3297,678.97,Mar-2025,2025
13523,2026-01-26,iPhone 14,128GB,White,Germany,Female,3,669,2007,363.67,Jan-2026,2026
13524,2026-08-14,iPhone 16 Plus,512GB,Purple,India,Male,3,1119,3357,645.42,Aug-2026,2026
13525,2025-08-03,iPhone 16 Pro,256GB,Purple,India,Male,2,1179,2358,518.63,Aug-2025,2025
13526,2026-06-10,iPhone 15 Pro,128GB,Black,India,Female,2,1019,2038,438.35,Jun-2026,2026
13527,2025-08-03,iPhone 16 Pro Max,128GB,Black,India,Female,1,1179,1179,255.97,Aug-2025,2025
13528,2026-02-07,iPhone 14,128GB,Green,India,Male,2,719,1438,233.5,Feb-2026,2026
13529,2025-05-08,iPhone 16,256GB,Blue,Canada,Female,1,919,919,158.11,May-2025,2025
13530,2026-04-22,iPhone 15 Pro Max,256GB,Purple,UK,Male,5,1319,6595,1477.8,Apr-2026,2026
13531,2026-02-08,iPhone 15 Pro Max,128GB,Black,India,Male,5,1219,6095,1341.06,Feb-2026,2026
13532,2025-01-29,iPhone 15 Pro Max,128GB,Purple,Canada,Female,4,1219,4876,1074.92,Jan-2025,2025
13533,2025-12-04,iPhone 15,512GB,Purple,USA,Female,1,1019,1019,197.01,Dec-2025,2025
13534,2025-12-27,iPhone 16 Plus,512GB,Black,USA,Female,1,1079,1079,187.92,Dec-2025,2025
13535,2026-07-23,iPhone 16 Plus,256GB,White,India,Female,3,979,2937,548.27,Jul-2026,2026
13536,2026-01-27,iPhone 15,256GB,White,Australia,Male,2,899,1798,327.88,Jan-2026,2026
13537,2025-08-06,iPhone 16 Pro,512GB,Purple,India,Male,2,1319,2638,600.6,Aug-2025,2025
13538,2026-07-28,iPhone 15 Pro,256GB,White,India,Female,1,1099,1099,241.44,Jul-2026,2026
13539,2025-07-21,iPhone 16 Plus,128GB,Purple,India,Male,3,879,2637,505.3,Jul-2025,2025
13540,2025-01-17,iPhone 14,128GB,Green,UAE,Male,2,699,1398,240.76,Jan-2025,2025
13541,2025-11-18,iPhone 15,256GB,Black,UK,Female,1,879,879,171.73,Nov-2025,2025
13542,2026-06-02,iPhone 15 Pro,128GB,Purple,India,Female,3,979,2937,605.19,Jun-2026,2026
13543,2026-07-24,iPhone 16,128GB,White,India,Female,1,819,819,159.2,Jul-2026,2026
13544,2025-11-21,iPhone 16,512GB,White,UAE,Female,2,999,1998,385.25,Nov-2025,2025
13545,2026-02-16,iPhone 15 Pro,256GB,Pink,UAE,Male,1,1079,1079,223.42,Feb-2026,2026
13546,2025-11-14,iPhone 14,512GB,Pink,India,Male,2,899,1798,304.08,Nov-2025,2025
13547,2025-03-23,iPhone 15 Pro,128GB,Natural Titanium,Australia,Female,1,1019,1019,194.67,Mar-2025,2025
13548,2026-04-19,iPhone 16 Plus,512GB,White,Singapore,Female,1,1099,1099,202.21,Apr-2026,2026
13549,2026-04-13,iPhone 16 Plus,128GB,Natural Titanium,India,Male,2,869,1738,301.84,Apr-2026,2026
13550,2026-03-01,iPhone 15,256GB,Natural Titanium,UK,Male,2,909,1818,335.31,Mar-2026,2026
13551,2025-07-23,iPhone 13,128GB,Natural Titanium,India,Female,3,579,1737,279.41,Jul-2025,2025
13552,2026-08-06,iPhone 16 Plus,128GB,Green,UAE,Male,1,919,919,173.0,Aug-2026,2026
13553,2026-01-22,iPhone 14,128GB,Blue,USA,Female,3,679,2037,349.39,Jan-2026,2026
13554,2025-04-08,iPhone 14,256GB,Purple,India,Male,1,799,799,139.45,Apr-2025,2025
13555,2025-12-11,iPhone 13,128GB,Pink,UAE,Male,2,579,1158,181.15,Dec-2025,2025
13556,2025-07-27,iPhone 15 Pro Max,256GB,Purple,Canada,Female,1,1319,1319,273.44,Jul-2025,2025
13557,2026-05-29,iPhone 15 Pro Max,128GB,Pink,India,Male,1,1199,1199,269.76,May-2026,2026
13558,2026-08-09,iPhone 16,128GB,Black,India,Male,3,769,2307,426.44,Aug-2026,2026
13559,2025-06-15,iPhone 15 Pro,256GB,Black,India,Female,1,1119,1119,239.19,Jun-2025,2025
13560,2025-01-22,iPhone 16 Plus,1TB,White,UK,Female,5,1179,5895,1135.77,Jan-2025,2025
13561,2025-06-03,iPhone 15,128GB,Black,Canada,Male,1,819,819,168.69,Jun-2025,2025
13562,2026-03-15,iPhone 16 Pro,256GB,Black,USA,Male,4,1219,4876,1077.28,Mar-2026,2026
13563,2025-10-22,iPhone 16,1TB,Blue,UK,Male,2,1069,2138,402.51,Oct-2025,2025
13564,2025-08-07,iPhone 16,256GB,Natural Titanium,Canada,Female,2,869,1738,324.53,Aug-2025,2025
13565,2026-05-10,iPhone 15,256GB,Green,USA,Male,1,909,909,167.69,May-2026,2026
13566,2025-08-18,iPhone 14,128GB,White,UK,Male,1,699,699,95.52,Aug-2025,2025
13567,2025-01-20,iPhone 15 Pro Max,128GB,Blue,USA,Male,1,1169,1169,247.53,Jan-2025,2025
13568,2026-07-07,iPhone 16,128GB,White,Australia,Male,2,799,1598,294.47,Jul-2026,2026
13569,2025-05-28,iPhone 14,128GB,Green,India,Male,2,709,1418,245.99,May-2025,2025
13570,2025-04-18,iPhone 16 Pro Max,512GB,White,India,Male,2,1399,2798,642.87,Apr-2025,2025
13571,2026-02-07,iPhone 16 Pro Max,128GB,Purple,India,Female,3,1219,3657,842.96,Feb-2026,2026
13572,2026-08-19,iPhone 16,128GB,Purple,Canada,Female,1,809,809,152.23,Aug-2026,2026
13573,2026-04-28,iPhone 16 Pro Max,512GB,Purple,USA,Male,1,1379,1379,314.53,Apr-2026,2026
13574,2026-01-02,iPhone 15,256GB,Black,India,Female,1,909,909,167.28,Jan-2026,2026
13575,2026-02-18,iPhone 13,512GB,Green,Singapore,Female,3,809,2427,396.69,Feb-2026,2026
13576,2025-11-05,iPhone 13,256GB,Blue,Germany,Male,1,709,709,126.25,Nov-2025,2025
13577,2025-05-14,iPhone 16,128GB,Blue,Singapore,Male,2,799,1598,303.3,May-2025,2025
13578,2025-10-10,iPhone 13,256GB,Pink,India,Male,1,669,669,119.67,Oct-2025,2025
13579,2025-03-14,iPhone 16 Pro Max,256GB,Blue,Germany,Female,1,1299,1299,317.85,Mar-2025,2025
13580,2026-04-26,iPhone 14,128GB,Natural Titanium,India,Female,2,719,1438,237.16,Apr-2026,2026
13581,2025-12-18,iPhone 15 Pro,128GB,Purple,India,Female,1,999,999,219.29,Dec-2025,2025
13582,2026-07-14,iPhone 16 Pro,128GB,Natural Titanium,USA,Female,2,1099,2198,476.73,Jul-2026,2026
13583,2025-11-22,iPhone 15,256GB,Natural Titanium,USA,Female,2,879,1758,331.18,Nov-2025,2025
13584,2026-03-19,iPhone 15,128GB,Purple,India,Female,1,819,819,149.68,Mar-2026,2026
13585,2025-04-10,iPhone 16,256GB,Pink,USA,Female,1,869,869,160.4,Apr-2025,2025
13586,2025-02-28,iPhone 15,128GB,Black,Canada,Male,2,769,1538,265.94,Feb-2025,2025
13587,2026-05-23,iPhone 15,128GB,Blue,India,Male,2,769,1538,269.97,May-2026,2026
13588,2025-09-15,iPhone 15,128GB,Green,India,Female,1,769,769,136.55,Sep-2025,2025
13589,2026-02-17,iPhone 15 Pro Max,128GB,Pink,India,Female,2,1199,2398,541.05,Feb-2026,2026
13590,2026-03-28,iPhone 16 Pro Max,128GB,Blue,Germany,Male,2,1199,2398,547.97,Mar-2026,2026
13591,2025-03-06,iPhone 16 Pro,128GB,Black,India,Female,1,1079,1079,231.97,Mar-2025,2025
13592,2026-08-18,iPhone 15,128GB,Natural Titanium,USA,Female,2,819,1638,316.13,Aug-2026,2026
13593,2025-06-03,iPhone 15 Pro,1TB,Green,India,Female,2,1319,2638,549.16,Jun-2025,2025
13594,2025-09-23,iPhone 15 Pro Max,256GB,Green,Germany,Male,1,1279,1279,267.5,Sep-2025,2025
13595,2025-03-20,iPhone 16 Pro Max,256GB,Natural Titanium,India,Female,2,1279,2558,571.92,Mar-2025,2025
13596,2025-11-11,iPhone 15,512GB,Black,USA,Male,2,999,1998,350.8,Nov-2025,2025
13597,2026-07-14,iPhone 15 Pro,512GB,Blue,USA,Male,4,1199,4796,1007.13,Jul-2026,2026
13598,2025-09-05,iPhone 16 Plus,512GB,Natural Titanium,Australia,Female,2,1109,2218,421.75,Sep-2025,2025
13599,2026-02-18,iPhone 16 Pro Max,128GB,White,India,Female,1,1199,1199,268.35,Feb-2026,2026
13600,2025-01-25,iPhone 15,256GB,Blue,UK,Male,1,869,869,137.87,Jan-2025,2025
13601,2025-10-11,iPhone 15,512GB,Natural Titanium,India,Female,3,999,2997,528.83,Oct-2025,2025
13602,2026-03-25,iPhone 15,512GB,Natural Titanium,Singapore,Male,3,979,2937,512.8,Mar-2026,2026
13603,2025-10-28,iPhone 13,256GB,Pink,UK,Female,1,699,699,75.8,Oct-2025,2025
13604,2025-03-09,iPhone 16,128GB,Pink,UK,Female,1,799,799,124.01,Mar-2025,2025
13605,2025-01-07,iPhone 16 Plus,1TB,Blue,USA,Male,2,1169,2338,447.78,Jan-2025,2025
13606,2025-05-17,iPhone 16,128GB,Purple,India,Male,2,799,1598,299.95,May-2025,2025
13607,2025-06-13,iPhone 14,128GB,Pink,India,Female,1,699,699,125.88,Jun-2025,2025
13608,2025-03-24,iPhone 13,128GB,White,UK,Male,2,599,1198,183.63,Mar-2025,2025
13609,2026-02-24,iPhone 15,128GB,Purple,Singapore,Male,1,819,819,140.14,Feb-2026,2026
13610,2025-03-14,iPhone 15 Pro,128GB,White,India,Male,1,1019,1019,203.68,Mar-2025,2025
13611,2025-08-25,iPhone 16 Pro,128GB,Green,Australia,Male,1,1069,1069,224.49,Aug-2025,2025
13612,2025-02-15,iPhone 15,1TB,Pink,India,Female,2,1099,2198,386.54,Feb-2025,2025
13613,2025-09-19,iPhone 13,128GB,Natural Titanium,Germany,Male,3,599,1797,308.29,Sep-2025,2025
13614,2025-06-25,iPhone 15 Pro,256GB,Purple,India,Female,2,1069,2138,447.65,Jun-2025,2025
13615,2025-06-15,iPhone 15 Pro Max,512GB,Blue,India,Male,1,1399,1399,298.27,Jun-2025,2025
13616,2026-01-05,iPhone 15 Pro Max,256GB,Purple,USA,Female,3,1319,3957,882.07,Jan-2026,2026
13617,2025-02-23,iPhone 16 Pro,128GB,Natural Titanium,UAE,Female,1,1099,1099,241.47,Feb-2025,2025
13618,2026-02-23,iPhone 14,256GB,Green,UAE,Male,3,779,2337,410.26,Feb-2026,2026
13619,2026-05-22,iPhone 16 Plus,128GB,White,USA,Female,3,909,2727,524.1,May-2026,2026
13620,2025-12-07,iPhone 15 Pro,128GB,Green,USA,Male,1,969,969,205.14,Dec-2025,2025
13621,2025-05-07,iPhone 15 Pro,256GB,Black,India,Female,1,1099,1099,234.38,May-2025,2025
13622,2026-02-13,iPhone 16 Pro Max,512GB,Pink,India,Female,3,1379,4137,956.05,Feb-2026,2026
13623,2026-01-02,iPhone 15,256GB,Blue,India,Female,2,899,1798,308.36,Jan-2026,2026
13624,2025-09-28,iPhone 16,128GB,White,USA,Female,1,799,799,153.23,Sep-2025,2025
13625,2026-08-28,iPhone 15,128GB,Green,USA,Male,4,779,3116,564.25,Aug-2026,2026
13626,2026-01-14,iPhone 15 Pro Max,128GB,Blue,UAE,Male,1,1179,1179,264.29,Jan-2026,2026
13627,2025-03-14,iPhone 16 Pro,256GB,Pink,UAE,Male,1,1219,1219,262.32,Mar-2025,2025
13628,2025-09-05,iPhone 16 Pro,128GB,Natural Titanium,India,Female,2,1119,2238,506.84,Sep-2025,2025
13629,2025-02-12,iPhone 16 Pro,512GB,Blue,Canada,Female,2,1309,2618,578.67,Feb-2025,2025
13630,2026-01-12,iPhone 16,128GB,Pink,India,Male,1,819,819,150.65,Jan-2026,2026
13631,2025-02-10,iPhone 15,128GB,Pink,UAE,Male,1,779,779,145.06,Feb-2025,2025
13632,2025-06-19,iPhone 16,128GB,Pink,India,Male,2,769,1538,304.71,Jun-2025,2025
13633,2025-07-31,iPhone 16 Plus,128GB,Green,UAE,Male,2,909,1818,336.69,Jul-2025,2025
13634,2026-05-08,iPhone 13,256GB,Natural Titanium,USA,Male,3,709,2127,330.02,May-2026,2026
13635,2025-02-08,iPhone 15 Pro Max,512GB,Pink,USA,Female,2,1399,2798,625.37,Feb-2025,2025
13636,2026-01-04,iPhone 16 Pro,128GB,Blue,UAE,Female,2,1099,2198,495.13,Jan-2026,2026
13637,2025-05-31,iPhone 15 Pro Max,128GB,Natural Titanium,India,Female,1,1169,1169,255.88,May-2025,2025
13638,2025-04-21,iPhone 15 Pro,1TB,Black,India,Female,4,1299,5196,1088.92,Apr-2025,2025
13639,2026-04-25,iPhone 16 Pro,256GB,Blue,UK,Female,1,1219,1219,278.85,Apr-2026,2026
13640,2026-03-12,iPhone 15,1TB,Green,Australia,Female,2,1119,2238,393.27,Mar-2026,2026
13641,2025-02-16,iPhone 15,128GB,Pink,USA,Male,4,769,3076,525.05,Feb-2025,2025
13642,2026-07-29,iPhone 16 Plus,128GB,Natural Titanium,India,Male,3,909,2727,519.48,Jul-2026,2026
13643,2026-01-01,iPhone 15 Pro,128GB,Black,USA,Male,2,999,1998,420.93,Jan-2026,2026
13644,2025-03-10,iPhone 16 Plus,128GB,Green,UK,Female,2,869,1738,341.41,Mar-2025,2025
13645,2025-10-26,iPhone 15,256GB,White,USA,Female,4,899,3596,656.91,Oct-2025,2025
13646,2025-10-23,iPhone 15,128GB,White,Australia,Female,3,769,2307,435.24,Oct-2025,2025
13647,2025-07-22,iPhone 15,256GB,White,USA,Female,2,919,1838,334.03,Jul-2025,2025
13648,2025-03-02,iPhone 16 Pro Max,128GB,Black,India,Male,2,1169,2338,564.28,Mar-2025,2025
13649,2025-11-10,iPhone 15 Pro,512GB,Natural Titanium,India,Female,1,1179,1179,261.64,Nov-2025,2025
13650,2025-06-10,iPhone 15 Pro,128GB,Blue,USA,Female,1,969,969,204.82,Jun-2025,2025
13651,2025-11-27,iPhone 13,128GB,Black,UAE,Female,1,599,599,108.67,Nov-2025,2025
13652,2026-06-12,iPhone 15,256GB,Natural Titanium,India,Female,1,869,869,145.71,Jun-2026,2026
13653,2025-12-04,iPhone 15 Pro Max,128GB,Black,Singapore,Female,2,1199,2398,524.22,Dec-2025,2025
13654,2026-08-29,iPhone 13,128GB,Natural Titanium,India,Male,1,619,619,97.24,Aug-2026,2026
13655,2025-10-31,iPhone 16,128GB,Black,USA,Male,1,819,819,153.34,Oct-2025,2025
13656,2026-05-18,iPhone 15 Pro Max,512GB,White,India,Female,1,1379,1379,313.62,May-2026,2026
13657,2025-12-04,iPhone 16 Pro,256GB,Purple,Australia,Female,1,1169,1169,270.42,Dec-2025,2025
13658,2026-07-04,iPhone 16,256GB,Natural Titanium,Canada,Male,1,899,899,180.21,Jul-2026,2026
13659,2025-10-02,iPhone 15 Pro Max,1TB,Natural Titanium,India,Female,4,1499,5996,1311.61,Oct-2025,2025
13660,2025-06-13,iPhone 15,1TB,Natural Titanium,Germany,Female,2,1099,2198,403.8,Jun-2025,2025
13661,2026-03-19,iPhone 16 Plus,256GB,Blue,India,Male,1,1019,1019,208.17,Mar-2026,2026
13662,2025-11-15,iPhone 16 Plus,256GB,Purple,UAE,Male,1,979,979,194.72,Nov-2025,2025
13663,2026-08-12,iPhone 15,256GB,Purple,Canada,Male,2,899,1798,306.71,Aug-2026,2026
13664,2026-05-19,iPhone 16 Pro Max,128GB,Black,UAE,Male,2,1169,2338,526.12,May-2026,2026
13665,2026-01-22,iPhone 13,1TB,Blue,Germany,Male,2,869,1738,284.78,Jan-2026,2026
13666,2026-08-26,iPhone 13,256GB,Purple,Australia,Male,1,699,699,125.8,Aug-2026,2026
13667,2026-05-09,iPhone 15,128GB,Pink,Singapore,Male,1,769,769,126.68,May-2026,2026
13668,2026-05-05,iPhone 16 Pro Max,128GB,Black,India,Female,1,1199,1199,275.71,May-2026,2026
13669,2025-03-14,iPhone 16,128GB,Black,India,Female,1,819,819,156.14,Mar-2025,2025
13670,2026-05-24,iPhone 16 Pro,128GB,Black,UK,Female,3,1099,3297,713.25,May-2026,2026
13671,2026-01-25,iPhone 15,128GB,Pink,UAE,Male,3,769,2307,418.66,Jan-2026,2026
13672,2025-10-22,iPhone 15 Pro Max,128GB,Pink,USA,Female,1,1199,1199,268.51,Oct-2025,2025
13673,2026-01-04,iPhone 15 Pro,128GB,White,India,Female,3,969,2907,612.51,Jan-2026,2026
13674,2026-07-03,iPhone 16 Pro,256GB,Green,Australia,Female,5,1219,6095,1352.87,Jul-2026,2026
13675,2026-07-22,iPhone 13,128GB,Blue,Singapore,Male,2,609,1218,194.4,Jul-2026,2026
13676,2025-07-06,iPhone 15,128GB,Green,USA,Female,2,769,1538,285.33,Jul-2025,2025
13677,2026-03-21,iPhone 15,128GB,Black,India,Female,4,779,3116,566.03,Mar-2026,2026
13678,2026-07-24,iPhone 16 Pro,512GB,Purple,India,Male,1,1269,1269,287.12,Jul-2026,2026
13679,2025-12-29,iPhone 15 Pro Max,128GB,Black,India,Male,1,1219,1219,262.57,Dec-2025,2025
13680,2025-05-03,iPhone 15 Pro,128GB,Purple,UAE,Female,5,1009,5045,1065.89,May-2025,2025
13681,2025-07-07,iPhone 15 Pro Max,256GB,White,Germany,Male,2,1279,2558,576.73,Jul-2025,2025
13682,2026-02-24,iPhone 16 Pro Max,128GB,Natural Titanium,India,Male,3,1199,3597,838.56,Feb-2026,2026
13683,2025-09-09,iPhone 16 Pro,128GB,Green,USA,Male,3,1079,3237,726.9,Sep-2025,2025
13684,2026-07-03,iPhone 16 Plus,128GB,Natural Titanium,UAE,Female,1,899,899,173.13,Jul-2026,2026
13685,2025-12-01,iPhone 15 Pro,256GB,Natural Titanium,India,Female,2,1119,2238,489.21,Dec-2025,2025
13686,2025-04-02,iPhone 15,256GB,Black,UK,Female,2,909,1818,323.83,Apr-2025,2025
13687,2026-06-14,iPhone 16 Pro Max,256GB,Green,UAE,Female,1,1299,1299,295.77,Jun-2026,2026
13688,2025-03-04,iPhone 15 Pro Max,128GB,White,Australia,Male,1,1199,1199,284.84,Mar-2025,2025
13689,2026-05-27,iPhone 15,256GB,Green,USA,Female,2,879,1758,322.05,May-2026,2026
13690,2025-05-19,iPhone 15 Pro Max,128GB,Purple,UAE,Male,1,1179,1179,270.34,May-2025,2025
13691,2025-07-04,iPhone 16 Pro Max,128GB,Blue,India,Female,1,1199,1199,255.21,Jul-2025,2025
13692,2025-07-24,iPhone 15 Pro,128GB,Natural Titanium,India,Male,1,1019,1019,218.37,Jul-2025,2025
13693,2025-08-02,iPhone 16,256GB,White,India,Male,2,899,1798,344.97,Aug-2025,2025
13694,2025-09-13,iPhone 16 Pro,128GB,Green,India,Male,3,1069,3207,712.5,Sep-2025,2025
13695,2025-05-15,iPhone 15 Pro Max,256GB,Black,India,Female,2,1269,2538,565.04,May-2025,2025
13696,2026-07-27,iPhone 15,512GB,Pink,India,Female,1,1009,1009,177.59,Jul-2026,2026
13697,2025-03-29,iPhone 16 Pro Max,128GB,Pink,UK,Male,5,1179,5895,1385.26,Mar-2025,2025
13698,2025-07-26,iPhone 16 Pro Max,128GB,White,UK,Male,1,1169,1169,259.45,Jul-2025,2025
13699,2025-05-09,iPhone 16 Pro,128GB,Pink,India,Female,1,1099,1099,238.96,May-2025,2025
13700,2025-01-03,iPhone 16 Plus,128GB,Blue,India,Female,1,909,909,183.98,Jan-2025,2025
13701,2025-05-01,iPhone 15 Pro,128GB,White,UK,Male,1,1019,1019,201.93,May-2025,2025
13702,2026-01-20,iPhone 16 Pro Max,1TB,Black,India,Male,1,1479,1479,339.6,Jan-2026,2026
13703,2025-02-07,iPhone 15,128GB,Black,USA,Male,1,769,769,147.85,Feb-2025,2025
13704,2025-12-07,iPhone 16 Pro,256GB,White,UAE,Female,1,1199,1199,258.34,Dec-2025,2025
13705,2025-01-21,iPhone 16 Pro Max,128GB,Pink,India,Male,2,1199,2398,543.54,Jan-2025,2025
13706,2025-08-30,iPhone 16,512GB,Pink,India,Male,1,999,999,195.18,Aug-2025,2025
13707,2026-03-31,iPhone 16 Pro,512GB,Black,India,Male,2,1279,2558,564.89,Mar-2026,2026
13708,2025-10-30,iPhone 16 Pro,256GB,Blue,India,Female,2,1219,2438,529.09,Oct-2025,2025
13709,2026-08-19,iPhone 15,512GB,Purple,Singapore,Female,1,999,999,181.74,Aug-2026,2026
13710,2026-08-18,iPhone 16,128GB,Pink,India,Female,3,779,2337,444.0,Aug-2026,2026
13711,2025-03-10,iPhone 14,128GB,Blue,USA,Female,1,699,699,130.86,Mar-2025,2025
13712,2025-05-09,iPhone 15 Pro Max,256GB,Natural Titanium,UAE,Female,1,1269,1269,267.8,May-2025,2025
13713,2025-07-15,iPhone 15,256GB,Pink,India,Male,1,919,919,155.59,Jul-2025,2025
13714,2025-05-20,iPhone 15 Pro Max,512GB,Purple,India,Female,3,1379,4137,907.38,May-2025,2025
13715,2026-03-20,iPhone 16 Pro,128GB,White,Australia,Male,2,1099,2198,480.5,Mar-2026,2026
13716,2025-10-10,iPhone 16 Pro Max,128GB,Green,Australia,Female,2,1169,2338,549.29,Oct-2025,2025
13717,2025-11-08,iPhone 15 Pro,128GB,Black,India,Female,1,1019,1019,215.97,Nov-2025,2025
13718,2026-06-19,iPhone 16,512GB,White,India,Female,1,969,969,192.12,Jun-2026,2026
13719,2025-10-04,iPhone 16,512GB,Pink,UAE,Male,2,969,1938,385.55,Oct-2025,2025
13720,2025-03-02,iPhone 16 Pro Max,256GB,Purple,India,Female,3,1319,3957,900.51,Mar-2025,2025
13721,2025-11-15,iPhone 15 Pro Max,256GB,Black,India,Female,2,1279,2558,580.21,Nov-2025,2025
13722,2025-02-21,iPhone 16 Plus,256GB,Green,India,Male,1,979,979,186.42,Feb-2025,2025
13723,2025-06-02,iPhone 16 Pro Max,256GB,Green,USA,Female,1,1299,1299,271.21,Jun-2025,2025
13724,2025-11-07,iPhone 15 Pro,128GB,Purple,India,Male,1,1019,1019,216.89,Nov-2025,2025
13725,2026-06-28,iPhone 16 Pro Max,256GB,Purple,USA,Female,2,1319,2638,590.19,Jun-2026,2026
13726,2026-07-21,iPhone 16 Pro Max,128GB,Pink,UAE,Male,1,1219,1219,264.58,Jul-2026,2026
13727,2026-01-24,iPhone 16 Pro Max,256GB,Black,USA,Male,2,1299,2598,585.66,Jan-2026,2026
13728,2026-07-02,iPhone 15,128GB,Natural Titanium,India,Female,2,799,1598,286.81,Jul-2026,2026
13729,2025-06-26,iPhone 15 Pro,256GB,Natural Titanium,USA,Male,1,1109,1109,217.94,Jun-2025,2025
13730,2025-12-28,iPhone 16 Pro,512GB,Pink,UAE,Male,2,1299,2598,586.81,Dec-2025,2025
13731,2025-11-10,iPhone 15 Pro,256GB,Green,India,Female,2,1119,2238,483.44,Nov-2025,2025
13732,2025-04-07,iPhone 16,256GB,White,India,Female,1,899,899,202.06,Apr-2025,2025
13733,2025-08-01,iPhone 14,256GB,White,India,Male,4,799,3196,542.4,Aug-2025,2025
13734,2025-05-17,iPhone 13,256GB,Blue,India,Female,2,679,1358,211.55,May-2025,2025
13735,2025-01-06,iPhone 15 Pro Max,128GB,Green,Germany,Female,1,1199,1199,266.41,Jan-2025,2025
13736,2025-04-19,iPhone 16,256GB,Natural Titanium,UK,Female,3,909,2727,528.55,Apr-2025,2025
13737,2026-07-01,iPhone 15 Pro,128GB,Natural Titanium,India,Female,2,999,1998,435.13,Jul-2026,2026
13738,2025-02-08,iPhone 16,256GB,Green,UAE,Male,3,869,2607,488.1,Feb-2025,2025
13739,2026-03-01,iPhone 16,256GB,Pink,India,Male,2,869,1738,342.34,Mar-2026,2026
13740,2025-09-18,iPhone 16 Plus,256GB,Blue,India,Male,1,1009,1009,203.76,Sep-2025,2025
13741,2026-03-02,iPhone 16,256GB,Purple,India,Male,1,879,879,202.55,Mar-2026,2026
13742,2025-03-28,iPhone 15 Pro Max,256GB,Blue,UK,Male,2,1319,2638,597.36,Mar-2025,2025
13743,2026-04-10,iPhone 15 Pro Max,512GB,Black,India,Male,1,1369,1369,323.72,Apr-2026,2026
13744,2025-03-17,iPhone 14,128GB,Pink,India,Female,3,679,2037,370.2,Mar-2025,2025
13745,2026-04-16,iPhone 16,1TB,Purple,India,Female,1,1099,1099,200.92,Apr-2026,2026
13746,2026-02-18,iPhone 16,256GB,Purple,India,Female,2,899,1798,332.5,Feb-2026,2026
13747,2026-04-02,iPhone 15 Pro Max,128GB,Natural Titanium,UAE,Male,2,1199,2398,539.57,Apr-2026,2026
13748,2025-10-12,iPhone 15 Pro,512GB,White,Canada,Male,2,1169,2338,486.72,Oct-2025,2025
13749,2025-08-27,iPhone 16 Plus,256GB,Black,UAE,Male,2,969,1938,377.65,Aug-2025,2025
13750,2026-08-22,iPhone 14,1TB,Blue,UK,Male,2,979,1958,332.03,Aug-2026,2026
13751,2026-07-12,iPhone 16 Pro Max,256GB,White,Germany,Female,1,1279,1279,299.15,Jul-2026,2026
13752,2026-01-07,iPhone 13,128GB,Green,India,Male,1,619,619,103.08,Jan-2026,2026
13753,2026-05-10,iPhone 16 Pro Max,128GB,Pink,India,Male,3,1209,3627,842.94,May-2026,2026
13754,2025-02-14,iPhone 15 Pro Max,256GB,Blue,USA,Male,3,1319,3957,856.4,Feb-2025,2025
13755,2026-02-05,iPhone 15 Pro Max,512GB,Green,India,Male,1,1399,1399,292.41,Feb-2026,2026
13756,2025-09-04,iPhone 15,256GB,Purple,USA,Male,1,899,899,160.72,Sep-2025,2025
13757,2026-08-20,iPhone 13,128GB,Natural Titanium,India,Male,1,599,599,97.27,Aug-2026,2026
13758,2026-03-26,iPhone 15,256GB,Blue,India,Male,4,899,3596,667.42,Mar-2026,2026
13759,2026-04-30,iPhone 14,256GB,White,USA,Male,1,809,809,142.72,Apr-2026,2026
13760,2025-01-18,iPhone 16,128GB,Black,Germany,Male,1,819,819,158.54,Jan-2025,2025
13761,2026-08-29,iPhone 15 Pro,128GB,White,USA,Female,1,979,979,202.59,Aug-2026,2026
13762,2025-10-16,iPhone 16 Pro,128GB,Pink,India,Male,2,1069,2138,476.61,Oct-2025,2025
13763,2026-02-18,iPhone 15,128GB,Natural Titanium,UAE,Male,3,809,2427,434.11,Feb-2026,2026
13764,2025-08-23,iPhone 16 Pro Max,128GB,Pink,India,Male,1,1209,1209,263.88,Aug-2025,2025
13765,2026-02-20,iPhone 16,128GB,Blue,India,Male,1,799,799,164.66,Feb-2026,2026
13766,2026-05-14,iPhone 14,512GB,White,India,Male,2,879,1758,292.92,May-2026,2026
13767,2025-04-25,iPhone 15 Pro,128GB,Black,UAE,Male,1,999,999,204.69,Apr-2025,2025
13768,2025-08-22,iPhone 15,128GB,Purple,Canada,Male,1,799,799,126.78,Aug-2025,2025
13769,2026-06-24,iPhone 15,128GB,Pink,UK,Male,3,819,2457,446.84,Jun-2026,2026
13770,2025-01-11,iPhone 15 Pro Max,128GB,Black,India,Female,3,1219,3657,825.06,Jan-2025,2025
13771,2025-07-25,iPhone 16 Plus,256GB,Green,India,Female,5,999,4995,928.54,Jul-2025,2025
13772,2025-09-04,iPhone 16 Pro Max,128GB,Blue,India,Male,1,1209,1209,258.79,Sep-2025,2025
13773,2026-07-13,iPhone 15 Pro Max,256GB,Black,Germany,Male,1,1319,1319,295.04,Jul-2026,2026
13774,2025-05-07,iPhone 16 Pro Max,256GB,Blue,UK,Female,3,1269,3807,878.8,May-2025,2025
13775,2025-05-27,iPhone 16 Pro Max,128GB,Green,India,Female,1,1179,1179,265.49,May-2025,2025
13776,2025-04-28,iPhone 16 Pro,256GB,Black,UAE,Female,1,1169,1169,250.55,Apr-2025,2025
13777,2026-01-17,iPhone 15 Pro Max,256GB,Natural Titanium,USA,Male,1,1299,1299,289.28,Jan-2026,2026
13778,2026-02-16,iPhone 14,128GB,Black,Singapore,Male,4,669,2676,432.14,Feb-2026,2026
13779,2026-08-07,iPhone 15,256GB,Purple,Canada,Female,2,909,1818,311.58,Aug-2026,2026
13780,2025-12-29,iPhone 16,512GB,Green,India,Female,1,999,999,177.7,Dec-2025,2025
13781,2026-05-24,iPhone 15 Pro Max,256GB,Natural Titanium,UAE,Male,1,1269,1269,274.49,May-2026,2026
13782,2025-05-17,iPhone 14,128GB,Natural Titanium,USA,Female,3,719,2157,362.33,May-2025,2025
13783,2025-06-24,iPhone 15 Pro Max,512GB,White,India,Male,3,1369,4107,872.35,Jun-2025,2025
13784,2025-10-16,iPhone 13,128GB,Black,UAE,Male,2,569,1138,166.48,Oct-2025,2025
13785,2026-04-26,iPhone 16 Plus,128GB,Purple,USA,Male,1,919,919,181.53,Apr-2026,2026
13786,2025-01-19,iPhone 14,128GB,Black,India,Male,2,699,1398,243.75,Jan-2025,2025
13787,2025-07-14,iPhone 16,256GB,Purple,UK,Female,2,869,1738,340.6,Jul-2025,2025
13788,2025-11-26,iPhone 16 Pro,512GB,Natural Titanium,UK,Female,4,1279,5116,1131.81,Nov-2025,2025
13789,2025-06-24,iPhone 14,128GB,Pink,India,Female,1,709,709,119.27,Jun-2025,2025
13790,2026-03-25,iPhone 16,128GB,Natural Titanium,India,Male,2,779,1558,284.34,Mar-2026,2026
13791,2025-12-20,iPhone 16 Pro,256GB,White,UK,Male,1,1179,1179,247.54,Dec-2025,2025
13792,2026-05-14,iPhone 15,512GB,Black,India,Male,1,999,999,169.64,May-2026,2026
13793,2025-05-21,iPhone 15,128GB,Green,Australia,Male,1,769,769,148.3,May-2025,2025
13794,2025-04-03,iPhone 15 Pro,512GB,Blue,India,Female,3,1209,3627,768.01,Apr-2025,2025
13795,2025-08-27,iPhone 16,128GB,Green,India,Male,1,809,809,142.12,Aug-2025,2025
13796,2025-07-24,iPhone 16,256GB,White,India,Male,1,909,909,177.25,Jul-2025,2025
13797,2026-07-14,iPhone 14,256GB,Pink,USA,Male,1,769,769,138.26,Jul-2026,2026
13798,2026-03-09,iPhone 15 Pro Max,128GB,Pink,UK,Male,3,1209,3627,804.09,Mar-2026,2026
13799,2025-09-02,iPhone 15,256GB,Pink,USA,Female,3,909,2727,501.6,Sep-2025,2025
13800,2025-11-13,iPhone 16 Pro,512GB,Purple,India,Male,1,1299,1299,286.38,Nov-2025,2025
13801,2025-10-22,iPhone 15 Pro,128GB,Green,Canada,Female,1,999,999,206.63,Oct-2025,2025
13802,2025-10-09,iPhone 16 Pro,128GB,Blue,India,Female,2,1109,2218,488.84,Oct-2025,2025
13803,2025-01-17,iPhone 15 Pro Max,128GB,Natural Titanium,India,Male,1,1219,1219,280.36,Jan-2025,2025
13804,2025-03-12,iPhone 16 Plus,128GB,Natural Titanium,India,Male,1,879,879,176.11,Mar-2025,2025
13805,2025-09-26,iPhone 16,256GB,Blue,India,Female,3,919,2757,524.96,Sep-2025,2025
13806,2025-11-21,iPhone 16,128GB,Natural Titanium,India,Male,1,769,769,159.88,Nov-2025,2025
13807,2025-11-01,iPhone 15 Pro,256GB,Purple,India,Female,5,1079,5395,1155.24,Nov-2025,2025
13808,2026-03-27,iPhone 16 Pro,128GB,Black,India,Male,1,1079,1079,268.09,Mar-2026,2026
13809,2025-01-07,iPhone 15 Pro Max,1TB,Purple,Canada,Male,1,1469,1469,353.72,Jan-2025,2025
13810,2025-11-10,iPhone 15 Pro Max,128GB,Blue,India,Female,1,1169,1169,295.76,Nov-2025,2025
13811,2025-04-13,iPhone 16,128GB,Blue,Canada,Female,2,799,1598,319.81,Apr-2025,2025
13812,2025-07-12,iPhone 16 Pro,128GB,Black,UAE,Male,1,1099,1099,209.71,Jul-2025,2025
13813,2026-07-28,iPhone 16,512GB,Green,India,Male,2,999,1998,382.17,Jul-2026,2026
13814,2026-06-13,iPhone 15 Pro,128GB,Green,USA,Male,1,1009,1009,194.28,Jun-2026,2026
13815,2025-06-20,iPhone 16 Plus,128GB,White,USA,Female,1,919,919,194.73,Jun-2025,2025
13816,2026-06-21,iPhone 16,512GB,Green,India,Male,3,1009,3027,571.38,Jun-2026,2026
13817,2025-09-08,iPhone 16 Pro Max,512GB,Pink,Germany,Male,4,1409,5636,1301.65,Sep-2025,2025
13818,2026-01-22,iPhone 16 Pro,512GB,Pink,UK,Female,2,1319,2638,578.61,Jan-2026,2026
13819,2025-07-26,iPhone 16,128GB,White,Australia,Male,3,799,2397,477.01,Jul-2025,2025
13820,2026-06-25,iPhone 15 Pro,128GB,Blue,Canada,Male,1,1019,1019,199.77,Jun-2026,2026
13821,2026-02-20,iPhone 16 Pro,256GB,White,India,Female,1,1169,1169,265.66,Feb-2026,2026
13822,2026-01-15,iPhone 16,128GB,Black,India,Male,1,809,809,141.2,Jan-2026,2026
13823,2025-05-24,iPhone 16 Pro Max,128GB,White,India,Male,5,1169,5845,1318.72,May-2025,2025
13824,2025-01-25,iPhone 15,128GB,White,Australia,Male,2,819,1638,297.09,Jan-2025,2025
13825,2025-03-14,iPhone 14,1TB,Purple,Australia,Female,1,999,999,155.14,Mar-2025,2025
13826,2025-04-03,iPhone 13,128GB,Pink,USA,Male,1,569,569,73.1,Apr-2025,2025
13827,2026-05-20,iPhone 16,256GB,Black,India,Male,1,909,909,153.87,May-2026,2026
13828,2026-08-21,iPhone 16 Pro Max,128GB,Purple,India,Female,1,1169,1169,264.2,Aug-2026,2026
13829,2025-12-02,iPhone 13,256GB,Black,Canada,Male,1,699,699,123.04,Dec-2025,2025
13830,2026-03-01,iPhone 16 Plus,256GB,White,Germany,Female,1,1009,1009,174.17,Mar-2026,2026
13831,2026-05-14,iPhone 16,128GB,Purple,India,Male,1,809,809,166.69,May-2026,2026
13832,2025-12-30,iPhone 16 Plus,128GB,Purple,India,Female,1,899,899,164.35,Dec-2025,2025
13833,2025-07-18,iPhone 15 Pro,256GB,Black,India,Female,2,1079,2158,440.41,Jul-2025,2025
13834,2026-02-17,iPhone 16 Pro,128GB,Black,India,Female,2,1099,2198,498.13,Feb-2026,2026
13835,2025-12-05,iPhone 13,256GB,Green,Canada,Male,1,699,699,123.41,Dec-2025,2025
13836,2026-03-05,iPhone 16 Plus,256GB,Natural Titanium,USA,Female,2,1019,2038,396.98,Mar-2026,2026
13837,2025-05-19,iPhone 15,256GB,Black,UK,Male,1,869,869,159.2,May-2025,2025
13838,2026-06-26,iPhone 15 Pro Max,128GB,Purple,USA,Female,1,1179,1179,246.51,Jun-2026,2026
13839,2025-02-26,iPhone 16 Pro,128GB,Blue,India,Male,3,1099,3297,740.24,Feb-2025,2025
13840,2025-08-20,iPhone 15,256GB,Black,India,Male,1,899,899,162.17,Aug-2025,2025
13841,2026-03-11,iPhone 15,128GB,Pink,Canada,Male,1,809,809,147.24,Mar-2026,2026
13842,2026-01-19,iPhone 16 Plus,1TB,Green,UAE,Male,4,1219,4876,931.15,Jan-2026,2026
13843,2026-07-14,iPhone 16,1TB,Pink,India,Male,1,1099,1099,220.71,Jul-2026,2026
13844,2025-07-13,iPhone 16,128GB,Natural Titanium,India,Female,1,799,799,132.27,Jul-2025,2025
13845,2026-06-18,iPhone 15,128GB,Pink,India,Male,4,819,3276,589.17,Jun-2026,2026
13846,2026-06-02,iPhone 13,128GB,Blue,India,Female,1,599,599,90.39,Jun-2026,2026
13847,2025-07-04,iPhone 15 Pro Max,1TB,Green,UK,Male,2,1509,3018,681.77,Jul-2025,2025
13848,2025-10-19,iPhone 14,128GB,Natural Titanium,USA,Male,1,709,709,141.35,Oct-2025,2025
13849,2025-12-01,iPhone 16 Pro Max,128GB,White,USA,Male,1,1199,1199,279.29,Dec-2025,2025
13850,2025-04-26,iPhone 13,256GB,Purple,Canada,Male,2,699,1398,207.92,Apr-2025,2025
13851,2025-02-18,iPhone 15 Pro Max,128GB,Purple,USA,Male,1,1209,1209,258.89,Feb-2025,2025
13852,2025-03-23,iPhone 13,128GB,Black,USA,Female,3,609,1827,262.01,Mar-2025,2025
13853,2025-11-29,iPhone 14,128GB,Purple,India,Male,4,669,2676,467.11,Nov-2025,2025
13854,2026-07-11,iPhone 16,256GB,Blue,Canada,Female,1,899,899,163.95,Jul-2026,2026
13855,2025-12-01,iPhone 16,128GB,Purple,UK,Male,3,779,2337,458.57,Dec-2025,2025
13856,2026-06-16,iPhone 13,256GB,Blue,India,Female,1,699,699,105.12,Jun-2026,2026
13857,2025-08-09,iPhone 13,512GB,White,UK,Male,1,799,799,125.47,Aug-2025,2025
13858,2025-11-19,iPhone 14,256GB,Blue,USA,Female,4,819,3276,552.39,Nov-2025,2025
13859,2025-01-03,iPhone 16 Pro,256GB,White,Canada,Male,2,1219,2438,517.21,Jan-2025,2025
13860,2025-07-25,iPhone 16,128GB,White,Germany,Male,1,809,809,134.17,Jul-2025,2025
13861,2025-02-09,iPhone 13,128GB,White,UK,Male,2,609,1218,218.57,Feb-2025,2025
13862,2025-02-28,iPhone 15 Pro Max,128GB,Blue,UAE,Male,1,1169,1169,248.05,Feb-2025,2025
13863,2026-07-28,iPhone 16 Plus,256GB,Natural Titanium,India,Male,1,1009,1009,200.68,Jul-2026,2026
13864,2026-05-22,iPhone 16 Pro,128GB,White,UK,Male,2,1109,2218,519.54,May-2026,2026
13865,2026-07-26,iPhone 16 Pro Max,128GB,Natural Titanium,UAE,Female,3,1219,3657,836.14,Jul-2026,2026
13866,2025-05-02,iPhone 15 Pro,128GB,Blue,USA,Male,1,979,979,211.12,May-2025,2025
13867,2026-04-24,iPhone 14,128GB,Green,UK,Male,1,699,699,122.3,Apr-2026,2026
13868,2025-04-06,iPhone 15,256GB,White,Germany,Male,1,909,909,167.63,Apr-2025,2025
13869,2026-02-18,iPhone 16 Pro,256GB,Blue,India,Female,1,1199,1199,269.65,Feb-2026,2026
13870,2025-08-23,iPhone 16 Pro Max,128GB,Blue,India,Male,4,1179,4716,1070.28,Aug-2025,2025
13871,2025-03-03,iPhone 15 Pro Max,256GB,Natural Titanium,UAE,Female,4,1279,5116,1108.17,Mar-2025,2025
13872,2025-09-13,iPhone 15 Pro,128GB,Blue,Canada,Male,2,969,1938,406.57,Sep-2025,2025
13873,2026-07-15,iPhone 15 Pro Max,256GB,Black,Australia,Male,2,1299,2598,588.36,Jul-2026,2026
13874,2025-12-14,iPhone 15 Pro,512GB,Natural Titanium,UK,Male,3,1179,3537,753.81,Dec-2025,2025
13875,2025-05-04,iPhone 15,128GB,Natural Titanium,Australia,Female,1,799,799,126.83,May-2025,2025
13876,2026-04-27,iPhone 16,128GB,Black,UAE,Male,1,799,799,158.71,Apr-2026,2026
13877,2025-11-13,iPhone 13,256GB,White,India,Male,1,699,699,114.87,Nov-2025,2025
13878,2026-05-19,iPhone 15,512GB,Purple,Canada,Female,3,969,2907,524.92,May-2026,2026
13879,2025-02-17,iPhone 16,256GB,Green,India,Male,1,869,869,166.58,Feb-2025,2025
13880,2026-02-13,iPhone 13,512GB,Purple,India,Female,2,809,1618,262.58,Feb-2026,2026
13881,2025-05-16,iPhone 14,256GB,White,USA,Female,1,799,799,135.47,May-2025,2025
13882,2025-07-20,iPhone 15 Pro,256GB,Pink,India,Female,2,1119,2238,462.81,Jul-2025,2025
13883,2025-09-07,iPhone 16 Pro,256GB,Pink,India,Male,3,1199,3597,788.66,Sep-2025,2025
13884,2025-11-10,iPhone 16 Pro,128GB,Green,India,Male,1,1069,1069,212.99,Nov-2025,2025
13885,2026-01-03,iPhone 13,256GB,Natural Titanium,India,Female,2,719,1438,236.35,Jan-2026,2026
13886,2026-03-05,iPhone 15 Pro Max,256GB,Green,India,Male,1,1299,1299,291.76,Mar-2026,2026
13887,2026-04-25,iPhone 15,256GB,Green,USA,Male,3,899,2697,505.35,Apr-2026,2026
13888,2025-11-10,iPhone 16,128GB,Black,Canada,Male,1,809,809,161.06,Nov-2025,2025
13889,2026-05-15,iPhone 16 Plus,128GB,Black,Australia,Male,1,909,909,170.41,May-2026,2026
13890,2025-12-21,iPhone 16 Pro,256GB,Pink,Canada,Female,1,1199,1199,269.62,Dec-2025,2025
13891,2026-04-30,iPhone 15 Pro Max,256GB,Green,USA,Female,1,1279,1279,277.56,Apr-2026,2026
13892,2025-07-30,iPhone 16 Pro Max,1TB,Blue,UAE,Male,3,1519,4557,1040.06,Jul-2025,2025
13893,2025-02-13,iPhone 16 Pro Max,128GB,Purple,India,Female,4,1219,4876,1092.79,Feb-2025,2025
13894,2026-06-25,iPhone 16 Pro,128GB,Pink,India,Male,1,1099,1099,246.44,Jun-2026,2026
13895,2026-07-25,iPhone 16,128GB,Green,UAE,Female,1,779,779,153.99,Jul-2026,2026
13896,2026-08-06,iPhone 15 Pro,256GB,Blue,UK,Male,2,1079,2158,468.72,Aug-2026,2026
13897,2025-04-02,iPhone 15 Pro,128GB,Green,Canada,Male,1,999,999,227.13,Apr-2025,2025
13898,2025-09-22,iPhone 13,512GB,Natural Titanium,UK,Male,1,819,819,135.21,Sep-2025,2025
13899,2025-08-08,iPhone 15,128GB,White,India,Male,1,769,769,123.47,Aug-2025,2025
13900,2026-03-18,iPhone 16 Plus,512GB,Blue,Australia,Male,3,1099,3297,612.01,Mar-2026,2026
13901,2026-02-05,iPhone 16,256GB,Natural Titanium,UK,Male,3,869,2607,497.99,Feb-2026,2026
13902,2026-02-04,iPhone 16 Pro Max,512GB,Purple,Canada,Female,3,1399,4197,976.08,Feb-2026,2026
13903,2026-07-30,iPhone 13,128GB,White,Canada,Female,1,569,569,102.54,Jul-2026,2026
13904,2026-05-05,iPhone 15,256GB,Natural Titanium,India,Female,3,879,2637,469.45,May-2026,2026
13905,2026-04-30,iPhone 16 Pro,128GB,Black,India,Female,2,1079,2158,449.56,Apr-2026,2026
13906,2026-04-15,iPhone 15 Pro,128GB,Pink,India,Female,1,979,979,191.11,Apr-2026,2026
13907,2026-07-28,iPhone 14,128GB,Green,India,Female,3,719,2157,343.49,Jul-2026,2026
13908,2026-03-21,iPhone 16 Pro Max,256GB,Pink,India,Male,5,1319,6595,1520.87,Mar-2026,2026
13909,2025-09-26,iPhone 16 Pro,128GB,Purple,USA,Female,4,1069,4276,937.56,Sep-2025,2025
13910,2025-09-24,iPhone 15 Pro,512GB,Green,Germany,Female,3,1179,3537,739.19,Sep-2025,2025
13911,2025-02-23,iPhone 16 Pro,128GB,White,Australia,Male,2,1109,2218,493.69,Feb-2025,2025
13912,2026-06-12,iPhone 16 Plus,128GB,Blue,UAE,Male,2,899,1798,337.3,Jun-2026,2026
13913,2026-06-04,iPhone 16 Pro,128GB,Blue,India,Male,3,1079,3237,735.22,Jun-2026,2026
13914,2025-02-28,iPhone 16 Pro,256GB,Green,India,Female,2,1219,2438,534.07,Feb-2025,2025
13915,2025-02-09,iPhone 14,128GB,White,UAE,Female,1,669,669,92.97,Feb-2025,2025
13916,2025-08-25,iPhone 16,512GB,Green,India,Female,3,979,2937,527.47,Aug-2025,2025
13917,2026-01-21,iPhone 13,256GB,Green,Canada,Female,4,669,2676,434.57,Jan-2026,2026
13918,2026-08-29,iPhone 13,512GB,Natural Titanium,Germany,Male,1,799,799,135.45,Aug-2026,2026
13919,2025-10-27,iPhone 16 Pro Max,128GB,Green,India,Female,3,1169,3507,814.0,Oct-2025,2025
13920,2026-01-30,iPhone 16,128GB,Blue,UAE,Male,1,799,799,136.07,Jan-2026,2026
13921,2025-07-26,iPhone 16 Plus,256GB,Purple,India,Male,4,979,3916,733.42,Jul-2025,2025
13922,2025-12-02,iPhone 16 Pro,512GB,Green,UAE,Female,2,1319,2638,600.46,Dec-2025,2025
13923,2026-08-16,iPhone 16 Pro Max,128GB,Blue,India,Female,2,1209,2418,553.93,Aug-2026,2026
13924,2026-05-29,iPhone 16 Pro,512GB,Black,India,Female,3,1279,3837,836.71,May-2026,2026
13925,2025-06-27,iPhone 15 Pro Max,128GB,White,UAE,Male,3,1199,3597,807.96,Jun-2025,2025
13926,2026-01-31,iPhone 15 Pro,256GB,Black,UAE,Female,4,1119,4476,927.61,Jan-2026,2026
13927,2026-01-06,iPhone 15,128GB,Green,UK,Male,4,799,3196,570.29,Jan-2026,2026
13928,2025-11-14,iPhone 15 Pro,128GB,Blue,USA,Male,1,999,999,224.64,Nov-2025,2025
13929,2026-01-04,iPhone 15 Pro,128GB,White,UAE,Male,1,999,999,225.69,Jan-2026,2026
13930,2026-01-19,iPhone 16,512GB,Pink,Canada,Female,3,979,2937,574.26,Jan-2026,2026
13931,2025-03-03,iPhone 16,1TB,White,Singapore,Male,4,1069,4276,821.31,Mar-2025,2025
13932,2026-05-20,iPhone 16 Pro Max,128GB,White,Australia,Male,1,1209,1209,302.27,May-2026,2026
13933,2025-08-27,iPhone 16 Plus,512GB,Green,Canada,Female,1,1119,1119,223.91,Aug-2025,2025
13934,2025-07-14,iPhone 16,256GB,Natural Titanium,UAE,Female,1,909,909,176.68,Jul-2025,2025
13935,2025-08-10,iPhone 15 Pro,256GB,Black,UK,Male,1,1119,1119,235.13,Aug-2025,2025
13936,2025-03-02,iPhone 13,128GB,Black,India,Male,3,579,1737,274.28,Mar-2025,2025
13937,2025-05-09,iPhone 15,256GB,Pink,India,Female,1,899,899,146.94,May-2025,2025
13938,2025-06-05,iPhone 16 Pro,128GB,Green,Canada,Female,1,1079,1079,210.81,Jun-2025,2025
13939,2026-01-13,iPhone 15,128GB,White,Canada,Male,4,799,3196,586.72,Jan-2026,2026
13940,2026-08-09,iPhone 16 Plus,256GB,Natural Titanium,UK,Male,1,999,999,188.61,Aug-2026,2026
13941,2026-03-13,iPhone 16,512GB,Purple,USA,Female,3,1009,3027,564.84,Mar-2026,2026
13942,2025-07-26,iPhone 15,256GB,Black,India,Male,1,879,879,182.6,Jul-2025,2025
13943,2026-01-23,iPhone 15,512GB,Black,India,Male,2,969,1938,363.2,Jan-2026,2026
13944,2026-04-25,iPhone 15 Pro Max,512GB,Blue,USA,Male,1,1369,1369,299.3,Apr-2026,2026
13945,2025-12-06,iPhone 15 Pro Max,128GB,White,USA,Male,1,1209,1209,272.81,Dec-2025,2025
13946,2025-12-06,iPhone 16 Pro,128GB,Green,Germany,Female,1,1099,1099,241.46,Dec-2025,2025
13947,2025-07-23,iPhone 16 Plus,256GB,Black,India,Male,3,999,2997,565.06,Jul-2025,2025
13948,2025-06-10,iPhone 16,512GB,Natural Titanium,USA,Male,2,969,1938,383.21,Jun-2025,2025
13949,2026-06-24,iPhone 16 Pro,1TB,Green,India,Female,1,1369,1369,304.42,Jun-2026,2026
13950,2026-01-27,iPhone 16,256GB,White,Singapore,Female,3,879,2637,486.04,Jan-2026,2026
13951,2026-07-29,iPhone 16 Pro Max,256GB,White,Australia,Female,1,1319,1319,307.73,Jul-2026,2026
13952,2026-06-18,iPhone 15,256GB,Black,USA,Male,4,909,3636,662.09,Jun-2026,2026
13953,2025-03-11,iPhone 16 Plus,128GB,Pink,Singapore,Male,1,869,869,185.47,Mar-2025,2025
13954,2026-02-09,iPhone 15 Pro,128GB,Green,USA,Male,2,979,1958,414.67,Feb-2026,2026
13955,2026-08-31,iPhone 15,256GB,Green,India,Male,1,899,899,162.52,Aug-2026,2026
13956,2026-08-14,iPhone 15,512GB,Blue,USA,Male,2,1019,2038,373.01,Aug-2026,2026
13957,2026-06-01,iPhone 16,1TB,Natural Titanium,India,Female,2,1069,2138,393.59,Jun-2026,2026
13958,2025-04-30,iPhone 15,128GB,White,UK,Female,1,809,809,178.3,Apr-2025,2025
13959,2025-08-05,iPhone 15,256GB,White,Germany,Female,1,879,879,181.8,Aug-2025,2025
13960,2025-02-25,iPhone 16 Pro Max,512GB,Black,Canada,Female,3,1399,4197,976.93,Feb-2025,2025
13961,2026-01-01,iPhone 16 Pro,256GB,Black,India,Female,3,1179,3537,781.94,Jan-2026,2026
13962,2026-05-19,iPhone 16 Plus,128GB,Black,India,Female,2,899,1798,325.09,May-2026,2026
13963,2026-03-31,iPhone 16 Pro,256GB,Blue,India,Female,2,1209,2418,532.3,Mar-2026,2026
13964,2025-04-14,iPhone 16 Pro Max,256GB,Natural Titanium,India,Female,2,1309,2618,608.13,Apr-2025,2025
13965,2025-03-18,iPhone 16,256GB,Pink,India,Male,1,919,919,162.3,Mar-2025,2025
13966,2025-08-18,iPhone 15,256GB,Black,USA,Male,4,869,3476,619.13,Aug-2025,2025
13967,2025-09-15,iPhone 16 Pro,512GB,Black,UAE,Female,1,1319,1319,284.36,Sep-2025,2025
13968,2025-09-21,iPhone 16 Plus,128GB,Purple,UAE,Male,2,879,1758,326.52,Sep-2025,2025
13969,2025-11-27,iPhone 15 Pro Max,128GB,Natural Titanium,India,Female,2,1199,2398,547.79,Nov-2025,2025
13970,2025-07-01,iPhone 15 Pro Max,256GB,Black,India,Female,2,1269,2538,556.38,Jul-2025,2025
13971,2026-07-04,iPhone 15 Pro Max,128GB,Blue,India,Female,3,1209,3627,814.15,Jul-2026,2026
13972,2025-01-27,iPhone 16 Pro Max,1TB,Green,India,Male,1,1479,1479,334.33,Jan-2025,2025
13973,2025-10-03,iPhone 15 Pro,128GB,Pink,India,Male,2,999,1998,415.43,Oct-2025,2025
13974,2025-10-26,iPhone 16 Pro Max,128GB,Green,India,Male,2,1219,2438,561.3,Oct-2025,2025
13975,2025-04-01,iPhone 16 Pro Max,512GB,Purple,UK,Female,1,1409,1409,326.55,Apr-2025,2025
13976,2026-04-25,iPhone 16,128GB,White,Australia,Male,1,799,799,139.19,Apr-2026,2026
13977,2026-07-27,iPhone 16,512GB,White,USA,Female,3,1019,3057,585.09,Jul-2026,2026
13978,2026-04-03,iPhone 15 Pro,256GB,Black,UAE,Female,1,1079,1079,213.25,Apr-2026,2026
13979,2026-03-27,iPhone 13,128GB,Purple,India,Female,2,599,1198,213.89,Mar-2026,2026
13980,2025-12-31,iPhone 14,512GB,Green,Germany,Female,2,869,1738,289.07,Dec-2025,2025
13981,2025-12-17,iPhone 16 Plus,128GB,Blue,India,Female,2,869,1738,340.6,Dec-2025,2025
13982,2026-02-04,iPhone 15 Pro Max,256GB,Pink,India,Male,3,1279,3837,837.41,Feb-2026,2026
13983,2025-09-10,iPhone 14,128GB,Natural Titanium,India,Female,1,719,719,137.41,Sep-2025,2025
13984,2026-04-04,iPhone 15,128GB,Green,India,Male,2,809,1618,285.55,Apr-2026,2026
13985,2026-05-14,iPhone 16 Pro Max,512GB,Purple,USA,Male,1,1399,1399,321.12,May-2026,2026
13986,2026-05-23,iPhone 15 Pro,256GB,Purple,Singapore,Male,1,1099,1099,227.89,May-2026,2026
13987,2025-10-31,iPhone 16 Pro Max,128GB,Natural Titanium,Canada,Female,4,1199,4796,1099.53,Oct-2025,2025
13988,2026-05-16,iPhone 15 Pro,256GB,Green,USA,Male,1,1109,1109,215.27,May-2026,2026
13989,2026-08-21,iPhone 16,256GB,Pink,UK,Female,1,869,869,156.39,Aug-2026,2026
13990,2025-06-15,iPhone 13,512GB,Green,UK,Female,2,769,1538,250.29,Jun-2025,2025
13991,2026-02-19,iPhone 16,128GB,Green,Canada,Female,1,819,819,162.18,Feb-2026,2026
13992,2026-04-07,iPhone 16,512GB,Pink,UAE,Male,2,1019,2038,373.57,Apr-2026,2026
13993,2025-04-24,iPhone 15,256GB,Blue,UK,Female,3,869,2607,461.41,Apr-2025,2025
13994,2026-03-09,iPhone 16,256GB,Natural Titanium,UAE,Female,1,919,919,173.66,Mar-2026,2026
13995,2025-12-22,iPhone 16,1TB,Purple,UAE,Male,1,1079,1079,205.99,Dec-2025,2025
13996,2025-07-26,iPhone 16 Plus,128GB,Pink,India,Female,1,919,919,179.21,Jul-2025,2025
13997,2025-08-23,iPhone 16 Pro,128GB,Black,India,Male,1,1069,1069,247.69,Aug-2025,2025
13998,2026-03-18,iPhone 15 Pro,128GB,Black,UAE,Male,1,1019,1019,218.03,Mar-2026,2026
13999,2025-12-21,iPhone 16,128GB,Black,Australia,Female,3,769,2307,426.27,Dec-2025,2025
14000,2026-05-30,iPhone 16 Pro Max,128GB,Black,USA,Male,3,1169,3507,814.95,May-2026,2026
14001,2025-07-27,iPhone 16 Pro,256GB,Natural Titanium,Singapore,Male,1,1199,1199,275.56,Jul-2025,2025
14002,2025-05-05,iPhone 16 Pro Max,128GB,White,India,Female,3,1199,3597,808.34,May-2025,2025
14003,2025-05-18,iPhone 15 Pro,128GB,Blue,USA,Male,1,969,969,209.13,May-2025,2025
14004,2025-12-05,iPhone 16 Pro,128GB,White,India,Male,2,1099,2198,499.35,Dec-2025,2025
14005,2026-06-21,iPhone 16,128GB,Green,Germany,Female,1,819,819,147.83,Jun-2026,2026
14006,2025-03-09,iPhone 14,128GB,Green,India,Female,1,669,669,122.1,Mar-2025,2025
14007,2026-07-27,iPhone 16 Pro,256GB,Pink,USA,Female,3,1199,3597,782.94,Jul-2026,2026
14008,2026-06-25,iPhone 16 Plus,128GB,Black,India,Female,1,899,899,167.25,Jun-2026,2026
14009,2026-01-18,iPhone 15,1TB,Pink,USA,Male,2,1119,2238,392.27,Jan-2026,2026
14010,2025-01-19,iPhone 14,128GB,Green,Australia,Female,1,719,719,129.7,Jan-2025,2025
14011,2026-03-26,iPhone 16 Pro,512GB,Black,India,Female,1,1319,1319,299.36,Mar-2026,2026
14012,2025-03-15,iPhone 14,128GB,Natural Titanium,Canada,Male,2,699,1398,242.69,Mar-2025,2025
14013,2026-07-27,iPhone 14,256GB,Purple,Germany,Female,3,799,2397,414.62,Jul-2026,2026
14014,2025-10-03,iPhone 15 Pro Max,256GB,Blue,India,Female,1,1279,1279,290.07,Oct-2025,2025
14015,2025-02-17,iPhone 14,512GB,Green,UAE,Male,1,909,909,170.85,Feb-2025,2025
14016,2025-07-30,iPhone 16 Pro Max,256GB,Purple,India,Female,2,1309,2618,595.24,Jul-2025,2025
14017,2026-06-24,iPhone 15 Pro Max,1TB,Pink,India,Female,2,1519,3038,637.99,Jun-2026,2026
14018,2025-07-10,iPhone 16,256GB,Purple,UK,Male,2,869,1738,325.31,Jul-2025,2025
14019,2025-11-11,iPhone 16 Pro Max,256GB,Pink,UAE,Female,2,1299,2598,592.73,Nov-2025,2025
14020,2026-07-17,iPhone 16,512GB,Green,USA,Female,5,1009,5045,968.41,Jul-2026,2026
14021,2026-07-16,iPhone 15 Pro,256GB,White,India,Female,1,1099,1099,203.76,Jul-2026,2026
14022,2025-04-23,iPhone 16 Pro,256GB,Natural Titanium,Germany,Male,2,1199,2398,530.8,Apr-2025,2025
14023,2025-06-19,iPhone 15 Pro Max,128GB,Natural Titanium,UAE,Male,2,1219,2438,552.48,Jun-2025,2025
14024,2026-04-13,iPhone 15 Pro,512GB,Blue,India,Male,2,1199,2398,503.74,Apr-2026,2026
14025,2025-01-14,iPhone 16 Plus,128GB,Natural Titanium,USA,Female,1,869,869,171.94,Jan-2025,2025
14026,2025-10-15,iPhone 16 Pro,256GB,Purple,India,Female,2,1209,2418,523.46,Oct-2025,2025
14027,2025-07-08,iPhone 16 Pro,128GB,Natural Titanium,India,Male,2,1109,2218,496.6,Jul-2025,2025
14028,2025-06-04,iPhone 16 Pro Max,128GB,Purple,USA,Male,2,1209,2418,555.06,Jun-2025,2025
14029,2026-07-21,iPhone 16 Pro,256GB,Green,USA,Male,1,1199,1199,256.98,Jul-2026,2026
14030,2026-04-16,iPhone 16 Pro,256GB,Natural Titanium,India,Female,2,1219,2438,537.06,Apr-2026,2026
14031,2025-03-16,iPhone 16 Pro,128GB,Green,Canada,Female,3,1099,3297,735.42,Mar-2025,2025
14032,2025-10-04,iPhone 13,128GB,Natural Titanium,India,Male,3,569,1707,271.8,Oct-2025,2025
14033,2025-12-09,iPhone 15 Pro,128GB,Pink,UK,Male,3,1019,3057,639.98,Dec-2025,2025
14034,2026-03-01,iPhone 16 Plus,256GB,Black,India,Male,2,979,1958,371.45,Mar-2026,2026
14035,2026-07-25,iPhone 16,128GB,Black,USA,Male,1,809,809,156.96,Jul-2026,2026
14036,2026-05-26,iPhone 15,256GB,Black,India,Female,1,869,869,158.9,May-2026,2026
14037,2025-07-01,iPhone 15 Pro,256GB,Pink,UK,Male,1,1099,1099,233.13,Jul-2025,2025
14038,2026-04-03,iPhone 15 Pro,1TB,Black,USA,Male,3,1279,3837,791.14,Apr-2026,2026
14039,2025-03-05,iPhone 16,128GB,Green,India,Female,1,799,799,150.05,Mar-2025,2025
14040,2025-09-17,iPhone 16 Pro,128GB,White,India,Female,3,1079,3237,727.3,Sep-2025,2025
14041,2025-07-12,iPhone 16 Pro Max,256GB,White,USA,Female,3,1269,3807,882.54,Jul-2025,2025
14042,2026-02-10,iPhone 16 Plus,256GB,Natural Titanium,India,Female,4,979,3916,758.51,Feb-2026,2026
14043,2025-04-03,iPhone 16 Pro,128GB,White,UK,Female,3,1099,3297,730.3,Apr-2025,2025
14044,2026-03-06,iPhone 15 Pro Max,512GB,Black,USA,Female,2,1379,2758,609.38,Mar-2026,2026
14045,2026-03-10,iPhone 15 Pro,128GB,White,UK,Female,2,999,1998,436.86,Mar-2026,2026
14046,2026-02-08,iPhone 15 Pro,128GB,Purple,Singapore,Female,1,979,979,200.28,Feb-2026,2026
14047,2026-03-10,iPhone 16,128GB,Black,USA,Female,1,769,769,140.13,Mar-2026,2026
14048,2025-04-22,iPhone 14,512GB,Purple,Canada,Male,1,899,899,173.66,Apr-2025,2025
14049,2026-01-10,iPhone 16,128GB,Green,UAE,Male,1,809,809,164.57,Jan-2026,2026
14050,2025-02-28,iPhone 16,128GB,Purple,Germany,Male,4,779,3116,588.66,Feb-2025,2025
14051,2025-02-12,iPhone 15 Pro Max,128GB,Green,India,Female,1,1199,1199,256.17,Feb-2025,2025
14052,2025-07-26,iPhone 16 Pro Max,256GB,Pink,Canada,Female,2,1279,2558,575.96,Jul-2025,2025
14053,2025-10-23,iPhone 16,512GB,Pink,Germany,Female,1,1019,1019,189.79,Oct-2025,2025
14054,2025-04-28,iPhone 15,128GB,Natural Titanium,USA,Male,5,799,3995,730.17,Apr-2025,2025
14055,2026-06-16,iPhone 15 Pro Max,128GB,Purple,India,Male,1,1199,1199,237.7,Jun-2026,2026
14056,2025-08-10,iPhone 16 Plus,128GB,Blue,Singapore,Female,1,899,899,183.94,Aug-2025,2025
14057,2025-06-15,iPhone 15 Pro,256GB,Green,UK,Male,1,1109,1109,241.39,Jun-2025,2025
14058,2025-06-05,iPhone 14,128GB,Black,USA,Male,3,699,2097,344.1,Jun-2025,2025
14059,2025-07-03,iPhone 16,512GB,Blue,Canada,Female,1,1009,1009,192.41,Jul-2025,2025
14060,2025-03-31,iPhone 16 Pro Max,128GB,Green,India,Male,3,1209,3627,828.14,Mar-2025,2025
14061,2025-04-04,iPhone 15 Pro Max,128GB,Black,India,Male,2,1199,2398,516.72,Apr-2025,2025
14062,2025-01-13,iPhone 16 Pro Max,128GB,Green,USA,Male,1,1209,1209,281.57,Jan-2025,2025
14063,2026-03-14,iPhone 16 Pro,512GB,Green,UK,Male,1,1309,1309,294.45,Mar-2026,2026
14064,2026-06-22,iPhone 14,256GB,Black,Canada,Female,3,819,2457,426.92,Jun-2026,2026
14065,2026-08-10,iPhone 16 Plus,1TB,Green,USA,Male,1,1199,1199,206.37,Aug-2026,2026
14066,2025-05-30,iPhone 15 Pro Max,128GB,Green,Canada,Male,3,1169,3507,766.22,May-2025,2025
14067,2025-01-08,iPhone 15,128GB,Green,India,Male,1,799,799,151.28,Jan-2025,2025
14068,2025-01-29,iPhone 16 Plus,256GB,Natural Titanium,UK,Female,2,969,1938,379.87,Jan-2025,2025
14069,2025-10-23,iPhone 16 Plus,256GB,Pink,India,Male,2,969,1938,371.25,Oct-2025,2025
14070,2025-12-06,iPhone 15,256GB,White,USA,Male,2,899,1798,336.62,Dec-2025,2025
14071,2026-03-15,iPhone 16 Pro Max,128GB,Green,Australia,Male,1,1209,1209,280.42,Mar-2026,2026
14072,2025-05-24,iPhone 16 Plus,128GB,Natural Titanium,India,Male,3,919,2757,530.17,May-2025,2025
14073,2026-06-03,iPhone 16 Pro Max,128GB,Black,Canada,Male,3,1199,3597,817.29,Jun-2026,2026
14074,2025-02-14,iPhone 15 Pro,256GB,Purple,India,Male,2,1109,2218,474.5,Feb-2025,2025
14075,2025-08-27,iPhone 16 Pro Max,256GB,Green,India,Female,2,1299,2598,581.87,Aug-2025,2025
14076,2025-06-04,iPhone 15 Pro,512GB,Natural Titanium,India,Female,2,1199,2398,491.29,Jun-2025,2025
14077,2025-06-30,iPhone 13,128GB,Pink,UAE,Female,4,619,2476,386.95,Jun-2025,2025
14078,2025-08-03,iPhone 16 Pro,512GB,Natural Titanium,India,Male,4,1279,5116,1145.65,Aug-2025,2025
14079,2025-03-29,iPhone 16 Plus,128GB,Pink,UK,Female,1,899,899,166.52,Mar-2025,2025
14080,2025-09-13,iPhone 16,128GB,Purple,UAE,Male,1,799,799,157.18,Sep-2025,2025
14081,2026-05-26,iPhone 15 Pro Max,1TB,Green,India,Female,5,1499,7495,1655.64,May-2026,2026
14082,2025-03-14,iPhone 13,256GB,Blue,USA,Male,1,709,709,119.8,Mar-2025,2025
14083,2025-06-28,iPhone 16,256GB,Purple,USA,Female,4,879,3516,655.9,Jun-2025,2025
14084,2025-07-31,iPhone 15 Pro Max,256GB,White,Germany,Female,2,1319,2638,584.77,Jul-2025,2025
14085,2025-08-22,iPhone 16,128GB,Black,India,Male,1,779,779,136.37,Aug-2025,2025
14086,2026-04-10,iPhone 15 Pro Max,256GB,Natural Titanium,India,Male,1,1269,1269,259.46,Apr-2026,2026
14087,2025-08-11,iPhone 16 Pro Max,512GB,Black,India,Female,1,1419,1419,346.76,Aug-2025,2025
14088,2025-09-21,iPhone 16,128GB,Black,UAE,Male,3,819,2457,463.85,Sep-2025,2025
14089,2025-07-26,iPhone 16 Plus,256GB,Black,UAE,Female,1,999,999,187.44,Jul-2025,2025
14090,2026-08-30,iPhone 16 Pro Max,256GB,Pink,Germany,Male,1,1279,1279,306.99,Aug-2026,2026
14091,2026-01-01,iPhone 16,128GB,Natural Titanium,Australia,Male,4,809,3236,624.93,Jan-2026,2026
14092,2025-10-03,iPhone 13,128GB,White,India,Female,1,569,569,84.17,Oct-2025,2025
14093,2026-01-15,iPhone 13,128GB,Green,USA,Male,2,579,1158,189.6,Jan-2026,2026
14094,2025-11-05,iPhone 16 Plus,256GB,Green,UAE,Male,2,1009,2018,390.5,Nov-2025,2025
14095,2025-09-25,iPhone 15,512GB,Blue,Germany,Female,1,999,999,165.03,Sep-2025,2025
14096,2025-03-05,iPhone 16,256GB,Green,India,Female,1,909,909,164.7,Mar-2025,2025
14097,2025-12-16,iPhone 15,128GB,White,USA,Female,1,809,809,142.71,Dec-2025,2025
14098,2026-05-09,iPhone 15,256GB,Green,Germany,Female,1,909,909,165.02,May-2026,2026
14099,2026-06-07,iPhone 15 Pro Max,512GB,Pink,India,Male,1,1399,1399,324.58,Jun-2026,2026
14100,2025-04-08,iPhone 16 Pro Max,128GB,Purple,USA,Male,2,1219,2438,553.67,Apr-2025,2025
14101,2025-03-12,iPhone 16,512GB,Green,Germany,Male,2,979,1958,390.86,Mar-2025,2025
14102,2025-12-30,iPhone 16 Pro Max,256GB,Black,Canada,Female,2,1309,2618,608.99,Dec-2025,2025
14103,2026-07-24,iPhone 16 Pro Max,128GB,Black,India,Male,1,1169,1169,250.75,Jul-2026,2026
14104,2025-10-03,iPhone 15,128GB,Purple,India,Male,1,799,799,148.9,Oct-2025,2025
14105,2025-02-19,iPhone 15 Pro,256GB,Black,India,Female,1,1109,1109,251.49,Feb-2025,2025
14106,2025-12-24,iPhone 16 Pro,256GB,Black,Germany,Female,1,1209,1209,264.84,Dec-2025,2025
14107,2026-07-18,iPhone 16 Pro,512GB,Pink,Singapore,Female,4,1319,5276,1153.09,Jul-2026,2026
14108,2026-04-30,iPhone 16,256GB,Pink,Canada,Male,1,879,879,161.41,Apr-2026,2026
14109,2025-03-25,iPhone 16 Pro Max,128GB,Pink,USA,Female,1,1199,1199,282.88,Mar-2025,2025
14110,2026-08-07,iPhone 13,128GB,Green,India,Male,2,609,1218,179.53,Aug-2026,2026
14111,2025-10-23,iPhone 15 Pro,256GB,Purple,UAE,Female,2,1109,2218,488.17,Oct-2025,2025
14112,2025-08-24,iPhone 16,128GB,Black,USA,Male,5,799,3995,773.63,Aug-2025,2025
14113,2025-02-25,iPhone 15 Pro Max,256GB,Blue,UK,Male,1,1269,1269,288.82,Feb-2025,2025
14114,2025-12-26,iPhone 14,128GB,Purple,UK,Male,1,669,669,101.18,Dec-2025,2025
14115,2025-04-20,iPhone 15 Pro,128GB,Blue,USA,Male,1,979,979,224.59,Apr-2025,2025
14116,2025-07-11,iPhone 13,128GB,Black,Germany,Female,1,599,599,112.52,Jul-2025,2025
14117,2025-04-03,iPhone 16,128GB,White,India,Female,2,819,1638,330.16,Apr-2025,2025
14118,2026-07-22,iPhone 16 Pro,256GB,Purple,UAE,Female,4,1219,4876,1078.2,Jul-2026,2026
14119,2025-03-01,iPhone 16 Pro,128GB,Green,USA,Male,2,1109,2218,489.97,Mar-2025,2025
14120,2025-02-08,iPhone 16 Plus,512GB,Blue,UAE,Female,1,1119,1119,217.71,Feb-2025,2025
14121,2026-06-24,iPhone 15 Pro Max,256GB,Purple,UAE,Male,1,1299,1299,293.44,Jun-2026,2026
14122,2025-02-18,iPhone 16,128GB,Purple,India,Male,4,779,3116,609.39,Feb-2025,2025
14123,2026-02-24,iPhone 14,128GB,Pink,India,Male,2,699,1398,223.28,Feb-2026,2026
14124,2025-01-13,iPhone 15 Pro,256GB,White,India,Male,4,1079,4316,911.1,Jan-2025,2025
14125,2025-02-05,iPhone 15,128GB,Pink,India,Male,2,769,1538,284.94,Feb-2025,2025
14126,2025-04-11,iPhone 16 Pro,1TB,White,UAE,Male,5,1399,6995,1553.41,Apr-2025,2025
14127,2025-03-27,iPhone 16 Pro Max,256GB,White,India,Female,3,1309,3927,901.61,Mar-2025,2025
14128,2026-05-31,iPhone 16,128GB,Green,USA,Female,1,779,779,151.06,May-2026,2026
14129,2025-08-11,iPhone 16 Plus,256GB,Purple,India,Male,3,999,2997,570.05,Aug-2025,2025
14130,2025-12-04,iPhone 14,128GB,Pink,UK,Male,1,699,699,124.46,Dec-2025,2025
14131,2025-06-15,iPhone 16,128GB,Pink,UAE,Male,1,769,769,141.36,Jun-2025,2025
14132,2026-01-18,iPhone 16 Plus,512GB,Blue,India,Male,1,1069,1069,212.97,Jan-2026,2026
14133,2026-01-11,iPhone 15 Pro Max,128GB,Purple,UK,Male,1,1219,1219,274.96,Jan-2026,2026
14134,2026-04-16,iPhone 15,256GB,Black,Canada,Male,1,869,869,141.08,Apr-2026,2026
14135,2025-01-31,iPhone 16 Pro,1TB,Black,India,Female,1,1369,1369,289.19,Jan-2025,2025
14136,2026-01-10,iPhone 16 Plus,128GB,Blue,UAE,Female,2,909,1818,345.28,Jan-2026,2026
14137,2025-01-11,iPhone 16 Pro,128GB,White,India,Male,4,1099,4396,1006.21,Jan-2025,2025
14138,2025-10-29,iPhone 16 Pro,128GB,Blue,India,Female,2,1119,2238,491.03,Oct-2025,2025
14139,2025-04-06,iPhone 16 Pro Max,128GB,Blue,USA,Female,1,1169,1169,258.64,Apr-2025,2025
14140,2025-07-09,iPhone 15,128GB,Pink,India,Male,1,779,779,133.71,Jul-2025,2025
14141,2026-03-29,iPhone 14,512GB,Blue,Canada,Male,1,909,909,162.59,Mar-2026,2026
14142,2025-07-11,iPhone 15 Pro,512GB,Natural Titanium,India,Female,2,1199,2398,524.75,Jul-2025,2025
14143,2026-05-01,iPhone 14,256GB,White,India,Female,3,809,2427,406.81,May-2026,2026
14144,2025-09-23,iPhone 16,128GB,Black,USA,Male,1,799,799,156.08,Sep-2025,2025
14145,2026-02-28,iPhone 16,512GB,Green,UK,Female,2,1009,2018,378.86,Feb-2026,2026
14146,2025-05-08,iPhone 16,256GB,Purple,UAE,Male,2,919,1838,358.73,May-2025,2025
14147,2025-08-26,iPhone 15,128GB,Blue,India,Female,1,809,809,141.06,Aug-2025,2025
14148,2025-12-21,iPhone 16 Pro Max,128GB,Purple,Australia,Male,1,1199,1199,286.96,Dec-2025,2025
14149,2025-04-22,iPhone 13,128GB,Blue,Singapore,Male,2,599,1198,161.88,Apr-2025,2025
14150,2026-03-22,iPhone 15 Pro,512GB,Natural Titanium,USA,Female,2,1199,2398,512.95,Mar-2026,2026
14151,2025-12-09,iPhone 16 Plus,256GB,Purple,Canada,Female,1,1019,1019,192.2,Dec-2025,2025
14152,2025-05-25,iPhone 16 Pro,256GB,Pink,USA,Male,1,1219,1219,275.95,May-2025,2025
14153,2025-03-06,iPhone 15 Pro Max,256GB,Pink,India,Male,2,1309,2618,576.16,Mar-2025,2025
14154,2025-09-04,iPhone 13,256GB,Purple,India,Male,1,699,699,97.83,Sep-2025,2025
14155,2026-05-05,iPhone 16,128GB,Blue,India,Male,3,769,2307,440.89,May-2026,2026
14156,2026-03-15,iPhone 13,256GB,Natural Titanium,Singapore,Male,1,679,679,118.44,Mar-2026,2026
14157,2025-04-16,iPhone 14,512GB,Natural Titanium,India,Female,1,879,879,152.63,Apr-2025,2025
14158,2025-06-30,iPhone 16,128GB,Blue,UK,Male,1,799,799,134.53,Jun-2025,2025
14159,2025-07-03,iPhone 15 Pro,1TB,White,India,Female,4,1299,5196,1093.84,Jul-2025,2025
14160,2025-08-14,iPhone 15 Pro,128GB,Black,UK,Female,3,1009,3027,641.88,Aug-2025,2025
14161,2025-03-30,iPhone 15 Pro Max,128GB,Black,India,Male,3,1179,3537,773.26,Mar-2025,2025
14162,2026-06-14,iPhone 16 Pro Max,256GB,Natural Titanium,Canada,Female,1,1319,1319,267.39,Jun-2026,2026
14163,2026-01-06,iPhone 16 Pro Max,512GB,Green,India,Female,3,1419,4257,973.28,Jan-2026,2026
14164,2026-02-03,iPhone 15 Pro Max,128GB,Black,Germany,Male,3,1169,3507,756.39,Feb-2026,2026
14165,2025-04-16,iPhone 15,256GB,Green,Australia,Female,1,899,899,160.63,Apr-2025,2025
14166,2025-09-28,iPhone 15 Pro,128GB,Pink,UAE,Female,5,999,4995,1033.93,Sep-2025,2025
14167,2026-05-18,iPhone 15,256GB,Green,India,Female,3,869,2607,453.77,May-2026,2026
14168,2026-06-09,iPhone 16,128GB,Green,India,Male,5,809,4045,777.84,Jun-2026,2026
14169,2025-02-01,iPhone 16,128GB,Black,Australia,Female,3,809,2427,463.09,Feb-2025,2025
14170,2026-01-28,iPhone 15 Pro Max,128GB,Natural Titanium,India,Male,3,1199,3597,797.25,Jan-2026,2026
14171,2025-02-09,iPhone 15 Pro,128GB,Blue,India,Female,4,969,3876,807.11,Feb-2025,2025
14172,2025-08-06,iPhone 15,128GB,Natural Titanium,USA,Female,1,769,769,132.66,Aug-2025,2025
14173,2025-03-23,iPhone 15 Pro Max,256GB,Pink,India,Male,3,1319,3957,862.88,Mar-2025,2025
14174,2025-07-20,iPhone 15 Pro,128GB,White,India,Male,1,969,969,197.41,Jul-2025,2025
14175,2026-03-23,iPhone 16,128GB,Green,UK,Male,2,799,1598,298.09,Mar-2026,2026
14176,2026-03-04,iPhone 16 Plus,128GB,Green,India,Male,3,879,2637,489.1,Mar-2026,2026
14177,2025-02-07,iPhone 16,128GB,Purple,India,Female,2,809,1618,298.88,Feb-2025,2025
14178,2025-07-30,iPhone 15 Pro Max,128GB,Green,USA,Male,3,1199,3597,793.68,Jul-2025,2025
14179,2026-03-20,iPhone 16,128GB,Natural Titanium,USA,Male,1,799,799,139.81,Mar-2026,2026
14180,2025-11-23,iPhone 15,128GB,Blue,UAE,Male,2,819,1638,298.76,Nov-2025,2025
14181,2025-08-15,iPhone 13,128GB,White,India,Female,1,599,599,77.0,Aug-2025,2025
14182,2025-02-17,iPhone 16,256GB,Natural Titanium,UK,Male,1,919,919,178.25,Feb-2025,2025
14183,2025-01-18,iPhone 15,256GB,Purple,USA,Female,2,919,1838,329.93,Jan-2025,2025
14184,2026-03-15,iPhone 16,128GB,Natural Titanium,USA,Female,2,769,1538,296.09,Mar-2026,2026
14185,2025-07-06,iPhone 16 Plus,128GB,Black,India,Female,1,899,899,174.69,Jul-2025,2025
14186,2025-12-11,iPhone 16 Pro Max,128GB,Pink,India,Male,1,1179,1179,258.9,Dec-2025,2025
14187,2025-08-12,iPhone 16 Pro Max,128GB,Blue,Australia,Male,1,1199,1199,276.45,Aug-2025,2025
14188,2026-05-03,iPhone 13,128GB,White,India,Male,2,599,1198,178.12,May-2026,2026
14189,2025-08-17,iPhone 16 Pro Max,256GB,Pink,UAE,Male,2,1319,2638,601.81,Aug-2025,2025
14190,2026-01-25,iPhone 16 Plus,128GB,Black,Germany,Female,1,879,879,178.27,Jan-2026,2026
14191,2026-08-12,iPhone 16,1TB,Pink,UK,Male,3,1119,3357,626.03,Aug-2026,2026
14192,2025-07-07,iPhone 13,128GB,Purple,USA,Male,1,569,569,90.36,Jul-2025,2025
14193,2025-09-27,iPhone 16 Pro,256GB,Green,India,Female,2,1199,2398,517.84,Sep-2025,2025
14194,2026-08-30,iPhone 14,256GB,Green,Germany,Male,1,809,809,141.2,Aug-2026,2026
14195,2025-11-06,iPhone 16 Pro,128GB,Blue,UAE,Male,5,1109,5545,1230.98,Nov-2025,2025
14196,2025-05-12,iPhone 13,128GB,Pink,UAE,Male,1,569,569,85.42,May-2025,2025
14197,2026-07-05,iPhone 16,256GB,Natural Titanium,USA,Female,2,869,1738,332.81,Jul-2026,2026
14198,2025-03-13,iPhone 15 Pro Max,512GB,Green,Australia,Male,2,1409,2818,617.29,Mar-2025,2025
14199,2025-07-06,iPhone 15,128GB,Blue,UAE,Female,1,769,769,126.72,Jul-2025,2025
14200,2026-05-01,iPhone 14,128GB,Blue,India,Male,1,709,709,124.79,May-2026,2026
14201,2025-07-10,iPhone 15 Pro Max,128GB,Purple,UK,Male,1,1169,1169,263.01,Jul-2025,2025
14202,2026-02-26,iPhone 14,128GB,Blue,USA,Female,3,709,2127,349.75,Feb-2026,2026
14203,2025-04-30,iPhone 15 Pro Max,512GB,Black,India,Female,1,1379,1379,313.74,Apr-2025,2025
14204,2025-08-08,iPhone 16,256GB,Natural Titanium,Canada,Female,2,869,1738,345.47,Aug-2025,2025
14205,2025-02-22,iPhone 16 Pro,128GB,Green,India,Female,2,1109,2218,477.26,Feb-2025,2025
14206,2026-03-27,iPhone 16 Plus,128GB,Green,USA,Male,1,869,869,181.65,Mar-2026,2026
14207,2026-02-16,iPhone 13,128GB,White,India,Female,1,609,609,97.49,Feb-2026,2026
14208,2025-08-25,iPhone 15 Pro,512GB,Black,India,Female,4,1209,4836,1014.73,Aug-2025,2025
14209,2026-02-10,iPhone 15,512GB,Green,USA,Female,1,1019,1019,203.38,Feb-2026,2026
14210,2026-08-31,iPhone 16 Pro Max,128GB,Purple,Singapore,Female,1,1219,1219,290.42,Aug-2026,2026
14211,2026-02-26,iPhone 16 Pro,128GB,Green,USA,Male,2,1099,2198,476.08,Feb-2026,2026
14212,2025-09-04,iPhone 15 Pro,512GB,White,India,Female,1,1169,1169,239.39,Sep-2025,2025
14213,2025-03-13,iPhone 14,128GB,Pink,UK,Female,1,679,679,119.34,Mar-2025,2025
14214,2025-07-04,iPhone 16 Pro,128GB,Pink,India,Male,1,1099,1099,245.56,Jul-2025,2025
14215,2025-01-06,iPhone 16 Pro,128GB,Black,India,Male,5,1099,5495,1208.44,Jan-2025,2025
14216,2025-07-25,iPhone 16 Pro,128GB,Blue,India,Female,1,1119,1119,237.74,Jul-2025,2025
14217,2026-06-28,iPhone 16 Pro,128GB,White,India,Male,5,1069,5345,1169.34,Jun-2026,2026
14218,2026-01-22,iPhone 15 Pro Max,1TB,White,USA,Female,1,1519,1519,333.89,Jan-2026,2026
14219,2025-03-17,iPhone 15,256GB,Green,USA,Male,1,909,909,144.59,Mar-2025,2025
14220,2025-06-26,iPhone 15 Pro Max,128GB,Purple,India,Female,4,1209,4836,1069.89,Jun-2025,2025
14221,2025-12-15,iPhone 15 Pro Max,128GB,Green,Canada,Male,1,1179,1179,262.47,Dec-2025,2025
14222,2025-09-12,iPhone 15 Pro Max,256GB,Purple,India,Male,1,1269,1269,267.95,Sep-2025,2025
14223,2025-11-04,iPhone 16,128GB,White,Germany,Female,1,799,799,157.63,Nov-2025,2025
14224,2025-12-11,iPhone 15,128GB,Blue,UK,Female,4,779,3116,540.31,Dec-2025,2025
14225,2025-05-07,iPhone 15 Pro,128GB,Pink,India,Male,1,969,969,207.92,May-2025,2025
14226,2025-10-14,iPhone 15 Pro Max,256GB,Black,Singapore,Male,3,1269,3807,848.32,Oct-2025,2025
14227,2026-08-19,iPhone 14,128GB,Natural Titanium,India,Female,2,719,1438,249.19,Aug-2026,2026
14228,2026-05-02,iPhone 15 Pro Max,128GB,Purple,USA,Female,1,1219,1219,275.41,May-2026,2026
14229,2026-01-18,iPhone 16 Pro,128GB,Pink,India,Female,1,1069,1069,243.17,Jan-2026,2026
14230,2026-02-10,iPhone 16 Pro,128GB,Black,UAE,Female,4,1099,4396,971.87,Feb-2026,2026
14231,2026-01-23,iPhone 15 Pro Max,1TB,Blue,USA,Male,2,1479,2958,650.12,Jan-2026,2026
14232,2026-06-09,iPhone 16,256GB,White,India,Female,2,869,1738,326.39,Jun-2026,2026
14233,2026-07-11,iPhone 13,128GB,Blue,India,Female,1,619,619,112.79,Jul-2026,2026
14234,2025-10-03,iPhone 16 Plus,128GB,Purple,UAE,Male,1,879,879,174.29,Oct-2025,2025
14235,2026-05-15,iPhone 15 Pro,256GB,White,India,Male,2,1099,2198,475.8,May-2026,2026
14236,2025-12-03,iPhone 15 Pro Max,128GB,Green,India,Female,2,1169,2338,526.25,Dec-2025,2025
14237,2026-04-26,iPhone 16 Pro,256GB,Black,USA,Female,2,1209,2418,517.9,Apr-2026,2026
14238,2025-09-30,iPhone 15 Pro Max,256GB,Green,Canada,Female,1,1269,1269,271.19,Sep-2025,2025
14239,2025-02-27,iPhone 13,128GB,White,India,Female,5,569,2845,433.1,Feb-2025,2025
14240,2025-11-24,iPhone 15,1TB,Natural Titanium,India,Male,1,1079,1079,175.53,Nov-2025,2025
14241,2025-04-19,iPhone 15 Pro Max,128GB,Black,Australia,Female,1,1179,1179,237.72,Apr-2025,2025
14242,2025-10-06,iPhone 15 Pro Max,128GB,Black,India,Female,4,1219,4876,1045.61,Oct-2025,2025
14243,2025-11-24,iPhone 16 Pro,256GB,Green,UK,Male,2,1199,2398,524.7,Nov-2025,2025
14244,2025-11-11,iPhone 16,512GB,Black,Singapore,Male,1,969,969,198.21,Nov-2025,2025
14245,2026-04-19,iPhone 16 Plus,256GB,White,Australia,Female,3,1019,3057,585.09,Apr-2026,2026
14246,2025-04-21,iPhone 15 Pro Max,256GB,Natural Titanium,India,Female,1,1299,1299,294.13,Apr-2025,2025
14247,2025-08-17,iPhone 15 Pro Max,128GB,Purple,India,Male,1,1179,1179,260.03,Aug-2025,2025
14248,2026-05-12,iPhone 15 Pro Max,128GB,Purple,India,Male,2,1199,2398,529.29,May-2026,2026
14249,2025-06-05,iPhone 15 Pro Max,128GB,White,Germany,Male,1,1209,1209,275.3,Jun-2025,2025
14250,2026-04-18,iPhone 16,256GB,Green,Singapore,Male,1,909,909,170.75,Apr-2026,2026
14251,2025-09-29,iPhone 15,128GB,Blue,India,Male,1,799,799,145.33,Sep-2025,2025
14252,2025-01-02,iPhone 16 Pro,128GB,White,UAE,Female,1,1119,1119,241.3,Jan-2025,2025
14253,2026-05-26,iPhone 15 Pro,512GB,Purple,Australia,Female,1,1209,1209,239.27,May-2026,2026
14254,2025-10-13,iPhone 14,128GB,White,India,Female,3,669,2007,339.65,Oct-2025,2025
14255,2025-01-13,iPhone 14,128GB,Black,India,Male,2,679,1358,216.75,Jan-2025,2025
14256,2026-08-31,iPhone 13,128GB,Black,India,Female,1,599,599,106.4,Aug-2026,2026
14257,2026-05-13,iPhone 15 Pro Max,128GB,White,USA,Female,2,1209,2418,537.83,May-2026,2026
14258,2025-08-26,iPhone 15,128GB,Green,Germany,Male,3,769,2307,433.14,Aug-2025,2025
14259,2025-04-04,iPhone 13,128GB,Blue,Germany,Male,2,619,1238,188.68,Apr-2025,2025
14260,2025-12-04,iPhone 16,128GB,Black,India,Female,1,779,779,131.54,Dec-2025,2025
14261,2025-06-20,iPhone 16 Plus,128GB,Purple,India,Female,1,869,869,146.79,Jun-2025,2025
14262,2026-08-29,iPhone 14,128GB,Natural Titanium,USA,Female,3,669,2007,360.09,Aug-2026,2026
14263,2026-07-21,iPhone 15 Pro Max,128GB,Black,Canada,Male,1,1219,1219,263.42,Jul-2026,2026
14264,2026-04-12,iPhone 16 Plus,128GB,Purple,UK,Female,1,879,879,149.01,Apr-2026,2026
14265,2025-05-23,iPhone 16 Pro Max,128GB,Natural Titanium,USA,Male,2,1209,2418,561.78,May-2025,2025
14266,2025-07-20,iPhone 16,128GB,Blue,UK,Female,1,809,809,149.7,Jul-2025,2025
14267,2025-06-29,iPhone 15,512GB,Natural Titanium,India,Female,5,969,4845,860.75,Jun-2025,2025
14268,2025-12-30,iPhone 16 Plus,512GB,Black,USA,Male,3,1099,3297,644.27,Dec-2025,2025
14269,2026-04-24,iPhone 16,128GB,Natural Titanium,Singapore,Male,2,809,1618,305.72,Apr-2026,2026
14270,2026-07-19,iPhone 15,128GB,Green,India,Male,3,769,2307,422.07,Jul-2026,2026
14271,2026-04-16,iPhone 16 Pro,256GB,Purple,USA,Male,1,1219,1219,273.38,Apr-2026,2026
14272,2026-01-19,iPhone 15 Pro Max,256GB,Black,India,Male,3,1299,3897,889.94,Jan-2026,2026
14273,2026-02-21,iPhone 16 Pro Max,1TB,Black,USA,Female,2,1499,2998,687.12,Feb-2026,2026
14274,2025-11-04,iPhone 16 Plus,128GB,White,UK,Female,1,899,899,158.82,Nov-2025,2025
14275,2026-01-02,iPhone 16,256GB,Green,UK,Female,4,919,3676,690.29,Jan-2026,2026
14276,2025-01-01,iPhone 16 Plus,512GB,Green,Australia,Female,3,1069,3207,621.21,Jan-2025,2025
14277,2025-02-13,iPhone 15 Pro Max,128GB,White,USA,Female,4,1199,4796,1058.13,Feb-2025,2025
14278,2025-04-08,iPhone 15 Pro Max,128GB,Natural Titanium,USA,Female,2,1219,2438,530.72,Apr-2025,2025
14279,2025-09-22,iPhone 16 Pro,128GB,Purple,India,Male,1,1109,1109,248.1,Sep-2025,2025
14280,2025-05-20,iPhone 16 Plus,128GB,Pink,Canada,Female,1,869,869,181.05,May-2025,2025
14281,2026-04-26,iPhone 16 Pro,128GB,Blue,India,Male,1,1099,1099,261.69,Apr-2026,2026
14282,2025-08-25,iPhone 16 Pro,256GB,Green,Canada,Male,1,1199,1199,268.21,Aug-2025,2025
14283,2025-03-13,iPhone 16 Pro Max,128GB,Pink,India,Female,1,1209,1209,291.69,Mar-2025,2025
14284,2025-07-09,iPhone 16 Plus,128GB,Purple,India,Male,2,899,1798,324.55,Jul-2025,2025
14285,2025-09-25,iPhone 15 Pro Max,512GB,Blue,India,Female,2,1419,2838,631.83,Sep-2025,2025
14286,2025-11-17,iPhone 15,128GB,Green,Singapore,Male,1,799,799,141.65,Nov-2025,2025
14287,2025-04-17,iPhone 16 Plus,128GB,Black,India,Male,2,899,1798,327.84,Apr-2025,2025
14288,2025-08-20,iPhone 15 Pro,128GB,Green,India,Female,1,979,979,194.41,Aug-2025,2025
14289,2025-02-11,iPhone 15,128GB,Blue,India,Male,2,819,1638,285.04,Feb-2025,2025
14290,2025-05-19,iPhone 15,128GB,Natural Titanium,India,Male,5,819,4095,740.62,May-2025,2025
14291,2025-09-30,iPhone 16 Pro,512GB,Pink,India,Male,2,1319,2638,567.07,Sep-2025,2025
14292,2026-04-26,iPhone 16 Pro,128GB,Natural Titanium,USA,Female,1,1099,1099,250.28,Apr-2026,2026
14293,2026-02-20,iPhone 16,256GB,Black,India,Male,1,919,919,186.18,Feb-2026,2026
14294,2026-05-21,iPhone 15 Pro Max,128GB,Blue,USA,Male,3,1199,3597,789.91,May-2026,2026
14295,2026-02-28,iPhone 16 Plus,512GB,Purple,India,Female,2,1069,2138,403.74,Feb-2026,2026
14296,2026-02-11,iPhone 16,256GB,Natural Titanium,USA,Female,4,909,3636,692.72,Feb-2026,2026
14297,2026-07-22,iPhone 15 Pro Max,512GB,Blue,UK,Female,1,1369,1369,295.26,Jul-2026,2026
14298,2026-01-25,iPhone 15 Pro,128GB,Green,India,Male,1,999,999,227.32,Jan-2026,2026
14299,2025-12-08,iPhone 15 Pro,512GB,Purple,USA,Female,1,1169,1169,220.4,Dec-2025,2025
14300,2026-05-08,iPhone 16,512GB,White,India,Female,3,999,2997,564.79,May-2026,2026
14301,2025-07-11,iPhone 16,256GB,White,India,Male,2,899,1798,322.84,Jul-2025,2025
14302,2026-05-14,iPhone 15 Pro Max,128GB,Natural Titanium,UK,Male,1,1199,1199,270.69,May-2026,2026
14303,2025-08-21,iPhone 16 Pro Max,128GB,Black,UK,Female,1,1199,1199,278.33,Aug-2025,2025
14304,2025-08-15,iPhone 14,128GB,Blue,UK,Female,2,709,1418,250.1,Aug-2025,2025
14305,2026-01-06,iPhone 15 Pro,128GB,Pink,India,Female,5,999,4995,1050.87,Jan-2026,2026
14306,2025-05-19,iPhone 15 Pro Max,256GB,Black,India,Female,1,1269,1269,283.88,May-2025,2025
14307,2025-05-29,iPhone 13,256GB,Purple,India,Female,1,669,669,96.56,May-2025,2025
14308,2025-04-25,iPhone 15 Pro,256GB,Natural Titanium,USA,Male,2,1119,2238,471.76,Apr-2025,2025
14309,2026-03-26,iPhone 15,128GB,Black,USA,Male,1,779,779,130.83,Mar-2026,2026
14310,2025-03-04,iPhone 15 Pro Max,128GB,Natural Titanium,India,Female,2,1209,2418,539.31,Mar-2025,2025
14311,2025-04-14,iPhone 15 Pro,128GB,Green,Canada,Male,1,1019,1019,202.62,Apr-2025,2025
14312,2025-09-30,iPhone 16 Plus,128GB,Purple,India,Male,2,919,1838,343.03,Sep-2025,2025
14313,2025-01-06,iPhone 15 Pro Max,256GB,Pink,Singapore,Female,4,1319,5276,1159.71,Jan-2025,2025
14314,2025-05-27,iPhone 14,128GB,Blue,India,Male,1,679,679,133.81,May-2025,2025
14315,2025-07-03,iPhone 16 Plus,256GB,Purple,Canada,Male,3,999,2997,569.81,Jul-2025,2025
14316,2025-01-28,iPhone 14,128GB,Blue,India,Female,4,719,2876,513.18,Jan-2025,2025
14317,2026-07-04,iPhone 16 Pro,512GB,Blue,Australia,Female,1,1299,1299,302.37,Jul-2026,2026
14318,2025-04-29,iPhone 16 Pro Max,128GB,Black,India,Male,1,1169,1169,265.23,Apr-2025,2025
14319,2025-10-20,iPhone 15 Pro,128GB,Green,India,Female,3,999,2997,634.21,Oct-2025,2025
14320,2026-01-06,iPhone 16 Pro Max,128GB,Black,India,Female,2,1179,2358,549.0,Jan-2026,2026
14321,2025-09-01,iPhone 16 Pro,128GB,White,Singapore,Male,1,1119,1119,210.84,Sep-2025,2025
14322,2026-08-03,iPhone 16 Pro Max,256GB,White,Singapore,Male,1,1279,1279,273.59,Aug-2026,2026
14323,2025-08-06,iPhone 16,256GB,Blue,India,Male,2,869,1738,335.61,Aug-2025,2025
14324,2025-06-26,iPhone 15,128GB,Green,UK,Female,1,819,819,153.56,Jun-2025,2025
14325,2025-10-26,iPhone 16 Pro,128GB,Purple,USA,Male,2,1079,2158,476.58,Oct-2025,2025
14326,2025-02-27,iPhone 15,256GB,Blue,India,Female,2,899,1798,310.27,Feb-2025,2025
14327,2025-09-26,iPhone 15,128GB,Purple,India,Female,3,779,2337,449.6,Sep-2025,2025
14328,2025-11-04,iPhone 15,128GB,Blue,Singapore,Male,2,799,1598,294.44,Nov-2025,2025
14329,2026-07-24,iPhone 15 Pro,512GB,Black,USA,Male,2,1219,2438,524.21,Jul-2026,2026
14330,2025-10-15,iPhone 16,128GB,Blue,India,Male,2,799,1598,314.82,Oct-2025,2025
14331,2025-04-15,iPhone 16 Plus,256GB,Blue,India,Male,1,1019,1019,195.38,Apr-2025,2025
14332,2025-08-16,iPhone 16 Pro Max,256GB,Green,India,Female,3,1309,3927,904.23,Aug-2025,2025
14333,2025-09-04,iPhone 14,512GB,Green,USA,Female,2,869,1738,306.3,Sep-2025,2025
14334,2026-05-09,iPhone 16 Pro Max,256GB,Natural Titanium,India,Male,3,1279,3837,876.23,May-2026,2026
14335,2025-03-24,iPhone 16 Pro Max,128GB,Purple,USA,Male,3,1219,3657,852.79,Mar-2025,2025
14336,2025-07-05,iPhone 13,128GB,Green,India,Male,2,569,1138,184.19,Jul-2025,2025
14337,2025-09-09,iPhone 15 Pro,1TB,Blue,India,Female,1,1279,1279,275.69,Sep-2025,2025
14338,2025-12-21,iPhone 16 Pro,128GB,Green,India,Female,4,1099,4396,969.26,Dec-2025,2025
14339,2025-07-29,iPhone 16,256GB,Green,Australia,Female,1,899,899,160.17,Jul-2025,2025
14340,2026-03-23,iPhone 16 Pro,512GB,Pink,India,Male,5,1269,6345,1393.88,Mar-2026,2026
14341,2026-04-05,iPhone 16 Plus,256GB,Pink,UAE,Male,1,999,999,204.46,Apr-2026,2026
14342,2026-04-17,iPhone 15 Pro Max,128GB,White,India,Male,1,1199,1199,271.51,Apr-2026,2026
14343,2026-01-05,iPhone 13,128GB,Black,USA,Female,3,609,1827,305.58,Jan-2026,2026
14344,2026-05-07,iPhone 16,128GB,Natural Titanium,India,Female,3,799,2397,466.71,May-2026,2026
14345,2025-05-17,iPhone 13,128GB,Natural Titanium,UAE,Female,3,609,1827,285.49,May-2025,2025
14346,2026-01-02,iPhone 16,1TB,Black,Australia,Female,1,1099,1099,190.1,Jan-2026,2026
14347,2025-07-03,iPhone 16 Pro,256GB,Green,India,Male,3,1199,3597,801.51,Jul-2025,2025
14348,2026-08-11,iPhone 16,256GB,White,India,Male,2,899,1798,339.58,Aug-2026,2026
14349,2025-10-14,iPhone 16 Pro Max,128GB,White,UAE,Male,1,1219,1219,288.66,Oct-2025,2025
14350,2026-04-17,iPhone 15 Pro Max,128GB,Purple,India,Male,4,1199,4796,1071.92,Apr-2026,2026
14351,2026-01-10,iPhone 16 Plus,128GB,Natural Titanium,UK,Male,2,879,1758,329.77,Jan-2026,2026
14352,2026-06-21,iPhone 16,128GB,Pink,India,Male,1,799,799,142.66,Jun-2026,2026
14353,2026-05-26,iPhone 16 Pro Max,128GB,White,UK,Female,2,1199,2398,539.28,May-2026,2026
14354,2026-08-02,iPhone 16 Plus,128GB,Blue,USA,Female,2,879,1758,333.76,Aug-2026,2026
14355,2025-09-07,iPhone 15,128GB,Purple,India,Female,4,809,3236,565.53,Sep-2025,2025
14356,2026-05-25,iPhone 16 Pro Max,128GB,Natural Titanium,UK,Male,1,1199,1199,280.0,May-2026,2026
14357,2025-03-14,iPhone 16,1TB,Green,USA,Male,3,1079,3237,619.83,Mar-2025,2025
14358,2025-10-09,iPhone 13,128GB,Blue,India,Female,3,579,1737,282.66,Oct-2025,2025
14359,2025-12-26,iPhone 16,256GB,Black,India,Female,1,919,919,154.33,Dec-2025,2025
14360,2025-01-10,iPhone 16 Pro,128GB,Natural Titanium,USA,Female,1,1069,1069,249.46,Jan-2025,2025
14361,2025-07-30,iPhone 16,128GB,Pink,India,Female,2,779,1558,297.55,Jul-2025,2025
14362,2025-06-01,iPhone 15 Pro,128GB,Blue,Singapore,Female,3,1009,3027,630.27,Jun-2025,2025
14363,2025-01-05,iPhone 16 Pro,256GB,Green,UAE,Male,2,1209,2418,539.75,Jan-2025,2025
14364,2025-07-14,iPhone 16 Pro,128GB,Blue,India,Male,3,1109,3327,739.58,Jul-2025,2025
14365,2025-10-10,iPhone 16,128GB,Blue,Canada,Male,2,799,1598,289.87,Oct-2025,2025
14366,2026-04-09,iPhone 15,512GB,White,India,Female,2,999,1998,359.05,Apr-2026,2026
14367,2025-04-23,iPhone 15,128GB,Pink,UK,Male,1,799,799,136.62,Apr-2025,2025
14368,2025-09-28,iPhone 16 Plus,128GB,Black,India,Female,1,879,879,161.98,Sep-2025,2025
14369,2025-06-12,iPhone 16 Pro,128GB,Green,UAE,Female,2,1119,2238,498.64,Jun-2025,2025
14370,2026-04-05,iPhone 15,128GB,Purple,UAE,Male,3,809,2427,426.41,Apr-2026,2026
14371,2025-04-15,iPhone 15 Pro,256GB,Purple,USA,Female,2,1079,2158,459.84,Apr-2025,2025
14372,2026-07-10,iPhone 14,256GB,Green,India,Male,2,799,1598,260.56,Jul-2026,2026
14373,2025-10-09,iPhone 16 Plus,128GB,Black,India,Female,2,899,1798,356.11,Oct-2025,2025
14374,2025-06-11,iPhone 13,128GB,Green,USA,Female,1,609,609,89.62,Jun-2025,2025
14375,2025-12-17,iPhone 13,256GB,White,India,Male,2,679,1358,244.82,Dec-2025,2025
14376,2026-03-10,iPhone 13,128GB,Purple,India,Male,1,599,599,105.6,Mar-2026,2026
14377,2025-05-20,iPhone 16,512GB,Natural Titanium,UAE,Male,2,969,1938,365.92,May-2025,2025
14378,2026-04-16,iPhone 15 Pro Max,128GB,Purple,Australia,Female,2,1199,2398,516.15,Apr-2026,2026
14379,2025-05-12,iPhone 15 Pro,256GB,Natural Titanium,India,Male,3,1079,3237,686.02,May-2025,2025
14380,2025-03-28,iPhone 16 Pro Max,512GB,Blue,India,Female,1,1409,1409,336.24,Mar-2025,2025
14381,2025-07-02,iPhone 15,256GB,White,Australia,Male,1,899,899,169.29,Jul-2025,2025
14382,2026-01-03,iPhone 15 Pro,128GB,Purple,Germany,Female,1,999,999,202.85,Jan-2026,2026
14383,2025-05-09,iPhone 16 Pro Max,256GB,White,USA,Female,3,1299,3897,913.43,May-2025,2025
14384,2025-09-03,iPhone 15 Pro Max,256GB,White,India,Female,1,1299,1299,289.27,Sep-2025,2025
14385,2026-08-24,iPhone 16,256GB,Black,UAE,Male,1,879,879,159.2,Aug-2026,2026
14386,2026-08-01,iPhone 14,128GB,Purple,Canada,Female,5,699,3495,620.74,Aug-2026,2026
14387,2026-01-13,iPhone 16 Pro,256GB,Natural Titanium,India,Male,2,1219,2438,544.19,Jan-2026,2026
14388,2025-05-29,iPhone 15 Pro Max,128GB,Pink,UK,Male,1,1199,1199,268.67,May-2025,2025
14389,2026-03-09,iPhone 16 Pro,128GB,Natural Titanium,UK,Male,2,1069,2138,464.56,Mar-2026,2026
14390,2026-04-14,iPhone 15,256GB,Black,India,Male,2,879,1758,316.02,Apr-2026,2026
14391,2026-03-22,iPhone 15 Pro Max,128GB,Black,UAE,Female,2,1209,2418,522.2,Mar-2026,2026
14392,2026-04-26,iPhone 16 Pro,256GB,White,USA,Male,2,1179,2358,520.98,Apr-2026,2026
14393,2025-10-21,iPhone 16 Pro Max,512GB,Pink,UAE,Female,1,1399,1399,328.35,Oct-2025,2025
14394,2025-05-23,iPhone 13,512GB,Black,USA,Male,1,809,809,106.25,May-2025,2025
14395,2025-09-07,iPhone 16 Pro,256GB,Pink,India,Male,1,1219,1219,252.71,Sep-2025,2025
14396,2025-10-29,iPhone 15 Pro,128GB,Purple,UK,Male,1,979,979,194.66,Oct-2025,2025
14397,2025-01-25,iPhone 16,128GB,White,UAE,Male,2,809,1618,289.36,Jan-2025,2025
14398,2025-03-11,iPhone 15 Pro,128GB,Black,Singapore,Male,1,979,979,195.67,Mar-2025,2025
14399,2025-04-22,iPhone 16,128GB,Pink,USA,Female,2,819,1638,328.91,Apr-2025,2025
14400,2025-12-30,iPhone 15 Pro,128GB,Green,India,Female,2,969,1938,420.68,Dec-2025,2025
14401,2025-10-30,iPhone 15 Pro,256GB,Natural Titanium,Singapore,Male,1,1069,1069,217.04,Oct-2025,2025
14402,2026-04-16,iPhone 13,128GB,Black,UK,Male,1,569,569,97.67,Apr-2026,2026
14403,2025-04-01,iPhone 14,128GB,Black,Germany,Male,1,679,679,101.62,Apr-2025,2025
14404,2026-06-14,iPhone 16 Pro Max,256GB,Black,India,Female,1,1309,1309,324.54,Jun-2026,2026
14405,2025-07-11,iPhone 16 Pro Max,128GB,Pink,India,Female,2,1169,2338,535.38,Jul-2025,2025
14406,2026-07-06,iPhone 16 Pro,128GB,Blue,India,Female,3,1099,3297,701.06,Jul-2026,2026
14407,2025-08-30,iPhone 15,128GB,Purple,Australia,Male,2,799,1598,314.43,Aug-2025,2025
14408,2025-05-18,iPhone 15 Pro,256GB,Natural Titanium,Australia,Male,2,1069,2138,445.38,May-2025,2025
14409,2025-12-11,iPhone 16 Plus,256GB,Black,USA,Male,1,969,969,208.52,Dec-2025,2025
14410,2025-06-29,iPhone 16 Pro Max,256GB,Green,India,Female,2,1299,2598,608.55,Jun-2025,2025
14411,2026-05-18,iPhone 15 Pro Max,128GB,Green,India,Male,2,1199,2398,531.11,May-2026,2026
14412,2025-07-22,iPhone 16 Pro,256GB,White,UK,Female,1,1199,1199,241.75,Jul-2025,2025
14413,2026-07-27,iPhone 16 Pro Max,256GB,Blue,USA,Male,4,1269,5076,1168.79,Jul-2026,2026
14414,2025-07-11,iPhone 16 Pro,128GB,Blue,UAE,Male,1,1119,1119,227.46,Jul-2025,2025
14415,2025-01-05,iPhone 15,128GB,Pink,India,Male,2,799,1598,283.66,Jan-2025,2025
14416,2025-08-25,iPhone 13,256GB,White,USA,Female,2,709,1418,228.82,Aug-2025,2025
14417,2025-11-07,iPhone 15 Pro Max,128GB,Natural Titanium,India,Male,3,1199,3597,807.29,Nov-2025,2025
14418,2026-07-03,iPhone 16,256GB,Pink,UK,Female,4,899,3596,676.0,Jul-2026,2026
14419,2025-02-25,iPhone 15,128GB,White,USA,Male,4,799,3196,601.12,Feb-2025,2025
14420,2026-03-19,iPhone 15,256GB,Purple,Germany,Male,2,869,1738,294.41,Mar-2026,2026
14421,2025-08-25,iPhone 16 Pro,128GB,Blue,UK,Male,2,1069,2138,460.58,Aug-2025,2025
14422,2025-07-16,iPhone 15 Pro Max,128GB,Natural Titanium,USA,Female,1,1169,1169,259.32,Jul-2025,2025
14423,2026-08-08,iPhone 15 Pro,128GB,Purple,India,Male,2,999,1998,391.67,Aug-2026,2026
14424,2026-07-25,iPhone 16,512GB,Natural Titanium,Germany,Male,4,999,3996,745.08,Jul-2026,2026
14425,2026-05-29,iPhone 16,512GB,Pink,India,Male,1,1019,1019,199.21,May-2026,2026
14426,2026-03-25,iPhone 16 Pro,256GB,White,India,Male,1,1179,1179,270.57,Mar-2026,2026
14427,2025-12-26,iPhone 15,256GB,Blue,Germany,Female,1,909,909,151.92,Dec-2025,2025
14428,2025-01-30,iPhone 16 Plus,128GB,Blue,UK,Male,1,879,879,160.67,Jan-2025,2025
14429,2025-04-18,iPhone 16,256GB,Natural Titanium,USA,Female,1,919,919,180.66,Apr-2025,2025
14430,2026-08-25,iPhone 13,128GB,Natural Titanium,India,Female,1,609,609,76.66,Aug-2026,2026
14431,2026-03-21,iPhone 16 Pro,128GB,Natural Titanium,Australia,Female,1,1079,1079,235.2,Mar-2026,2026
14432,2026-03-14,iPhone 15 Pro,128GB,Black,India,Male,1,979,979,202.77,Mar-2026,2026
14433,2026-08-29,iPhone 15 Pro,128GB,Pink,India,Male,1,979,979,226.77,Aug-2026,2026
14434,2026-04-02,iPhone 15 Pro Max,128GB,Black,India,Female,3,1179,3537,784.56,Apr-2026,2026
14435,2026-05-10,iPhone 15 Pro,128GB,Natural Titanium,India,Female,2,999,1998,419.81,May-2026,2026
14436,2025-09-04,iPhone 15 Pro,128GB,Natural Titanium,Singapore,Male,2,1009,2018,433.0,Sep-2025,2025
14437,2026-06-27,iPhone 16 Pro,256GB,Blue,UK,Male,2,1219,2438,539.01,Jun-2026,2026
14438,2026-07-18,iPhone 14,128GB,Pink,UK,Female,1,679,679,104.24,Jul-2026,2026
14439,2026-08-11,iPhone 16 Pro Max,128GB,Pink,Singapore,Male,3,1179,3537,822.14,Aug-2026,2026
14440,2026-03-15,iPhone 16,512GB,Purple,India,Female,4,1019,4076,784.74,Mar-2026,2026
14441,2025-10-05,iPhone 15,128GB,Green,India,Male,1,769,769,134.58,Oct-2025,2025
14442,2026-07-06,iPhone 14,512GB,White,UK,Male,1,899,899,155.23,Jul-2026,2026
14443,2025-04-21,iPhone 16,256GB,Green,USA,Male,2,899,1798,365.05,Apr-2025,2025
14444,2026-01-20,iPhone 16,128GB,Green,USA,Male,1,769,769,148.6,Jan-2026,2026
14445,2025-07-10,iPhone 13,128GB,Natural Titanium,India,Male,4,619,2476,393.7,Jul-2025,2025
14446,2026-05-05,iPhone 15,128GB,Blue,USA,Female,2,799,1598,275.58,May-2026,2026
14447,2026-03-02,iPhone 16 Pro,128GB,Purple,India,Female,1,1079,1079,226.59,Mar-2026,2026
14448,2026-02-09,iPhone 13,128GB,White,India,Female,1,609,609,98.59,Feb-2026,2026
14449,2025-12-01,iPhone 16 Pro,128GB,Natural Titanium,India,Female,2,1099,2198,476.03,Dec-2025,2025
14450,2025-07-28,iPhone 16,128GB,Natural Titanium,India,Male,1,799,799,158.99,Jul-2025,2025
14451,2025-01-22,iPhone 15 Pro Max,256GB,Green,India,Male,3,1299,3897,852.29,Jan-2025,2025
14452,2025-07-27,iPhone 15 Pro,128GB,Green,India,Female,1,1009,1009,246.32,Jul-2025,2025
14453,2025-01-08,iPhone 13,256GB,Pink,Singapore,Male,5,669,3345,537.98,Jan-2025,2025
14454,2026-06-13,iPhone 16 Pro,128GB,Blue,Germany,Male,1,1099,1099,222.83,Jun-2026,2026
14455,2026-08-25,iPhone 14,256GB,Green,UK,Female,2,809,1618,277.33,Aug-2026,2026
14456,2025-06-15,iPhone 15 Pro,128GB,White,Singapore,Male,1,969,969,199.05,Jun-2025,2025
14457,2026-05-11,iPhone 16,256GB,Black,Singapore,Female,1,879,879,175.62,May-2026,2026
14458,2026-08-13,iPhone 15,128GB,Natural Titanium,India,Female,2,769,1538,276.9,Aug-2026,2026
14459,2026-03-05,iPhone 15 Pro Max,256GB,Black,USA,Male,1,1299,1299,290.76,Mar-2026,2026
14460,2025-06-12,iPhone 16 Pro,128GB,Blue,Singapore,Male,1,1069,1069,267.73,Jun-2025,2025
14461,2026-01-01,iPhone 15 Pro Max,128GB,Black,UK,Female,1,1169,1169,254.63,Jan-2026,2026
14462,2026-06-10,iPhone 16 Pro Max,128GB,Pink,India,Male,2,1179,2358,551.17,Jun-2026,2026
14463,2025-08-27,iPhone 16 Pro,128GB,Pink,UAE,Male,2,1079,2158,488.05,Aug-2025,2025
14464,2025-03-13,iPhone 15 Pro,128GB,White,India,Male,3,969,2907,614.21,Mar-2025,2025
14465,2026-03-21,iPhone 15 Pro,128GB,Purple,India,Female,1,1009,1009,192.55,Mar-2026,2026
14466,2026-05-24,iPhone 15 Pro Max,128GB,Blue,India,Female,1,1179,1179,268.71,May-2026,2026
14467,2025-09-26,iPhone 16,128GB,Blue,India,Female,1,799,799,127.92,Sep-2025,2025
14468,2026-02-19,iPhone 15,256GB,Natural Titanium,India,Female,3,909,2727,511.35,Feb-2026,2026
14469,2025-09-02,iPhone 16 Pro Max,1TB,Black,Australia,Female,3,1519,4557,1032.46,Sep-2025,2025
14470,2025-03-01,iPhone 16,128GB,Green,India,Male,2,769,1538,315.77,Mar-2025,2025
14471,2025-01-06,iPhone 15 Pro,256GB,Green,India,Female,3,1119,3357,705.98,Jan-2025,2025
14472,2026-07-24,iPhone 16,256GB,Purple,India,Male,3,899,2697,522.92,Jul-2026,2026
14473,2026-02-11,iPhone 15 Pro,128GB,Natural Titanium,USA,Male,1,999,999,215.92,Feb-2026,2026
14474,2025-08-05,iPhone 16 Pro,128GB,Green,Singapore,Female,1,1109,1109,255.64,Aug-2025,2025
14475,2025-01-26,iPhone 16,128GB,Purple,India,Male,1,769,769,122.46,Jan-2025,2025
14476,2025-01-05,iPhone 13,512GB,Natural Titanium,India,Female,1,799,799,120.12,Jan-2025,2025
14477,2026-06-16,iPhone 15,128GB,White,USA,Male,2,819,1638,299.73,Jun-2026,2026
14478,2026-01-25,iPhone 16 Pro,256GB,Blue,UK,Female,2,1219,2438,536.99,Jan-2026,2026
14479,2026-07-25,iPhone 16,256GB,Black,India,Male,2,879,1758,329.2,Jul-2026,2026
14480,2026-03-24,iPhone 16 Pro Max,128GB,White,India,Male,1,1179,1179,273.47,Mar-2026,2026
14481,2025-05-26,iPhone 14,128GB,Pink,USA,Male,3,709,2127,358.94,May-2025,2025
14482,2026-01-23,iPhone 15 Pro,256GB,Pink,India,Male,1,1079,1079,253.09,Jan-2026,2026
14483,2025-09-06,iPhone 15,128GB,Pink,Germany,Male,1,799,799,159.93,Sep-2025,2025
14484,2026-06-10,iPhone 16,128GB,Purple,India,Female,5,769,3845,748.36,Jun-2026,2026
14485,2026-04-07,iPhone 15 Pro,128GB,Purple,India,Female,1,999,999,231.48,Apr-2026,2026
14486,2025-01-13,iPhone 15,1TB,Natural Titanium,Canada,Male,1,1099,1099,203.71,Jan-2025,2025
14487,2026-01-19,iPhone 16,128GB,Blue,Australia,Male,2,809,1618,296.21,Jan-2026,2026
14488,2026-07-10,iPhone 16,256GB,Pink,India,Male,3,909,2727,514.78,Jul-2026,2026
14489,2026-02-03,iPhone 15,128GB,Purple,Singapore,Male,1,799,799,148.05,Feb-2026,2026
14490,2025-01-19,iPhone 15 Pro Max,128GB,Natural Titanium,UAE,Female,2,1179,2358,520.58,Jan-2025,2025
14491,2026-07-29,iPhone 16 Plus,512GB,Purple,India,Male,4,1109,4436,826.93,Jul-2026,2026
14492,2026-05-06,iPhone 15,256GB,Green,USA,Female,1,899,899,166.1,May-2026,2026
14493,2026-02-23,iPhone 15 Pro,128GB,Purple,India,Male,1,1009,1009,198.45,Feb-2026,2026
14494,2025-12-03,iPhone 15 Pro,256GB,Pink,India,Female,2,1079,2158,476.49,Dec-2025,2025
14495,2026-02-23,iPhone 16 Plus,128GB,White,India,Female,1,869,869,174.46,Feb-2026,2026
14496,2025-05-02,iPhone 16 Pro,256GB,Pink,UK,Male,1,1199,1199,261.5,May-2025,2025
14497,2026-03-08,iPhone 15 Pro,128GB,Natural Titanium,Canada,Female,4,1009,4036,848.33,Mar-2026,2026
14498,2025-02-13,iPhone 15 Pro,256GB,Natural Titanium,India,Female,2,1069,2138,469.69,Feb-2025,2025
14499,2025-11-13,iPhone 16 Pro,256GB,Natural Titanium,India,Female,1,1169,1169,239.24,Nov-2025,2025
14500,2026-01-16,iPhone 16 Pro Max,128GB,Green,USA,Male,1,1219,1219,274.61,Jan-2026,2026
14501,2025-05-25,iPhone 16 Plus,512GB,Pink,UK,Female,2,1099,2198,424.02,May-2025,2025
14502,2025-11-23,iPhone 16 Pro Max,1TB,Black,UAE,Female,2,1479,2958,655.66,Nov-2025,2025
14503,2025-12-29,iPhone 16,128GB,Green,India,Male,2,799,1598,301.94,Dec-2025,2025
14504,2025-02-19,iPhone 16 Plus,512GB,Blue,UK,Male,3,1119,3357,632.5,Feb-2025,2025
14505,2025-03-06,iPhone 15 Pro,256GB,Pink,USA,Male,2,1079,2158,482.81,Mar-2025,2025
14506,2025-12-21,iPhone 15 Pro Max,256GB,Purple,UAE,Male,5,1319,6595,1449.28,Dec-2025,2025
14507,2025-06-13,iPhone 14,1TB,White,India,Female,4,969,3876,646.54,Jun-2025,2025
14508,2025-05-21,iPhone 16 Pro,128GB,Pink,India,Male,1,1109,1109,233.36,May-2025,2025
14509,2025-05-08,iPhone 16 Pro Max,256GB,White,USA,Female,1,1279,1279,261.86,May-2025,2025
14510,2026-02-02,iPhone 16,512GB,Natural Titanium,Australia,Male,1,979,979,206.24,Feb-2026,2026
14511,2026-04-08,iPhone 15 Pro,128GB,Natural Titanium,UK,Male,1,969,969,204.79,Apr-2026,2026
14512,2025-07-06,iPhone 15,128GB,Black,Singapore,Female,1,799,799,141.73,Jul-2025,2025
14513,2025-07-09,iPhone 15,128GB,Blue,India,Male,1,769,769,149.71,Jul-2025,2025
14514,2026-01-23,iPhone 15,256GB,Purple,USA,Female,1,919,919,172.0,Jan-2026,2026
14515,2026-03-05,iPhone 16,256GB,Green,USA,Female,1,869,869,165.3,Mar-2026,2026
14516,2025-10-11,iPhone 16 Pro Max,128GB,Green,UK,Female,1,1179,1179,259.15,Oct-2025,2025
14517,2025-08-25,iPhone 13,128GB,Blue,Canada,Female,1,569,569,84.54,Aug-2025,2025
14518,2025-07-13,iPhone 13,128GB,Black,Australia,Female,2,599,1198,193.17,Jul-2025,2025
14519,2025-10-14,iPhone 16,128GB,Black,UAE,Female,1,769,769,154.14,Oct-2025,2025
14520,2025-05-16,iPhone 15,256GB,Natural Titanium,UK,Male,4,909,3636,638.49,May-2025,2025
14521,2025-06-20,iPhone 16 Pro,128GB,Pink,Germany,Female,1,1069,1069,234.15,Jun-2025,2025
14522,2025-06-08,iPhone 15 Pro,256GB,Black,USA,Female,4,1069,4276,913.48,Jun-2025,2025
14523,2025-07-20,iPhone 15,256GB,Pink,Australia,Male,1,909,909,148.74,Jul-2025,2025
14524,2026-05-02,iPhone 15,512GB,White,Germany,Male,2,999,1998,368.57,May-2026,2026
14525,2026-07-11,iPhone 14,128GB,Blue,USA,Female,1,699,699,103.23,Jul-2026,2026
14526,2026-08-06,iPhone 16,1TB,White,UAE,Female,3,1099,3297,620.04,Aug-2026,2026
14527,2026-05-19,iPhone 15,128GB,White,India,Male,1,799,799,120.06,May-2026,2026
14528,2026-01-06,iPhone 15 Pro Max,256GB,White,India,Female,4,1309,5236,1155.54,Jan-2026,2026
14529,2025-04-13,iPhone 15 Pro Max,256GB,White,UK,Female,1,1299,1299,276.54,Apr-2025,2025
14530,2025-05-05,iPhone 13,128GB,Green,India,Female,1,599,599,71.88,May-2025,2025
14531,2025-11-09,iPhone 13,128GB,Black,USA,Male,1,619,619,100.7,Nov-2025,2025
14532,2026-04-03,iPhone 16,128GB,Blue,Australia,Male,3,799,2397,468.15,Apr-2026,2026
14533,2025-08-18,iPhone 16 Plus,256GB,Blue,India,Female,4,1009,4036,771.75,Aug-2025,2025
14534,2025-07-16,iPhone 16 Pro Max,128GB,Purple,India,Female,1,1179,1179,275.49,Jul-2025,2025
14535,2026-02-27,iPhone 15,1TB,White,UK,Male,3,1079,3237,592.07,Feb-2026,2026
14536,2026-07-26,iPhone 14,128GB,Blue,India,Male,2,699,1398,229.03,Jul-2026,2026
14537,2025-06-20,iPhone 13,1TB,Natural Titanium,USA,Male,2,899,1798,288.99,Jun-2025,2025
14538,2026-01-17,iPhone 15 Pro Max,128GB,Pink,USA,Male,2,1199,2398,553.95,Jan-2026,2026
14539,2025-06-22,iPhone 16,128GB,Blue,India,Female,1,799,799,153.57,Jun-2025,2025
14540,2026-03-29,iPhone 16 Pro,128GB,Natural Titanium,India,Female,1,1099,1099,231.75,Mar-2026,2026
14541,2025-12-16,iPhone 16 Plus,512GB,White,Germany,Female,3,1069,3207,613.52,Dec-2025,2025
14542,2026-05-09,iPhone 15,256GB,Blue,India,Male,1,909,909,159.05,May-2026,2026
14543,2025-01-04,iPhone 15 Pro Max,128GB,Black,USA,Male,3,1199,3597,790.89,Jan-2025,2025
14544,2025-04-03,iPhone 16 Pro Max,128GB,White,Singapore,Male,3,1219,3657,850.04,Apr-2025,2025
14545,2025-01-06,iPhone 15 Pro,128GB,Green,Canada,Female,3,999,2997,622.91,Jan-2025,2025
14546,2025-10-15,iPhone 15 Pro Max,256GB,Natural Titanium,India,Male,1,1299,1299,251.51,Oct-2025,2025
14547,2025-05-26,iPhone 16 Pro Max,128GB,Black,USA,Female,1,1209,1209,275.99,May-2025,2025
14548,2026-02-28,iPhone 16 Plus,256GB,Blue,UAE,Male,1,969,969,190.02,Feb-2026,2026
14549,2026-08-31,iPhone 16 Plus,256GB,Green,UAE,Male,5,979,4895,951.03,Aug-2026,2026
14550,2026-04-02,iPhone 15,512GB,Purple,Canada,Male,1,1009,1009,194.47,Apr-2026,2026
14551,2025-07-21,iPhone 15 Pro Max,256GB,Black,USA,Female,1,1269,1269,275.18,Jul-2025,2025
14552,2025-07-31,iPhone 14,128GB,Purple,India,Male,1,699,699,124.59,Jul-2025,2025
14553,2025-01-06,iPhone 16,1TB,Pink,USA,Male,1,1099,1099,205.86,Jan-2025,2025
14554,2026-01-11,iPhone 14,128GB,Black,UK,Female,1,699,699,129.45,Jan-2026,2026
14555,2026-03-23,iPhone 16 Pro,128GB,Green,UK,Female,1,1079,1079,235.48,Mar-2026,2026
14556,2025-04-16,iPhone 16 Pro,512GB,Purple,India,Male,1,1299,1299,294.83,Apr-2025,2025
14557,2026-02-05,iPhone 16,128GB,Pink,India,Male,5,769,3845,750.57,Feb-2026,2026
14558,2025-04-06,iPhone 14,128GB,Purple,Singapore,Male,2,699,1398,268.23,Apr-2025,2025
14559,2026-01-23,iPhone 13,128GB,Blue,India,Female,2,599,1198,173.79,Jan-2026,2026
14560,2026-03-28,iPhone 16 Pro,128GB,White,India,Female,1,1079,1079,215.85,Mar-2026,2026
14561,2026-02-20,iPhone 16,128GB,Purple,Canada,Male,3,769,2307,427.09,Feb-2026,2026
14562,2026-05-19,iPhone 16 Plus,128GB,Blue,USA,Female,4,879,3516,667.36,May-2026,2026
14563,2026-03-30,iPhone 15 Pro,128GB,White,India,Male,5,969,4845,1011.12,Mar-2026,2026
14564,2025-10-18,iPhone 15 Pro Max,512GB,White,USA,Male,1,1409,1409,324.96,Oct-2025,2025
14565,2026-06-18,iPhone 16 Plus,256GB,Green,UK,Female,3,1009,3027,565.62,Jun-2026,2026
14566,2025-07-12,iPhone 15 Pro Max,256GB,Natural Titanium,USA,Male,1,1299,1299,272.42,Jul-2025,2025
14567,2025-05-30,iPhone 16,256GB,Pink,Germany,Female,1,879,879,183.06,May-2025,2025
14568,2026-05-30,iPhone 16 Pro,512GB,Natural Titanium,India,Female,1,1309,1309,294.51,May-2026,2026
14569,2026-01-28,iPhone 15,512GB,Pink,UAE,Male,2,1019,2038,370.41,Jan-2026,2026
14570,2025-11-12,iPhone 13,512GB,Black,India,Male,2,799,1598,242.32,Nov-2025,2025
14571,2025-03-17,iPhone 16,512GB,Blue,USA,Male,1,999,999,202.68,Mar-2025,2025
14572,2026-08-22,iPhone 13,128GB,Green,UAE,Female,3,609,1827,289.56,Aug-2026,2026
14573,2025-09-27,iPhone 16 Pro,256GB,Purple,India,Male,1,1179,1179,261.0,Sep-2025,2025
14574,2025-08-13,iPhone 16 Plus,256GB,Blue,UK,Male,1,999,999,193.9,Aug-2025,2025
14575,2026-06-14,iPhone 16 Pro,256GB,Purple,India,Male,1,1199,1199,280.41,Jun-2026,2026
14576,2025-04-23,iPhone 16,128GB,Natural Titanium,India,Female,2,799,1598,308.95,Apr-2025,2025
14577,2025-09-08,iPhone 13,128GB,Purple,USA,Male,1,599,599,87.62,Sep-2025,2025
14578,2025-08-21,iPhone 15,128GB,Natural Titanium,UAE,Male,1,769,769,138.34,Aug-2025,2025
14579,2025-03-24,iPhone 16 Pro,512GB,Natural Titanium,India,Female,5,1309,6545,1448.05,Mar-2025,2025
14580,2025-05-05,iPhone 15,256GB,Purple,Germany,Male,3,879,2637,495.04,May-2025,2025
14581,2025-06-24,iPhone 16 Plus,128GB,Black,India,Male,1,899,899,165.94,Jun-2025,2025
14582,2025-03-10,iPhone 16 Pro,128GB,Natural Titanium,India,Female,2,1109,2218,482.04,Mar-2025,2025
14583,2025-02-16,iPhone 15 Pro,256GB,Black,India,Female,1,1099,1099,239.94,Feb-2025,2025
14584,2025-09-13,iPhone 15 Pro,128GB,Green,India,Male,2,979,1958,400.58,Sep-2025,2025
14585,2025-01-30,iPhone 16,128GB,Black,India,Male,1,779,779,140.43,Jan-2025,2025
14586,2025-10-08,iPhone 16 Pro,128GB,Green,Canada,Male,1,1109,1109,244.29,Oct-2025,2025
14587,2025-08-25,iPhone 15,128GB,Black,USA,Male,1,809,809,150.86,Aug-2025,2025
14588,2025-09-05,iPhone 16 Pro Max,128GB,Pink,USA,Female,1,1209,1209,290.3,Sep-2025,2025
14589,2026-01-03,iPhone 16,256GB,Green,Singapore,Female,2,869,1738,332.19,Jan-2026,2026
14590,2026-05-10,iPhone 16 Pro Max,128GB,Pink,India,Female,4,1169,4676,1076.53,May-2026,2026
14591,2025-01-25,iPhone 14,128GB,Natural Titanium,India,Male,5,679,3395,584.02,Jan-2025,2025
14592,2026-08-09,iPhone 14,256GB,Pink,India,Female,4,809,3236,531.73,Aug-2026,2026
14593,2026-05-05,iPhone 16 Pro,256GB,Green,India,Male,5,1219,6095,1341.85,May-2026,2026
14594,2026-05-09,iPhone 16 Pro,128GB,Blue,USA,Female,1,1119,1119,265.54,May-2026,2026
14595,2025-11-10,iPhone 15 Pro Max,256GB,Natural Titanium,India,Male,2,1269,2538,567.75,Nov-2025,2025
14596,2026-08-29,iPhone 16 Plus,1TB,Natural Titanium,USA,Female,1,1179,1179,223.7,Aug-2026,2026
14597,2026-01-10,iPhone 16 Pro,512GB,White,UAE,Male,3,1299,3897,866.17,Jan-2026,2026
14598,2025-01-25,iPhone 13,256GB,Black,Canada,Male,3,719,2157,330.32,Jan-2025,2025
14599,2025-11-30,iPhone 16,256GB,Purple,UAE,Female,1,909,909,177.91,Nov-2025,2025
14600,2025-12-21,iPhone 16 Pro,128GB,Black,India,Male,1,1069,1069,234.77,Dec-2025,2025
14601,2025-04-26,iPhone 15 Pro,256GB,Purple,India,Female,1,1079,1079,227.83,Apr-2025,2025
14602,2025-02-17,iPhone 15 Pro,256GB,Blue,USA,Female,1,1109,1109,228.46,Feb-2025,2025
14603,2025-04-09,iPhone 16 Pro,128GB,White,India,Female,5,1079,5395,1203.74,Apr-2025,2025
14604,2026-04-04,iPhone 15 Pro,128GB,Blue,India,Female,3,999,2997,623.44,Apr-2026,2026
14605,2026-06-07,iPhone 13,256GB,White,USA,Male,1,719,719,102.26,Jun-2026,2026
14606,2026-08-20,iPhone 16 Pro Max,1TB,Green,India,Male,1,1479,1479,322.4,Aug-2026,2026
14607,2026-02-09,iPhone 16,128GB,Green,UAE,Female,1,779,779,122.16,Feb-2026,2026
14608,2025-08-02,iPhone 16 Pro,128GB,Purple,India,Male,5,1099,5495,1211.52,Aug-2025,2025
14609,2026-05-18,iPhone 16 Pro,256GB,Pink,Singapore,Female,4,1199,4796,1045.72,May-2026,2026
14610,2026-03-24,iPhone 13,128GB,Pink,UAE,Male,2,609,1218,179.25,Mar-2026,2026
14611,2026-07-30,iPhone 15,256GB,Purple,India,Male,2,899,1798,320.48,Jul-2026,2026
14612,2025-09-15,iPhone 15 Pro,128GB,Green,USA,Male,2,1019,2038,436.18,Sep-2025,2025
14613,2025-05-01,iPhone 15 Pro,128GB,Purple,UK,Female,1,999,999,208.6,May-2025,2025
14614,2025-02-23,iPhone 16,256GB,Pink,UAE,Male,4,919,3676,700.05,Feb-2025,2025
14615,2025-11-27,iPhone 16,128GB,Purple,USA,Male,2,809,1618,321.48,Nov-2025,2025
14616,2025-08-29,iPhone 15 Pro Max,128GB,Green,USA,Male,1,1219,1219,278.06,Aug-2025,2025
14617,2026-06-14,iPhone 15,128GB,Blue,India,Male,1,779,779,141.56,Jun-2026,2026
14618,2026-04-28,iPhone 15 Pro,128GB,Black,India,Male,2,969,1938,395.16,Apr-2026,2026
14619,2025-07-06,iPhone 16,256GB,Green,Germany,Male,1,909,909,166.15,Jul-2025,2025
14620,2025-09-19,iPhone 15 Pro Max,256GB,Purple,India,Female,2,1299,2598,571.9,Sep-2025,2025
14621,2025-12-30,iPhone 14,128GB,Green,India,Male,3,679,2037,354.9,Dec-2025,2025
14622,2026-05-06,iPhone 16,128GB,Green,India,Male,3,819,2457,470.92,May-2026,2026
14623,2026-03-07,iPhone 14,128GB,Pink,Australia,Female,2,699,1398,230.24,Mar-2026,2026
14624,2025-08-27,iPhone 15 Pro,256GB,Purple,UK,Male,2,1079,2158,457.99,Aug-2025,2025
14625,2025-10-31,iPhone 16 Plus,128GB,Pink,Canada,Female,1,869,869,185.58,Oct-2025,2025
14626,2025-10-25,iPhone 13,512GB,Purple,Canada,Male,1,779,779,128.14,Oct-2025,2025
14627,2025-03-17,iPhone 16,256GB,Pink,Canada,Male,1,869,869,172.5,Mar-2025,2025
14628,2025-11-29,iPhone 15 Pro,256GB,Pink,USA,Male,4,1099,4396,919.0,Nov-2025,2025
14629,2026-04-19,iPhone 13,256GB,Blue,India,Male,4,699,2796,445.06,Apr-2026,2026
14630,2025-10-10,iPhone 15,512GB,Green,India,Female,1,979,979,155.97,Oct-2025,2025
14631,2026-08-14,iPhone 16 Pro Max,512GB,Blue,UK,Male,3,1409,4227,973.85,Aug-2026,2026
14632,2025-03-13,iPhone 16,256GB,Pink,India,Female,2,909,1818,312.31,Mar-2025,2025
14633,2025-09-20,iPhone 16 Pro Max,128GB,Blue,USA,Male,5,1209,6045,1372.08,Sep-2025,2025
14634,2026-07-29,iPhone 16,512GB,Natural Titanium,USA,Male,1,1019,1019,197.64,Jul-2026,2026
14635,2025-01-12,iPhone 16,128GB,Natural Titanium,UK,Female,2,819,1638,299.36,Jan-2025,2025
14636,2025-05-21,iPhone 15 Pro,512GB,Green,India,Female,2,1199,2398,479.8,May-2025,2025
14637,2026-07-09,iPhone 15 Pro,256GB,Green,India,Male,1,1069,1069,225.31,Jul-2026,2026
14638,2025-01-17,iPhone 15,512GB,Pink,UAE,Male,1,1019,1019,164.94,Jan-2025,2025
14639,2025-03-04,iPhone 15 Pro,512GB,Green,India,Female,1,1219,1219,268.61,Mar-2025,2025
14640,2025-09-10,iPhone 15 Pro Max,128GB,Blue,UK,Female,1,1199,1199,269.46,Sep-2025,2025
14641,2026-04-10,iPhone 15,256GB,White,USA,Male,1,879,879,180.15,Apr-2026,2026
14642,2026-01-11,iPhone 15,128GB,Green,Singapore,Female,2,819,1638,299.53,Jan-2026,2026
14643,2026-06-04,iPhone 15,128GB,Blue,Australia,Male,2,819,1638,317.48,Jun-2026,2026
14644,2025-03-31,iPhone 15 Pro Max,128GB,Natural Titanium,USA,Female,5,1169,5845,1274.3,Mar-2025,2025
14645,2025-06-24,iPhone 16,128GB,Natural Titanium,UK,Female,1,799,799,144.55,Jun-2025,2025
14646,2025-03-17,iPhone 16 Pro,256GB,Blue,India,Female,4,1199,4796,1058.63,Mar-2025,2025
14647,2026-02-04,iPhone 15,1TB,Natural Titanium,USA,Female,2,1099,2198,394.13,Feb-2026,2026
14648,2025-03-12,iPhone 15,256GB,Blue,UAE,Male,2,899,1798,325.38,Mar-2025,2025
14649,2025-06-29,iPhone 15 Pro,128GB,Green,UK,Male,2,999,1998,419.22,Jun-2025,2025
14650,2025-05-04,iPhone 16 Pro,512GB,White,USA,Male,2,1319,2638,577.88,May-2025,2025
14651,2026-01-16,iPhone 13,512GB,Pink,India,Male,1,819,819,119.79,Jan-2026,2026
14652,2025-10-20,iPhone 16 Plus,256GB,Pink,Canada,Male,3,1019,3057,572.03,Oct-2025,2025
14653,2025-07-14,iPhone 15 Pro Max,256GB,Green,India,Female,2,1269,2538,547.64,Jul-2025,2025
14654,2025-08-16,iPhone 15,512GB,Green,Canada,Male,5,1009,5045,896.32,Aug-2025,2025
14655,2026-03-07,iPhone 15 Pro,128GB,Natural Titanium,UK,Male,4,1009,4036,848.35,Mar-2026,2026
14656,2026-03-12,iPhone 15,512GB,Black,India,Male,2,969,1938,340.24,Mar-2026,2026
14657,2026-04-06,iPhone 16 Pro,512GB,Purple,India,Female,2,1279,2558,556.47,Apr-2026,2026
14658,2025-01-21,iPhone 15 Pro Max,512GB,White,India,Male,4,1399,5596,1247.92,Jan-2025,2025
14659,2025-03-05,iPhone 16,128GB,Blue,Australia,Male,5,779,3895,745.79,Mar-2025,2025
14660,2025-06-14,iPhone 16,512GB,Purple,Canada,Female,3,999,2997,579.14,Jun-2025,2025
14661,2025-01-27,iPhone 16,128GB,Blue,UK,Female,3,819,2457,480.29,Jan-2025,2025
14662,2025-11-07,iPhone 15 Pro Max,256GB,Purple,USA,Female,1,1299,1299,305.5,Nov-2025,2025
14663,2025-10-12,iPhone 13,512GB,Pink,UK,Female,3,819,2457,392.98,Oct-2025,2025
14664,2025-10-08,iPhone 15 Pro,128GB,Purple,USA,Male,1,1009,1009,215.18,Oct-2025,2025
14665,2025-06-13,iPhone 15,128GB,Green,UK,Female,2,809,1618,285.05,Jun-2025,2025
14666,2025-08-12,iPhone 16 Plus,512GB,White,India,Male,1,1099,1099,198.74,Aug-2025,2025
14667,2025-05-26,iPhone 13,512GB,Pink,Australia,Male,1,819,819,113.15,May-2025,2025
14668,2025-01-30,iPhone 16,512GB,Natural Titanium,UAE,Male,1,1009,1009,179.55,Jan-2025,2025
14669,2025-02-14,iPhone 15,128GB,Purple,India,Male,3,809,2427,430.57,Feb-2025,2025
14670,2026-04-16,iPhone 16 Pro Max,256GB,White,Australia,Male,3,1319,3957,912.51,Apr-2026,2026
14671,2025-02-03,iPhone 15 Pro,128GB,Green,USA,Male,2,999,1998,405.88,Feb-2025,2025
14672,2026-03-03,iPhone 15 Pro,256GB,Natural Titanium,India,Female,2,1099,2198,449.91,Mar-2026,2026
14673,2025-08-09,iPhone 16 Pro Max,128GB,Blue,India,Male,5,1219,6095,1376.74,Aug-2025,2025
14674,2026-06-18,iPhone 15 Pro Max,256GB,Natural Titanium,UAE,Female,1,1299,1299,277.54,Jun-2026,2026
14675,2026-01-02,iPhone 16 Pro Max,128GB,Black,Australia,Male,2,1209,2418,556.89,Jan-2026,2026
14676,2026-07-04,iPhone 13,1TB,White,Canada,Female,2,899,1798,288.31,Jul-2026,2026
14677,2026-08-05,iPhone 15 Pro,256GB,Blue,UK,Male,4,1079,4316,902.49,Aug-2026,2026
14678,2025-04-26,iPhone 16,256GB,White,India,Female,1,899,899,167.81,Apr-2025,2025
14679,2025-08-27,iPhone 16 Pro,128GB,White,India,Female,5,1099,5495,1208.97,Aug-2025,2025
14680,2025-12-01,iPhone 15,256GB,White,India,Female,1,879,879,173.16,Dec-2025,2025
14681,2026-03-17,iPhone 16 Pro Max,128GB,Green,Australia,Male,1,1199,1199,271.46,Mar-2026,2026
14682,2025-05-28,iPhone 16,128GB,Pink,Singapore,Male,1,809,809,152.02,May-2025,2025
14683,2025-01-09,iPhone 16 Pro,256GB,White,India,Male,1,1199,1199,248.23,Jan-2025,2025
14684,2025-10-15,iPhone 15 Pro,512GB,Green,Canada,Male,2,1169,2338,496.63,Oct-2025,2025
14685,2026-01-23,iPhone 15,128GB,Black,UK,Male,2,799,1598,286.88,Jan-2026,2026
14686,2025-02-19,iPhone 16 Pro Max,128GB,Pink,India,Female,1,1219,1219,274.01,Feb-2025,2025
14687,2026-06-01,iPhone 16 Pro Max,256GB,Green,USA,Male,2,1279,2558,574.19,Jun-2026,2026
14688,2026-08-10,iPhone 15 Pro Max,512GB,Natural Titanium,Canada,Male,3,1369,4107,907.72,Aug-2026,2026
14689,2025-10-05,iPhone 13,128GB,Black,India,Male,3,619,1857,284.03,Oct-2025,2025
14690,2025-10-27,iPhone 14,512GB,Natural Titanium,Germany,Male,2,919,1838,318.83,Oct-2025,2025
14691,2026-08-12,iPhone 16,512GB,Pink,India,Female,4,1009,4036,788.34,Aug-2026,2026
14692,2026-08-30,iPhone 13,128GB,Green,India,Female,2,609,1218,208.7,Aug-2026,2026
14693,2025-05-15,iPhone 15 Pro,128GB,Black,India,Male,1,999,999,210.15,May-2025,2025
14694,2026-08-03,iPhone 15 Pro,256GB,Green,Australia,Male,1,1099,1099,238.28,Aug-2026,2026
14695,2025-05-27,iPhone 16 Plus,1TB,Black,USA,Female,1,1219,1219,223.27,May-2025,2025
14696,2026-05-05,iPhone 13,256GB,White,Canada,Male,2,699,1398,207.91,May-2026,2026
14697,2026-04-23,iPhone 15 Pro Max,128GB,White,USA,Female,4,1179,4716,1039.11,Apr-2026,2026
14698,2025-06-08,iPhone 16,128GB,Pink,USA,Female,3,799,2397,448.23,Jun-2025,2025
14699,2026-01-19,iPhone 16,128GB,Black,Canada,Male,1,809,809,137.25,Jan-2026,2026
14700,2025-06-12,iPhone 15 Pro,256GB,White,USA,Male,2,1069,2138,428.46,Jun-2025,2025
14701,2026-03-17,iPhone 15 Pro,128GB,Pink,Canada,Male,2,1019,2038,424.38,Mar-2026,2026
14702,2025-07-08,iPhone 16 Plus,256GB,Blue,India,Female,5,999,4995,960.97,Jul-2025,2025
14703,2026-02-19,iPhone 16 Pro,128GB,White,UK,Male,1,1099,1099,239.9,Feb-2026,2026
14704,2025-12-05,iPhone 16 Plus,128GB,White,UAE,Male,1,899,899,168.36,Dec-2025,2025
14705,2026-08-30,iPhone 16 Pro Max,128GB,Purple,Germany,Female,5,1199,5995,1378.22,Aug-2026,2026
14706,2025-06-30,iPhone 16 Plus,128GB,Green,India,Female,5,869,4345,814.08,Jun-2025,2025
14707,2025-10-15,iPhone 16 Pro,512GB,Blue,UK,Male,1,1299,1299,280.5,Oct-2025,2025
14708,2025-07-06,iPhone 15,128GB,Black,USA,Male,1,799,799,158.86,Jul-2025,2025
14709,2025-05-18,iPhone 15 Pro Max,256GB,Pink,USA,Female,2,1319,2638,598.69,May-2025,2025
14710,2025-05-10,iPhone 15 Pro Max,128GB,Blue,India,Male,3,1209,3627,810.47,May-2025,2025
14711,2025-07-13,iPhone 15,128GB,Black,India,Male,1,819,819,156.66,Jul-2025,2025
14712,2025-11-12,iPhone 16,128GB,White,Australia,Female,4,809,3236,633.41,Nov-2025,2025
14713,2025-05-24,iPhone 15 Pro,128GB,Natural Titanium,UAE,Male,1,1019,1019,200.93,May-2025,2025
14714,2025-01-16,iPhone 16 Plus,128GB,Purple,USA,Male,2,919,1838,381.9,Jan-2025,2025
14715,2025-10-29,iPhone 15 Pro Max,512GB,Natural Titanium,Canada,Male,2,1399,2798,590.88,Oct-2025,2025
14716,2026-02-27,iPhone 15 Pro Max,128GB,Pink,India,Male,1,1219,1219,264.28,Feb-2026,2026
14717,2025-09-02,iPhone 16 Pro Max,128GB,Pink,UK,Female,1,1179,1179,229.54,Sep-2025,2025
14718,2025-04-17,iPhone 15 Pro,512GB,Blue,Australia,Female,1,1179,1179,256.62,Apr-2025,2025
14719,2025-03-29,iPhone 15 Pro,128GB,Green,Australia,Female,3,979,2937,602.76,Mar-2025,2025
14720,2025-05-09,iPhone 15 Pro,256GB,Black,India,Female,1,1119,1119,222.27,May-2025,2025
14721,2025-12-07,iPhone 16 Pro,128GB,Purple,UAE,Female,2,1099,2198,500.02,Dec-2025,2025
14722,2025-01-04,iPhone 15 Pro Max,128GB,Purple,USA,Male,2,1169,2338,511.43,Jan-2025,2025
14723,2025-11-23,iPhone 16,256GB,Natural Titanium,Australia,Male,2,879,1758,341.68,Nov-2025,2025
14724,2026-02-14,iPhone 15,1TB,Blue,USA,Female,4,1109,4436,792.89,Feb-2026,2026
14725,2025-11-02,iPhone 16,128GB,Green,Canada,Male,2,799,1598,292.22,Nov-2025,2025
14726,2026-08-30,iPhone 15,128GB,Green,India,Male,2,799,1598,298.36,Aug-2026,2026
14727,2025-08-13,iPhone 16 Plus,128GB,Green,UK,Male,2,899,1798,343.68,Aug-2025,2025
14728,2025-12-14,iPhone 16 Pro,128GB,Pink,USA,Male,2,1099,2198,486.12,Dec-2025,2025
14729,2025-11-17,iPhone 16 Plus,512GB,Black,UK,Male,1,1099,1099,201.66,Nov-2025,2025
14730,2026-07-13,iPhone 16 Plus,128GB,Black,UAE,Female,4,899,3596,681.28,Jul-2026,2026
14731,2025-06-30,iPhone 16,512GB,Natural Titanium,Germany,Male,1,969,969,176.94,Jun-2025,2025
14732,2026-01-21,iPhone 16 Plus,128GB,Blue,Canada,Female,2,869,1738,339.34,Jan-2026,2026
14733,2025-04-18,iPhone 15 Pro Max,512GB,White,India,Male,2,1369,2738,602.74,Apr-2025,2025
14734,2026-06-15,iPhone 16,256GB,Blue,Canada,Male,1,869,869,172.58,Jun-2026,2026
14735,2026-02-14,iPhone 15,512GB,Black,India,Male,1,979,979,172.41,Feb-2026,2026
14736,2025-10-23,iPhone 13,128GB,Natural Titanium,UK,Male,1,609,609,118.94,Oct-2025,2025
14737,2025-06-20,iPhone 15 Pro Max,256GB,Pink,Australia,Female,1,1269,1269,278.4,Jun-2025,2025
14738,2025-11-27,iPhone 15 Pro Max,256GB,Blue,India,Male,3,1319,3957,874.8,Nov-2025,2025
14739,2026-05-08,iPhone 15,256GB,Natural Titanium,Australia,Male,3,879,2637,481.63,May-2026,2026
14740,2025-07-14,iPhone 16 Plus,512GB,White,Canada,Male,1,1099,1099,198.78,Jul-2025,2025
14741,2025-01-12,iPhone 14,256GB,Purple,USA,Male,1,799,799,131.67,Jan-2025,2025
14742,2025-07-14,iPhone 15,512GB,Blue,India,Male,3,999,2997,546.28,Jul-2025,2025
14743,2026-05-05,iPhone 16 Plus,128GB,Natural Titanium,USA,Male,1,879,879,148.56,May-2026,2026
14744,2025-07-01,iPhone 15 Pro Max,256GB,Green,Singapore,Male,5,1319,6595,1456.05,Jul-2025,2025
14745,2025-11-12,iPhone 16 Plus,512GB,White,India,Female,1,1119,1119,195.75,Nov-2025,2025
14746,2025-01-30,iPhone 16,128GB,Green,UK,Female,2,799,1598,285.73,Jan-2025,2025
14747,2026-08-19,iPhone 16 Pro Max,128GB,Pink,India,Male,1,1219,1219,267.17,Aug-2026,2026
14748,2025-04-06,iPhone 16,1TB,Black,India,Female,1,1069,1069,208.73,Apr-2025,2025
14749,2026-01-16,iPhone 13,128GB,Blue,Canada,Female,1,599,599,127.63,Jan-2026,2026
14750,2026-03-20,iPhone 15 Pro,128GB,Natural Titanium,India,Female,2,969,1938,391.72,Mar-2026,2026
14751,2025-10-25,iPhone 14,128GB,Blue,Singapore,Male,1,669,669,114.54,Oct-2025,2025
14752,2025-12-27,iPhone 16 Pro Max,512GB,Green,USA,Male,2,1399,2798,655.36,Dec-2025,2025
14753,2026-01-09,iPhone 14,1TB,Green,USA,Male,1,979,979,172.58,Jan-2026,2026
14754,2026-07-08,iPhone 15 Pro,1TB,Black,India,Male,1,1299,1299,264.64,Jul-2026,2026
14755,2025-10-30,iPhone 15,256GB,Natural Titanium,Singapore,Male,2,879,1758,324.68,Oct-2025,2025
14756,2026-02-25,iPhone 16 Pro,256GB,Blue,India,Male,1,1209,1209,259.81,Feb-2026,2026
14757,2025-09-03,iPhone 15 Pro,128GB,Natural Titanium,USA,Female,1,1009,1009,210.23,Sep-2025,2025
14758,2025-08-25,iPhone 16 Pro Max,128GB,Black,USA,Male,1,1169,1169,258.19,Aug-2025,2025
14759,2026-06-18,iPhone 13,128GB,Green,USA,Male,2,569,1138,195.05,Jun-2026,2026
14760,2025-07-04,iPhone 14,128GB,Purple,UK,Female,5,679,3395,580.68,Jul-2025,2025
14761,2026-04-13,iPhone 15,512GB,Natural Titanium,UAE,Female,3,979,2937,525.16,Apr-2026,2026
14762,2025-12-29,iPhone 16 Pro,512GB,Green,India,Male,1,1269,1269,283.13,Dec-2025,2025
14763,2025-10-10,iPhone 16 Pro,256GB,White,USA,Male,1,1219,1219,269.28,Oct-2025,2025
14764,2026-07-07,iPhone 14,1TB,Green,Canada,Male,1,999,999,173.53,Jul-2026,2026
14765,2025-12-02,iPhone 13,1TB,Green,USA,Female,1,899,899,153.11,Dec-2025,2025
14766,2025-06-11,iPhone 16 Plus,256GB,Natural Titanium,India,Male,1,1009,1009,195.49,Jun-2025,2025
14767,2025-06-09,iPhone 14,128GB,Purple,India,Male,1,719,719,112.39,Jun-2025,2025
14768,2026-04-19,iPhone 14,128GB,Black,India,Male,1,699,699,97.98,Apr-2026,2026
14769,2026-08-24,iPhone 13,256GB,White,India,Female,1,699,699,120.96,Aug-2026,2026
14770,2025-11-18,iPhone 13,128GB,White,India,Female,1,569,569,84.3,Nov-2025,2025
14771,2025-01-12,iPhone 15,128GB,Blue,USA,Male,1,779,779,153.62,Jan-2025,2025
14772,2026-02-28,iPhone 13,512GB,Purple,India,Male,1,769,769,105.4,Feb-2026,2026
14773,2025-03-14,iPhone 15 Pro,128GB,Pink,UK,Female,2,999,1998,408.48,Mar-2025,2025
14774,2026-08-11,iPhone 16 Pro,128GB,Blue,Singapore,Female,1,1099,1099,240.3,Aug-2026,2026
14775,2025-07-20,iPhone 15 Pro,256GB,Blue,Singapore,Female,1,1069,1069,225.79,Jul-2025,2025
14776,2026-06-06,iPhone 16 Plus,256GB,Blue,Canada,Female,1,999,999,201.2,Jun-2026,2026
14777,2026-05-20,iPhone 14,128GB,White,India,Male,2,719,1438,257.02,May-2026,2026
14778,2025-02-08,iPhone 16,128GB,Black,India,Male,3,799,2397,454.83,Feb-2025,2025
14779,2025-03-01,iPhone 15 Pro,1TB,Natural Titanium,Australia,Male,1,1309,1309,283.93,Mar-2025,2025
14780,2026-08-01,iPhone 16 Plus,128GB,Green,India,Male,2,919,1838,327.12,Aug-2026,2026
14781,2025-11-17,iPhone 14,512GB,White,India,Male,2,909,1818,305.08,Nov-2025,2025
14782,2026-03-11,iPhone 16 Pro,128GB,Green,USA,Male,2,1109,2218,497.65,Mar-2026,2026
14783,2026-02-12,iPhone 15,128GB,Green,India,Male,3,819,2457,443.12,Feb-2026,2026
14784,2026-01-21,iPhone 15 Pro,128GB,Pink,Australia,Male,3,999,2997,646.84,Jan-2026,2026
14785,2026-07-23,iPhone 16 Pro Max,256GB,Natural Titanium,Canada,Female,1,1299,1299,287.52,Jul-2026,2026
14786,2025-03-19,iPhone 16,512GB,Blue,UAE,Male,1,979,979,196.72,Mar-2025,2025
14787,2025-07-13,iPhone 15 Pro,128GB,Pink,Canada,Male,2,979,1958,405.33,Jul-2025,2025
14788,2025-10-12,iPhone 16 Pro Max,128GB,Blue,India,Male,4,1209,4836,1118.22,Oct-2025,2025
14789,2026-06-11,iPhone 15 Pro,128GB,White,UAE,Female,3,969,2907,600.06,Jun-2026,2026
14790,2026-06-08,iPhone 14,256GB,Green,India,Female,1,799,799,137.57,Jun-2026,2026
14791,2025-06-05,iPhone 16 Pro Max,128GB,Pink,UAE,Male,1,1179,1179,281.67,Jun-2025,2025
14792,2025-12-06,iPhone 15,128GB,Purple,India,Male,3,799,2397,440.77,Dec-2025,2025
14793,2025-05-05,iPhone 16 Pro,128GB,White,UAE,Female,1,1119,1119,247.63,May-2025,2025
14794,2025-10-07,iPhone 15,256GB,White,Singapore,Male,2,869,1738,322.68,Oct-2025,2025
14795,2025-05-08,iPhone 16 Plus,512GB,Purple,India,Female,2,1109,2218,429.14,May-2025,2025
14796,2025-11-10,iPhone 16,256GB,Blue,India,Male,1,899,899,167.21,Nov-2025,2025
14797,2025-11-28,iPhone 16 Pro Max,128GB,Green,India,Male,3,1219,3657,843.37,Nov-2025,2025
14798,2025-05-30,iPhone 16,128GB,Blue,USA,Female,3,809,2427,471.72,May-2025,2025
14799,2026-03-30,iPhone 13,128GB,Blue,India,Male,1,599,599,118.19,Mar-2026,2026
14800,2025-02-05,iPhone 16,128GB,White,Canada,Male,2,769,1538,298.86,Feb-2025,2025
14801,2026-02-24,iPhone 14,256GB,Blue,USA,Male,2,779,1558,251.04,Feb-2026,2026
14802,2025-01-22,iPhone 16 Pro,128GB,Black,USA,Female,1,1099,1099,246.6,Jan-2025,2025
14803,2025-07-25,iPhone 16 Pro,128GB,Purple,UAE,Male,1,1109,1109,266.11,Jul-2025,2025
14804,2025-12-22,iPhone 15 Pro Max,256GB,Natural Titanium,India,Male,1,1279,1279,273.6,Dec-2025,2025
14805,2026-03-16,iPhone 16 Pro,256GB,Purple,India,Male,4,1199,4796,1039.41,Mar-2026,2026
14806,2025-04-06,iPhone 14,256GB,Green,UAE,Female,1,819,819,145.31,Apr-2025,2025
14807,2025-06-13,iPhone 15 Pro Max,512GB,Purple,Canada,Male,1,1419,1419,312.91,Jun-2025,2025
14808,2025-05-28,iPhone 15 Pro,256GB,Blue,India,Male,1,1079,1079,227.64,May-2025,2025
14809,2026-06-14,iPhone 16,256GB,Blue,India,Female,1,899,899,168.42,Jun-2026,2026
14810,2025-10-21,iPhone 13,256GB,Pink,India,Female,1,709,709,106.82,Oct-2025,2025
14811,2025-07-14,iPhone 16 Plus,128GB,Green,India,Female,2,909,1818,336.89,Jul-2025,2025
14812,2026-04-25,iPhone 14,128GB,Green,India,Male,2,679,1358,234.35,Apr-2026,2026
14813,2025-05-03,iPhone 16,512GB,Purple,UAE,Female,2,969,1938,376.81,May-2025,2025
14814,2026-02-04,iPhone 13,512GB,Blue,Canada,Male,2,799,1598,251.43,Feb-2026,2026
14815,2026-03-28,iPhone 16 Pro,256GB,Black,India,Male,2,1179,2358,534.49,Mar-2026,2026
14816,2025-04-14,iPhone 15,256GB,Pink,UK,Female,1,869,869,156.93,Apr-2025,2025
14817,2026-04-07,iPhone 16,128GB,Black,India,Male,2,809,1618,316.62,Apr-2026,2026
14818,2026-01-31,iPhone 15,256GB,Blue,USA,Female,1,899,899,156.72,Jan-2026,2026
14819,2025-12-03,iPhone 16 Plus,1TB,Green,UK,Female,1,1209,1209,231.5,Dec-2025,2025
14820,2026-08-22,iPhone 15 Pro,512GB,Green,Germany,Female,1,1199,1199,256.02,Aug-2026,2026
14821,2025-05-22,iPhone 16 Plus,128GB,Natural Titanium,India,Male,1,919,919,173.35,May-2025,2025
14822,2025-11-13,iPhone 15,128GB,Black,India,Female,1,769,769,124.45,Nov-2025,2025
14823,2026-07-12,iPhone 16 Plus,128GB,Natural Titanium,UK,Male,1,899,899,186.07,Jul-2026,2026
14824,2026-06-11,iPhone 13,128GB,Natural Titanium,USA,Male,2,599,1198,190.04,Jun-2026,2026
14825,2026-07-10,iPhone 15,128GB,White,India,Male,2,799,1598,263.5,Jul-2026,2026
14826,2026-02-05,iPhone 15 Pro Max,256GB,Blue,India,Male,1,1269,1269,273.5,Feb-2026,2026
14827,2025-11-06,iPhone 13,128GB,Green,USA,Female,5,599,2995,498.31,Nov-2025,2025
14828,2026-05-10,iPhone 15,256GB,Purple,India,Male,2,909,1818,341.71,May-2026,2026
14829,2026-07-10,iPhone 16 Pro Max,256GB,White,Singapore,Female,3,1299,3897,899.61,Jul-2026,2026
14830,2025-04-19,iPhone 16 Pro Max,512GB,Green,USA,Female,2,1419,2838,662.91,Apr-2025,2025
14831,2026-01-07,iPhone 16 Plus,512GB,Purple,India,Male,1,1099,1099,225.79,Jan-2026,2026
14832,2025-07-25,iPhone 15,256GB,Green,UK,Female,5,899,4495,810.47,Jul-2025,2025
14833,2025-02-12,iPhone 15,256GB,White,India,Female,3,909,2727,503.59,Feb-2025,2025
14834,2025-09-02,iPhone 16,128GB,Black,USA,Female,1,809,809,144.17,Sep-2025,2025
14835,2025-10-14,iPhone 14,1TB,Blue,USA,Male,1,969,969,151.94,Oct-2025,2025
14836,2025-12-21,iPhone 16 Pro Max,128GB,Natural Titanium,USA,Male,1,1219,1219,280.58,Dec-2025,2025
14837,2026-04-21,iPhone 15,512GB,White,Canada,Male,3,979,2937,537.54,Apr-2026,2026
14838,2025-03-24,iPhone 16 Pro Max,128GB,White,India,Male,1,1209,1209,293.19,Mar-2025,2025
14839,2025-04-20,iPhone 15 Pro Max,128GB,Natural Titanium,Germany,Male,2,1209,2418,530.78,Apr-2025,2025
14840,2025-07-09,iPhone 16 Pro,128GB,Green,Canada,Female,2,1119,2238,482.44,Jul-2025,2025
14841,2025-09-08,iPhone 13,256GB,Purple,India,Male,1,679,679,134.58,Sep-2025,2025
14842,2025-10-18,iPhone 16 Pro,128GB,Natural Titanium,India,Female,2,1109,2218,485.68,Oct-2025,2025
14843,2025-07-20,iPhone 15,256GB,White,India,Female,2,899,1798,311.59,Jul-2025,2025
14844,2025-11-22,iPhone 16,512GB,Blue,India,Male,1,1019,1019,200.56,Nov-2025,2025
14845,2026-05-26,iPhone 16 Pro,128GB,Natural Titanium,USA,Male,2,1109,2218,528.46,May-2026,2026
14846,2026-02-13,iPhone 15,256GB,Natural Titanium,India,Female,3,869,2607,470.38,Feb-2026,2026
14847,2026-08-30,iPhone 15 Pro Max,128GB,Black,Germany,Female,2,1209,2418,532.89,Aug-2026,2026
14848,2026-05-23,iPhone 15 Pro Max,256GB,Purple,India,Female,2,1279,2558,571.83,May-2026,2026
14849,2026-08-24,iPhone 15 Pro,256GB,Black,India,Male,1,1099,1099,242.04,Aug-2026,2026
14850,2025-03-13,iPhone 15 Pro Max,128GB,Black,India,Male,1,1179,1179,245.3,Mar-2025,2025
14851,2025-09-04,iPhone 15 Pro,1TB,Blue,India,Female,5,1319,6595,1402.84,Sep-2025,2025
14852,2026-08-31,iPhone 15 Pro,256GB,Green,Australia,Male,2,1109,2218,464.35,Aug-2026,2026
14853,2026-08-10,iPhone 16,512GB,Purple,UK,Female,1,1009,1009,192.51,Aug-2026,2026
14854,2026-07-20,iPhone 16,256GB,Purple,India,Male,2,869,1738,316.65,Jul-2026,2026
14855,2025-12-10,iPhone 15,512GB,Natural Titanium,Australia,Female,2,999,1998,355.74,Dec-2025,2025
14856,2025-02-23,iPhone 16 Pro,128GB,Blue,Canada,Male,1,1109,1109,261.08,Feb-2025,2025
14857,2026-06-12,iPhone 16 Pro,128GB,Purple,UAE,Female,3,1069,3207,719.3,Jun-2026,2026
14858,2026-06-16,iPhone 15 Pro Max,128GB,White,Australia,Male,1,1169,1169,262.69,Jun-2026,2026
14859,2026-07-12,iPhone 15 Pro Max,512GB,Pink,UK,Female,2,1379,2758,577.11,Jul-2026,2026
14860,2025-07-12,iPhone 15 Pro,128GB,Natural Titanium,USA,Male,1,999,999,201.18,Jul-2025,2025
14861,2025-02-27,iPhone 16 Plus,1TB,Pink,India,Male,1,1199,1199,233.04,Feb-2025,2025
14862,2026-03-13,iPhone 16 Plus,128GB,Pink,India,Male,3,919,2757,518.68,Mar-2026,2026
14863,2025-04-21,iPhone 15,128GB,Black,USA,Female,2,769,1538,284.71,Apr-2025,2025
14864,2025-05-09,iPhone 16 Plus,128GB,Purple,Australia,Female,3,899,2697,522.01,May-2025,2025
14865,2025-11-22,iPhone 15,256GB,Natural Titanium,UK,Male,1,879,879,175.09,Nov-2025,2025
14866,2025-01-08,iPhone 13,512GB,Blue,Germany,Male,4,769,3076,470.52,Jan-2025,2025
14867,2025-01-29,iPhone 16 Plus,128GB,Purple,India,Male,1,919,919,170.19,Jan-2025,2025
14868,2025-04-22,iPhone 16,256GB,Blue,UAE,Male,2,899,1798,332.41,Apr-2025,2025
14869,2025-05-11,iPhone 15 Pro Max,128GB,Purple,UK,Male,4,1199,4796,1048.35,May-2025,2025
14870,2025-07-07,iPhone 16,256GB,Natural Titanium,UAE,Female,1,899,899,169.85,Jul-2025,2025
14871,2026-04-20,iPhone 16 Pro Max,128GB,Natural Titanium,UK,Male,1,1199,1199,278.71,Apr-2026,2026
14872,2025-12-30,iPhone 16,128GB,Black,India,Female,5,779,3895,747.93,Dec-2025,2025
14873,2025-07-23,iPhone 16,256GB,Natural Titanium,India,Female,5,869,4345,816.28,Jul-2025,2025
14874,2025-07-31,iPhone 13,256GB,White,Singapore,Female,3,669,2007,317.26,Jul-2025,2025
14875,2025-10-03,iPhone 15,128GB,Pink,India,Female,2,779,1558,281.95,Oct-2025,2025
14876,2025-03-14,iPhone 15 Pro,128GB,Pink,USA,Male,2,1019,2038,428.83,Mar-2025,2025
14877,2025-08-31,iPhone 16,256GB,Purple,USA,Female,1,919,919,167.78,Aug-2025,2025
14878,2025-04-12,iPhone 16 Pro,512GB,Black,India,Male,1,1309,1309,280.58,Apr-2025,2025
14879,2025-06-20,iPhone 15 Pro,512GB,Pink,Canada,Male,1,1199,1199,249.46,Jun-2025,2025
14880,2025-07-07,iPhone 15 Pro,512GB,Purple,UAE,Female,1,1219,1219,238.25,Jul-2025,2025
14881,2026-03-17,iPhone 15,1TB,Natural Titanium,Germany,Female,1,1119,1119,185.84,Mar-2026,2026
14882,2025-03-27,iPhone 15,128GB,Green,USA,Male,1,799,799,141.62,Mar-2025,2025
14883,2026-04-21,iPhone 16 Pro Max,128GB,Purple,UK,Male,2,1209,2418,557.04,Apr-2026,2026
14884,2025-02-21,iPhone 16,128GB,Blue,Germany,Female,2,779,1558,310.09,Feb-2025,2025
14885,2025-04-21,iPhone 15,128GB,Pink,Singapore,Male,3,799,2397,412.22,Apr-2025,2025
14886,2025-02-12,iPhone 16 Plus,256GB,Pink,Singapore,Female,1,999,999,195.09,Feb-2025,2025
14887,2025-07-30,iPhone 16 Plus,512GB,Green,UAE,Male,1,1079,1079,221.91,Jul-2025,2025
14888,2025-07-19,iPhone 16,128GB,Natural Titanium,India,Male,2,799,1598,307.04,Jul-2025,2025
14889,2025-01-26,iPhone 14,256GB,White,India,Male,1,779,779,124.31,Jan-2025,2025
14890,2025-10-26,iPhone 15 Pro,256GB,Purple,Canada,Female,1,1099,1099,226.69,Oct-2025,2025
14891,2025-03-18,iPhone 14,256GB,White,Australia,Female,2,799,1598,293.46,Mar-2025,2025
14892,2025-05-17,iPhone 16 Pro,128GB,Purple,UAE,Female,1,1109,1109,257.47,May-2025,2025
14893,2025-01-20,iPhone 16,256GB,Green,India,Male,4,919,3676,690.72,Jan-2025,2025
14894,2026-03-16,iPhone 15 Pro Max,128GB,White,UK,Female,2,1179,2358,509.62,Mar-2026,2026
14895,2025-07-30,iPhone 15 Pro,512GB,Black,India,Male,1,1219,1219,260.86,Jul-2025,2025
14896,2026-07-05,iPhone 15,1TB,Green,USA,Female,2,1099,2198,401.1,Jul-2026,2026
14897,2026-03-11,iPhone 14,128GB,Natural Titanium,USA,Male,3,679,2037,363.24,Mar-2026,2026
14898,2025-07-26,iPhone 16 Pro Max,128GB,Purple,Germany,Male,2,1169,2338,535.26,Jul-2025,2025
14899,2026-03-15,iPhone 15,256GB,Blue,India,Male,3,909,2727,472.89,Mar-2026,2026
14900,2025-02-11,iPhone 13,128GB,Natural Titanium,UK,Female,2,569,1138,178.79,Feb-2025,2025
14901,2026-02-15,iPhone 16 Pro Max,128GB,Natural Titanium,India,Male,1,1209,1209,272.29,Feb-2026,2026
14902,2026-06-07,iPhone 16,512GB,Blue,UAE,Female,1,1009,1009,159.17,Jun-2026,2026
14903,2026-03-03,iPhone 16 Pro,128GB,Blue,UK,Male,2,1109,2218,484.66,Mar-2026,2026
14904,2025-10-02,iPhone 13,128GB,Purple,Germany,Male,1,569,569,102.54,Oct-2025,2025
14905,2026-03-24,iPhone 16,256GB,Natural Titanium,India,Male,2,909,1818,354.4,Mar-2026,2026
14906,2026-01-04,iPhone 15 Pro,128GB,Pink,India,Male,3,979,2937,612.87,Jan-2026,2026
14907,2025-08-08,iPhone 16 Pro,128GB,Green,Canada,Female,2,1079,2158,469.65,Aug-2025,2025
14908,2026-07-31,iPhone 13,256GB,Green,India,Female,1,669,669,100.8,Jul-2026,2026
14909,2025-08-20,iPhone 15 Pro,128GB,White,India,Female,2,999,1998,413.09,Aug-2025,2025
14910,2025-11-24,iPhone 16 Pro,256GB,Green,USA,Male,1,1199,1199,273.45,Nov-2025,2025
14911,2026-03-19,iPhone 16,1TB,Natural Titanium,UK,Female,2,1069,2138,422.48,Mar-2026,2026
14912,2025-02-21,iPhone 16,512GB,Green,India,Male,2,1009,2018,392.46,Feb-2025,2025
14913,2026-01-11,iPhone 14,128GB,Natural Titanium,India,Female,2,709,1418,232.35,Jan-2026,2026
14914,2025-09-20,iPhone 14,128GB,White,Canada,Male,1,709,709,110.74,Sep-2025,2025
14915,2025-09-24,iPhone 16 Plus,256GB,Green,USA,Female,3,969,2907,569.87,Sep-2025,2025
14916,2025-12-25,iPhone 16 Plus,256GB,Green,India,Female,2,1009,2018,384.4,Dec-2025,2025
14917,2025-11-13,iPhone 16 Pro Max,512GB,Black,India,Male,1,1379,1379,308.36,Nov-2025,2025
14918,2025-11-20,iPhone 16 Plus,256GB,Purple,UK,Male,4,1009,4036,767.95,Nov-2025,2025
14919,2026-07-17,iPhone 15 Pro Max,128GB,White,India,Female,3,1169,3507,755.48,Jul-2026,2026
14920,2026-02-25,iPhone 16 Pro,128GB,Black,Canada,Male,2,1109,2218,473.81,Feb-2026,2026
14921,2025-02-15,iPhone 14,512GB,Pink,UAE,Male,1,879,879,142.08,Feb-2025,2025
14922,2026-08-23,iPhone 15 Pro Max,512GB,White,USA,Female,4,1419,5676,1259.46,Aug-2026,2026
14923,2025-09-26,iPhone 15,128GB,Natural Titanium,Germany,Female,3,769,2307,411.82,Sep-2025,2025
14924,2026-08-24,iPhone 14,256GB,Purple,USA,Female,2,799,1598,280.02,Aug-2026,2026
14925,2026-01-16,iPhone 16 Pro,128GB,Green,India,Male,2,1069,2138,472.52,Jan-2026,2026
14926,2025-04-28,iPhone 16,128GB,Natural Titanium,UAE,Male,1,799,799,135.27,Apr-2025,2025
14927,2026-07-20,iPhone 16,128GB,Green,UK,Male,1,799,799,170.71,Jul-2026,2026
14928,2025-04-26,iPhone 15 Pro Max,512GB,Black,India,Female,1,1399,1399,293.23,Apr-2025,2025
14929,2025-09-17,iPhone 15 Pro Max,256GB,Black,India,Female,1,1269,1269,272.16,Sep-2025,2025
14930,2025-03-16,iPhone 14,512GB,Pink,USA,Female,2,899,1798,299.99,Mar-2025,2025
14931,2026-04-25,iPhone 16 Plus,1TB,Pink,India,Female,1,1199,1199,237.38,Apr-2026,2026
14932,2025-11-01,iPhone 15 Pro Max,128GB,Purple,UAE,Female,3,1219,3657,797.06,Nov-2025,2025
14933,2025-01-07,iPhone 16 Pro,256GB,Green,UK,Female,2,1209,2418,521.5,Jan-2025,2025
14934,2026-01-01,iPhone 15,512GB,Natural Titanium,USA,Male,1,999,999,190.05,Jan-2026,2026
14935,2026-06-07,iPhone 15,256GB,Blue,USA,Female,1,899,899,158.47,Jun-2026,2026
14936,2025-12-14,iPhone 16,256GB,Natural Titanium,India,Female,2,919,1838,356.85,Dec-2025,2025
14937,2026-03-14,iPhone 16 Pro,128GB,Pink,India,Male,1,1119,1119,275.15,Mar-2026,2026
14938,2025-08-03,iPhone 15 Pro Max,256GB,Green,India,Male,1,1269,1269,273.93,Aug-2025,2025
14939,2026-03-05,iPhone 16 Plus,128GB,Natural Titanium,India,Male,2,869,1738,335.5,Mar-2026,2026
14940,2026-05-13,iPhone 16 Pro Max,128GB,Natural Titanium,India,Female,2,1169,2338,523.09,May-2026,2026
14941,2026-06-24,iPhone 16 Pro Max,128GB,Pink,USA,Female,2,1199,2398,544.53,Jun-2026,2026
14942,2026-01-02,iPhone 16 Plus,128GB,Natural Titanium,Canada,Male,2,879,1758,337.65,Jan-2026,2026
14943,2025-11-09,iPhone 16 Plus,128GB,Natural Titanium,USA,Female,3,869,2607,512.54,Nov-2025,2025
14944,2026-06-22,iPhone 15,128GB,White,Germany,Male,1,779,779,121.69,Jun-2026,2026
14945,2025-02-23,iPhone 16 Pro,128GB,Black,Canada,Female,5,1099,5495,1213.48,Feb-2025,2025
14946,2026-06-25,iPhone 15 Pro,128GB,Green,Singapore,Female,1,1009,1009,198.21,Jun-2026,2026
14947,2026-04-12,iPhone 16 Pro Max,128GB,Natural Titanium,Australia,Female,2,1219,2438,557.25,Apr-2026,2026
14948,2025-06-13,iPhone 14,256GB,Pink,UK,Male,2,809,1618,268.26,Jun-2025,2025
14949,2025-11-30,iPhone 15 Pro Max,256GB,Black,UK,Female,2,1279,2558,553.67,Nov-2025,2025
14950,2026-07-01,iPhone 16,256GB,Natural Titanium,India,Male,5,919,4595,875.16,Jul-2026,2026
14951,2025-12-14,iPhone 15 Pro,512GB,Natural Titanium,UAE,Male,1,1199,1199,239.72,Dec-2025,2025
14952,2025-09-30,iPhone 15,128GB,Blue,UK,Male,1,809,809,106.67,Sep-2025,2025
14953,2026-02-18,iPhone 16,128GB,Pink,USA,Female,1,779,779,142.77,Feb-2026,2026
14954,2026-05-15,iPhone 16 Plus,128GB,Green,UAE,Female,1,869,869,155.39,May-2026,2026
14955,2025-04-03,iPhone 16,512GB,White,USA,Female,2,979,1958,366.61,Apr-2025,2025
14956,2025-03-20,iPhone 15,256GB,Black,USA,Female,1,899,899,152.13,Mar-2025,2025
14957,2025-08-05,iPhone 16 Plus,128GB,Black,USA,Male,3,919,2757,529.74,Aug-2025,2025
14958,2025-12-24,iPhone 15,128GB,White,UAE,Male,2,779,1558,287.26,Dec-2025,2025
14959,2026-05-22,iPhone 15,256GB,Green,Australia,Male,1,869,869,140.77,May-2026,2026
14960,2026-07-13,iPhone 16 Plus,128GB,Purple,Australia,Male,1,879,879,181.14,Jul-2026,2026
14961,2025-06-30,iPhone 16 Pro,256GB,Blue,Canada,Female,1,1169,1169,265.03,Jun-2025,2025
14962,2026-07-30,iPhone 15 Pro Max,512GB,Purple,India,Female,4,1419,5676,1243.06,Jul-2026,2026
14963,2025-09-03,iPhone 16,256GB,Natural Titanium,Germany,Male,2,869,1738,328.54,Sep-2025,2025
14964,2025-09-01,iPhone 15 Pro,512GB,White,India,Female,1,1199,1199,263.04,Sep-2025,2025
14965,2026-05-21,iPhone 15 Pro Max,128GB,Blue,Australia,Male,1,1199,1199,258.25,May-2026,2026
14966,2026-02-26,iPhone 14,256GB,Green,India,Male,1,809,809,146.32,Feb-2026,2026
14967,2025-11-16,iPhone 16 Pro Max,512GB,Pink,USA,Male,1,1369,1369,318.33,Nov-2025,2025
14968,2025-03-28,iPhone 16 Pro,256GB,Pink,UAE,Female,3,1169,3507,781.45,Mar-2025,2025
14969,2025-08-05,iPhone 16,256GB,Purple,UK,Female,2,869,1738,337.12,Aug-2025,2025
14970,2026-05-05,iPhone 16,256GB,Green,USA,Male,2,909,1818,338.06,May-2026,2026
14971,2026-06-03,iPhone 16 Pro,512GB,Blue,UAE,Male,3,1299,3897,859.03,Jun-2026,2026
14972,2025-10-05,iPhone 15 Pro Max,128GB,Purple,USA,Male,1,1199,1199,273.68,Oct-2025,2025
14973,2025-06-18,iPhone 15 Pro,128GB,White,India,Male,1,999,999,218.6,Jun-2025,2025
14974,2025-11-26,iPhone 15,128GB,Purple,UK,Female,2,769,1538,284.62,Nov-2025,2025
14975,2026-03-17,iPhone 16,512GB,Green,India,Male,1,1009,1009,188.94,Mar-2026,2026
14976,2026-01-26,iPhone 16 Pro Max,1TB,Natural Titanium,UAE,Female,1,1469,1469,355.31,Jan-2026,2026
14977,2026-05-11,iPhone 15,128GB,Green,India,Male,2,799,1598,291.66,May-2026,2026
14978,2026-01-16,iPhone 15,128GB,Pink,USA,Male,1,819,819,167.3,Jan-2026,2026
14979,2025-11-02,iPhone 15 Pro Max,512GB,White,USA,Male,2,1409,2818,605.79,Nov-2025,2025
14980,2026-05-28,iPhone 16 Pro,128GB,Pink,India,Male,2,1079,2158,471.14,May-2026,2026
14981,2025-07-07,iPhone 15 Pro,128GB,Blue,USA,Female,1,999,999,207.72,Jul-2025,2025
14982,2026-05-31,iPhone 15,128GB,Blue,UK,Male,1,779,779,150.18,May-2026,2026
14983,2026-03-03,iPhone 16,128GB,Black,Singapore,Male,1,799,799,142.4,Mar-2026,2026
14984,2026-05-17,iPhone 16,256GB,Green,Australia,Female,2,879,1758,324.51,May-2026,2026
14985,2025-09-17,iPhone 13,128GB,White,UAE,Female,1,609,609,108.92,Sep-2025,2025
14986,2026-05-28,iPhone 14,256GB,White,USA,Female,3,779,2337,395.48,May-2026,2026
14987,2025-03-12,iPhone 16,512GB,Pink,USA,Male,3,999,2997,576.23,Mar-2025,2025
14988,2026-04-23,iPhone 15 Pro Max,128GB,Purple,India,Male,1,1199,1199,253.82,Apr-2026,2026
14989,2025-06-27,iPhone 16 Pro Max,128GB,Purple,India,Female,3,1199,3597,835.7,Jun-2025,2025
14990,2026-04-02,iPhone 16 Plus,512GB,Pink,Australia,Female,2,1109,2218,431.6,Apr-2026,2026
14991,2025-07-08,iPhone 13,256GB,Natural Titanium,USA,Male,1,719,719,130.29,Jul-2025,2025
14992,2025-10-18,iPhone 15 Pro Max,128GB,Purple,USA,Male,2,1219,2438,524.32,Oct-2025,2025
14993,2026-06-04,iPhone 15 Pro Max,128GB,White,India,Male,2,1179,2358,504.4,Jun-2026,2026
14994,2025-10-19,iPhone 14,128GB,Pink,India,Male,1,679,679,114.31,Oct-2025,2025
14995,2025-10-10,iPhone 16 Pro Max,256GB,Purple,India,Female,1,1309,1309,315.64,Oct-2025,2025
14996,2026-06-28,iPhone 16 Pro,128GB,Black,UK,Male,1,1069,1069,224.45,Jun-2026,2026
14997,2026-01-12,iPhone 15,128GB,Green,USA,Male,1,809,809,132.64,Jan-2026,2026
14998,2025-06-05,iPhone 15,128GB,Black,UK,Male,1,809,809,139.64,Jun-2025,2025
14999,2026-05-23,iPhone 13,512GB,Purple,USA,Male,2,799,1598,257.9,May-2026,2026
15000,2026-02-17,iPhone 15 Pro,128GB,Blue,Canada,Male,1,999,999,211.17,Feb-2026,2026
15001,2026-06-12,iPhone 16,256GB,White,UAE,Male,1,909,909,162.06,Jun-2026,2026
15002,2025-12-21,iPhone 15 Pro Max,128GB,Black,Canada,Female,1,1199,1199,254.99,Dec-2025,2025
15003,2026-07-13,iPhone 16 Pro Max,128GB,Black,USA,Male,3,1179,3537,812.4,Jul-2026,2026
15004,2025-07-06,iPhone 13,256GB,Pink,India,Female,1,709,709,104.49,Jul-2025,2025
15005,2025-01-31,iPhone 16,256GB,Pink,Germany,Female,1,869,869,152.47,Jan-2025,2025
15006,2025-09-17,iPhone 16 Pro,256GB,Pink,India,Male,1,1179,1179,265.73,Sep-2025,2025
15007,2026-02-25,iPhone 15 Pro Max,256GB,Purple,India,Male,3,1299,3897,850.4,Feb-2026,2026
15008,2026-06-13,iPhone 13,128GB,Natural Titanium,USA,Male,2,609,1218,188.89,Jun-2026,2026
15009,2026-07-05,iPhone 15,256GB,Natural Titanium,UK,Female,1,919,919,161.27,Jul-2026,2026
15010,2025-10-31,iPhone 15 Pro,128GB,Blue,India,Female,1,999,999,213.3,Oct-2025,2025
15011,2025-02-08,iPhone 16 Pro Max,128GB,Black,UAE,Male,1,1219,1219,281.05,Feb-2025,2025
15012,2026-05-04,iPhone 16 Pro Max,256GB,Green,USA,Female,2,1279,2558,581.65,May-2026,2026
15013,2026-06-26,iPhone 16 Pro Max,512GB,Pink,USA,Female,1,1369,1369,313.13,Jun-2026,2026
15014,2025-10-05,iPhone 16 Pro,256GB,Blue,USA,Male,1,1179,1179,256.84,Oct-2025,2025
15015,2025-07-22,iPhone 15 Pro,512GB,Purple,USA,Female,2,1219,2438,529.43,Jul-2025,2025
15016,2025-03-07,iPhone 16 Pro Max,1TB,Blue,India,Male,1,1519,1519,349.15,Mar-2025,2025
15017,2025-04-18,iPhone 16 Pro Max,128GB,Pink,India,Female,2,1179,2358,532.52,Apr-2025,2025
15018,2025-09-25,iPhone 15 Pro,1TB,White,India,Male,1,1319,1319,257.9,Sep-2025,2025
15019,2025-08-10,iPhone 15,256GB,Black,UAE,Female,5,909,4545,829.46,Aug-2025,2025
15020,2026-06-14,iPhone 16,512GB,Pink,UK,Male,5,979,4895,929.04,Jun-2026,2026
15021,2025-03-31,iPhone 15,256GB,Green,USA,Female,3,909,2727,494.67,Mar-2025,2025
15022,2025-09-12,iPhone 13,256GB,Black,UK,Male,4,709,2836,463.12,Sep-2025,2025
15023,2026-03-31,iPhone 16 Pro Max,256GB,Blue,USA,Female,1,1319,1319,294.32,Mar-2026,2026
15024,2025-09-10,iPhone 16 Pro Max,128GB,Natural Titanium,India,Male,3,1219,3657,831.78,Sep-2025,2025
15025,2025-09-14,iPhone 15,512GB,Green,India,Male,1,999,999,180.53,Sep-2025,2025
15026,2026-01-18,iPhone 15 Pro,128GB,Black,Germany,Male,2,1019,2038,455.68,Jan-2026,2026
15027,2026-03-18,iPhone 16 Pro,128GB,Green,UK,Male,1,1069,1069,226.55,Mar-2026,2026
15028,2026-08-22,iPhone 16,128GB,Blue,UAE,Female,1,809,809,147.43,Aug-2026,2026
15029,2025-03-31,iPhone 15 Pro,128GB,Pink,USA,Female,4,999,3996,849.2,Mar-2025,2025
15030,2026-01-25,iPhone 16 Plus,128GB,Natural Titanium,UAE,Female,1,919,919,181.74,Jan-2026,2026
15031,2026-08-05,iPhone 16 Pro,128GB,Green,UK,Female,3,1119,3357,732.55,Aug-2026,2026
15032,2025-02-13,iPhone 16 Pro Max,128GB,Pink,India,Male,2,1199,2398,532.49,Feb-2025,2025
15033,2026-08-21,iPhone 15 Pro,128GB,Natural Titanium,Germany,Male,1,1009,1009,208.75,Aug-2026,2026
15034,2025-01-19,iPhone 15,128GB,Blue,India,Female,1,809,809,167.4,Jan-2025,2025
15035,2025-04-11,iPhone 16 Pro Max,128GB,Natural Titanium,India,Female,1,1199,1199,270.45,Apr-2025,2025
15036,2026-08-30,iPhone 14,1TB,Blue,India,Female,4,979,3916,675.44,Aug-2026,2026
15037,2025-12-23,iPhone 16 Plus,128GB,Green,UAE,Male,5,909,4545,850.3,Dec-2025,2025
15038,2026-06-26,iPhone 14,128GB,Green,UAE,Male,2,669,1338,237.52,Jun-2026,2026
15039,2025-02-02,iPhone 15 Pro,128GB,Blue,UAE,Male,3,1009,3027,646.31,Feb-2025,2025
15040,2025-08-17,iPhone 15 Pro Max,128GB,Green,Germany,Male,1,1199,1199,264.13,Aug-2025,2025
15041,2026-06-08,iPhone 15,256GB,Green,India,Female,1,899,899,176.57,Jun-2026,2026
15042,2025-06-04,iPhone 16 Pro Max,128GB,Green,UK,Male,1,1199,1199,274.46,Jun-2025,2025
15043,2026-02-27,iPhone 13,128GB,Purple,UK,Female,2,599,1198,215.45,Feb-2026,2026
15044,2025-09-03,iPhone 16 Pro,128GB,Green,Singapore,Female,1,1069,1069,233.75,Sep-2025,2025
15045,2026-02-09,iPhone 16 Pro,256GB,Black,India,Female,2,1179,2358,514.74,Feb-2026,2026
15046,2026-06-25,iPhone 15 Pro,256GB,Blue,Singapore,Female,2,1069,2138,452.94,Jun-2026,2026
15047,2025-06-10,iPhone 16 Plus,128GB,Blue,India,Male,1,869,869,150.69,Jun-2025,2025
15048,2025-04-27,iPhone 15,128GB,White,Canada,Female,1,809,809,148.48,Apr-2025,2025
15049,2025-09-28,iPhone 16 Plus,128GB,Pink,UK,Male,1,899,899,160.99,Sep-2025,2025
15050,2026-05-02,iPhone 16,256GB,White,Canada,Female,3,899,2697,524.08,May-2026,2026
15051,2025-06-21,iPhone 15 Pro,128GB,Green,India,Male,1,969,969,214.14,Jun-2025,2025
15052,2025-10-01,iPhone 15 Pro,128GB,Green,India,Male,1,969,969,194.36,Oct-2025,2025
15053,2025-09-16,iPhone 16 Plus,128GB,Natural Titanium,India,Male,3,919,2757,518.5,Sep-2025,2025
15054,2025-05-15,iPhone 16 Pro Max,128GB,Black,UK,Male,1,1179,1179,282.81,May-2025,2025
15055,2026-02-26,iPhone 14,128GB,Black,UK,Female,1,679,679,138.82,Feb-2026,2026
15056,2026-02-25,iPhone 16,128GB,Black,Germany,Female,2,819,1638,311.35,Feb-2026,2026
15057,2025-07-05,iPhone 15,128GB,Black,USA,Male,2,799,1598,297.62,Jul-2025,2025
15058,2025-12-30,iPhone 16 Pro,128GB,Black,India,Male,2,1099,2198,492.62,Dec-2025,2025
15059,2026-08-30,iPhone 14,256GB,Black,India,Female,1,769,769,139.87,Aug-2026,2026
15060,2026-01-13,iPhone 16 Plus,128GB,Black,India,Male,1,909,909,145.13,Jan-2026,2026
15061,2026-06-07,iPhone 15,256GB,Black,Canada,Female,2,919,1838,319.93,Jun-2026,2026
15062,2026-08-03,iPhone 16,256GB,Natural Titanium,Canada,Male,1,879,879,184.66,Aug-2026,2026
15063,2025-07-15,iPhone 16 Pro,256GB,Purple,Singapore,Female,3,1169,3507,762.14,Jul-2025,2025
15064,2025-04-08,iPhone 16 Plus,512GB,Black,USA,Female,1,1109,1109,208.18,Apr-2025,2025
15065,2026-08-28,iPhone 16 Plus,128GB,Blue,India,Male,1,869,869,188.76,Aug-2026,2026
15066,2025-01-22,iPhone 16,128GB,Black,India,Male,1,799,799,145.92,Jan-2025,2025
15067,2026-03-26,iPhone 16 Pro,256GB,Pink,UK,Female,3,1219,3657,806.19,Mar-2026,2026
15068,2025-06-21,iPhone 16,256GB,Black,Singapore,Female,2,899,1798,346.68,Jun-2025,2025
15069,2026-01-18,iPhone 16 Pro Max,256GB,Purple,India,Female,1,1309,1309,315.08,Jan-2026,2026
15070,2025-05-14,iPhone 16,128GB,Natural Titanium,India,Female,2,779,1558,303.39,May-2025,2025
15071,2026-03-02,iPhone 15 Pro Max,256GB,Green,UAE,Male,1,1319,1319,284.01,Mar-2026,2026
15072,2025-01-25,iPhone 15,512GB,Purple,UAE,Male,1,999,999,179.95,Jan-2025,2025
15073,2026-05-18,iPhone 16,128GB,Purple,India,Male,1,779,779,145.29,May-2026,2026
15074,2025-07-04,iPhone 14,1TB,Green,Canada,Female,1,1009,1009,182.41,Jul-2025,2025
15075,2025-03-26,iPhone 16 Pro,128GB,Black,India,Male,1,1119,1119,245.66,Mar-2025,2025
15076,2026-07-21,iPhone 16 Plus,128GB,Natural Titanium,Germany,Female,1,909,909,175.38,Jul-2026,2026
15077,2025-05-24,iPhone 16 Pro Max,128GB,Natural Titanium,India,Female,1,1169,1169,263.14,May-2025,2025
15078,2026-02-16,iPhone 14,128GB,Black,India,Female,1,709,709,144.58,Feb-2026,2026
15079,2025-08-12,iPhone 15,256GB,Green,India,Male,1,869,869,146.51,Aug-2025,2025
15080,2025-08-08,iPhone 16 Pro,256GB,Pink,India,Male,4,1179,4716,1063.01,Aug-2025,2025
15081,2025-06-28,iPhone 15 Pro,256GB,White,USA,Female,2,1119,2238,467.84,Jun-2025,2025
15082,2026-03-09,iPhone 15 Pro Max,128GB,Blue,UAE,Male,4,1169,4676,1039.68,Mar-2026,2026
15083,2025-09-22,iPhone 16 Pro,128GB,Green,USA,Female,1,1119,1119,247.59,Sep-2025,2025
15084,2026-03-05,iPhone 16,128GB,Black,UAE,Female,1,779,779,133.74,Mar-2026,2026
15085,2026-02-20,iPhone 15,1TB,Blue,India,Male,2,1099,2198,389.82,Feb-2026,2026
15086,2026-03-29,iPhone 16 Pro,128GB,Black,India,Male,2,1079,2158,488.23,Mar-2026,2026
15087,2025-07-16,iPhone 13,512GB,White,Singapore,Male,2,799,1598,243.11,Jul-2025,2025
15088,2026-07-08,iPhone 16 Pro,128GB,White,Canada,Female,2,1069,2138,439.3,Jul-2026,2026
15089,2025-02-22,iPhone 13,128GB,Green,India,Male,2,599,1198,169.97,Feb-2025,2025
15090,2026-04-25,iPhone 16,128GB,Blue,USA,Female,3,779,2337,444.12,Apr-2026,2026
15091,2026-03-19,iPhone 14,128GB,Purple,UK,Female,2,709,1418,229.28,Mar-2026,2026
15092,2025-11-26,iPhone 16 Plus,1TB,Natural Titanium,India,Male,4,1169,4676,889.14,Nov-2025,2025
15093,2025-09-08,iPhone 13,256GB,Natural Titanium,UK,Female,4,679,2716,441.64,Sep-2025,2025
15094,2025-05-03,iPhone 16 Pro,512GB,Blue,USA,Female,1,1299,1299,293.34,May-2025,2025
15095,2026-01-22,iPhone 15 Pro Max,512GB,Purple,India,Female,1,1419,1419,316.68,Jan-2026,2026
15096,2025-12-05,iPhone 14,256GB,White,India,Male,1,809,809,161.86,Dec-2025,2025
15097,2025-12-14,iPhone 16 Plus,256GB,Black,UAE,Male,1,1019,1019,212.58,Dec-2025,2025
15098,2025-01-29,iPhone 15 Pro Max,256GB,Natural Titanium,India,Male,1,1269,1269,267.74,Jan-2025,2025
15099,2025-02-04,iPhone 15,256GB,Purple,India,Male,1,899,899,169.32,Feb-2025,2025
15100,2026-06-02,iPhone 13,128GB,Purple,UAE,Male,1,609,609,104.29,Jun-2026,2026
15101,2026-01-31,iPhone 15 Pro Max,128GB,Green,UAE,Female,2,1219,2438,523.12,Jan-2026,2026
15102,2025-10-21,iPhone 14,256GB,Pink,India,Male,1,799,799,129.23,Oct-2025,2025
15103,2026-08-12,iPhone 14,128GB,White,Australia,Female,2,709,1418,221.54,Aug-2026,2026
15104,2025-12-15,iPhone 15,128GB,Purple,UAE,Female,1,819,819,140.8,Dec-2025,2025
15105,2025-05-27,iPhone 16,512GB,White,India,Male,3,969,2907,560.06,May-2025,2025
15106,2025-03-08,iPhone 16,128GB,Green,USA,Male,3,799,2397,468.26,Mar-2025,2025
15107,2026-06-04,iPhone 13,256GB,Black,UAE,Female,1,679,679,135.22,Jun-2026,2026
15108,2025-05-02,iPhone 16 Pro Max,128GB,Blue,India,Female,4,1199,4796,1112.58,May-2025,2025
15109,2025-12-06,iPhone 16 Pro,256GB,White,USA,Male,1,1199,1199,268.67,Dec-2025,2025
15110,2025-06-24,iPhone 15,128GB,Green,UK,Female,3,799,2397,453.47,Jun-2025,2025
15111,2026-08-20,iPhone 14,1TB,Green,USA,Male,2,1009,2018,361.7,Aug-2026,2026
15112,2026-03-27,iPhone 16 Pro Max,1TB,Green,UK,Female,1,1499,1499,338.07,Mar-2026,2026
15113,2026-07-11,iPhone 15 Pro Max,512GB,Natural Titanium,USA,Male,1,1399,1399,306.3,Jul-2026,2026
15114,2025-05-16,iPhone 15 Pro,128GB,Natural Titanium,India,Male,1,979,979,213.92,May-2025,2025
15115,2025-01-16,iPhone 15 Pro Max,128GB,Natural Titanium,USA,Male,3,1199,3597,775.13,Jan-2025,2025
15116,2025-11-29,iPhone 16 Pro,512GB,Blue,USA,Female,2,1319,2638,585.04,Nov-2025,2025
15117,2025-07-14,iPhone 15,512GB,Natural Titanium,Canada,Female,1,1009,1009,186.88,Jul-2025,2025
15118,2026-05-11,iPhone 16 Pro,512GB,White,UK,Male,2,1299,2598,580.37,May-2026,2026
15119,2025-01-09,iPhone 16 Plus,256GB,Purple,USA,Male,1,999,999,200.3,Jan-2025,2025
15120,2025-11-30,iPhone 16,128GB,Green,Singapore,Male,1,809,809,149.63,Nov-2025,2025
15121,2025-11-29,iPhone 16 Pro,128GB,Blue,India,Male,4,1109,4436,981.19,Nov-2025,2025
15122,2025-11-23,iPhone 14,512GB,Natural Titanium,India,Male,1,899,899,147.86,Nov-2025,2025
15123,2025-01-15,iPhone 16,256GB,Black,India,Male,1,909,909,184.22,Jan-2025,2025
15124,2025-08-14,iPhone 15 Pro Max,128GB,Pink,India,Male,4,1199,4796,1057.59,Aug-2025,2025
15125,2026-03-01,iPhone 15 Pro Max,128GB,White,UK,Male,1,1169,1169,268.81,Mar-2026,2026
15126,2026-02-12,iPhone 15,256GB,Blue,India,Female,1,879,879,136.39,Feb-2026,2026
15127,2025-04-23,iPhone 15 Pro,256GB,Pink,India,Female,1,1079,1079,211.09,Apr-2025,2025
15128,2026-03-04,iPhone 14,128GB,Pink,India,Female,2,679,1358,234.7,Mar-2026,2026
15129,2025-01-01,iPhone 15,128GB,Natural Titanium,UAE,Female,2,769,1538,261.8,Jan-2025,2025
15130,2025-09-23,iPhone 15,128GB,Blue,Australia,Male,1,779,779,152.38,Sep-2025,2025
15131,2026-05-06,iPhone 16 Plus,128GB,Purple,Canada,Male,2,899,1798,353.87,May-2026,2026
15132,2025-07-27,iPhone 13,512GB,Purple,India,Female,3,819,2457,398.65,Jul-2025,2025
15133,2026-01-04,iPhone 16,256GB,Blue,UK,Female,2,899,1798,337.85,Jan-2026,2026
15134,2025-11-02,iPhone 15,256GB,Blue,India,Male,3,879,2637,470.49,Nov-2025,2025
15135,2025-01-12,iPhone 14,256GB,Green,India,Male,1,779,779,143.18,Jan-2025,2025
15136,2025-12-11,iPhone 15 Pro,128GB,Black,Canada,Female,1,999,999,217.13,Dec-2025,2025
15137,2026-04-10,iPhone 15,256GB,Purple,USA,Female,2,919,1838,320.5,Apr-2026,2026
15138,2026-05-09,iPhone 16,1TB,Green,India,Female,1,1099,1099,213.85,May-2026,2026
15139,2026-01-03,iPhone 15 Pro,256GB,Pink,USA,Female,1,1079,1079,244.4,Jan-2026,2026
15140,2026-02-24,iPhone 16 Pro Max,128GB,Pink,India,Male,1,1209,1209,284.88,Feb-2026,2026
15141,2025-06-20,iPhone 16 Pro Max,256GB,Pink,USA,Male,3,1269,3807,871.15,Jun-2025,2025
15142,2025-05-14,iPhone 15 Pro Max,512GB,Blue,USA,Female,1,1399,1399,305.11,May-2025,2025
15143,2026-03-03,iPhone 16 Pro,128GB,White,India,Male,1,1099,1099,237.3,Mar-2026,2026
15144,2025-01-25,iPhone 13,128GB,Green,Germany,Male,1,569,569,85.74,Jan-2025,2025
15145,2026-06-14,iPhone 16,512GB,White,UK,Female,3,979,2937,543.5,Jun-2026,2026
15146,2025-07-09,iPhone 16 Plus,512GB,Natural Titanium,Australia,Male,2,1079,2158,411.32,Jul-2025,2025
15147,2025-05-21,iPhone 15,128GB,Black,Canada,Female,1,779,779,121.52,May-2025,2025
15148,2026-07-09,iPhone 13,128GB,Black,UAE,Male,3,579,1737,287.27,Jul-2026,2026
15149,2025-11-11,iPhone 15,128GB,Green,USA,Female,3,779,2337,416.72,Nov-2025,2025
15150,2026-03-20,iPhone 15 Pro Max,128GB,Pink,India,Female,2,1219,2438,552.22,Mar-2026,2026
15151,2025-11-15,iPhone 15 Pro Max,512GB,Natural Titanium,UK,Male,1,1399,1399,295.85,Nov-2025,2025
15152,2026-03-17,iPhone 15 Pro,128GB,Purple,India,Male,2,979,1958,409.55,Mar-2026,2026
15153,2025-04-02,iPhone 15 Pro Max,128GB,Black,India,Male,4,1199,4796,1056.45,Apr-2025,2025
15154,2025-06-28,iPhone 15 Pro Max,512GB,White,USA,Male,1,1409,1409,296.12,Jun-2025,2025
15155,2025-02-25,iPhone 16 Pro,128GB,White,UAE,Male,1,1079,1079,243.25,Feb-2025,2025
15156,2025-06-04,iPhone 14,256GB,Purple,Singapore,Male,1,819,819,125.45,Jun-2025,2025
15157,2025-04-21,iPhone 16 Pro,128GB,Blue,India,Female,2,1099,2198,488.71,Apr-2025,2025
15158,2025-05-17,iPhone 16 Plus,512GB,Pink,USA,Female,2,1099,2198,435.42,May-2025,2025
15159,2025-08-20,iPhone 16 Plus,1TB,Blue,Australia,Male,1,1199,1199,234.93,Aug-2025,2025
15160,2026-04-13,iPhone 16 Plus,128GB,Green,India,Male,1,869,869,159.78,Apr-2026,2026
15161,2026-04-26,iPhone 15 Pro Max,512GB,Black,India,Male,4,1369,5476,1218.71,Apr-2026,2026
15162,2025-03-09,iPhone 15,1TB,Purple,India,Female,3,1099,3297,621.34,Mar-2025,2025
15163,2025-09-06,iPhone 16,1TB,Purple,Germany,Male,4,1079,4316,823.03,Sep-2025,2025
15164,2025-11-19,iPhone 16 Pro Max,128GB,Purple,India,Male,3,1179,3537,805.64,Nov-2025,2025
15165,2026-06-02,iPhone 16,128GB,Blue,India,Male,1,819,819,156.53,Jun-2026,2026
15166,2026-03-08,iPhone 13,128GB,Blue,USA,Female,1,579,579,78.04,Mar-2026,2026
15167,2026-05-02,iPhone 13,128GB,Green,Australia,Female,2,619,1238,211.68,May-2026,2026
15168,2026-08-29,iPhone 16 Pro Max,128GB,White,Germany,Female,1,1199,1199,279.46,Aug-2026,2026
15169,2026-03-05,iPhone 14,128GB,White,USA,Male,1,669,669,107.41,Mar-2026,2026
15170,2025-09-26,iPhone 13,256GB,Natural Titanium,Germany,Male,1,669,669,113.29,Sep-2025,2025
15171,2026-06-21,iPhone 15 Pro,256GB,Green,India,Male,4,1099,4396,917.2,Jun-2026,2026
15172,2025-05-28,iPhone 16 Pro Max,512GB,Purple,India,Female,1,1419,1419,324.04,May-2025,2025
15173,2025-04-28,iPhone 15 Pro,512GB,White,Germany,Male,1,1169,1169,245.51,Apr-2025,2025
15174,2026-01-02,iPhone 15 Pro,128GB,Green,USA,Male,2,969,1938,428.67,Jan-2026,2026
15175,2025-03-07,iPhone 16,256GB,White,India,Male,3,909,2727,504.61,Mar-2025,2025
15176,2026-01-05,iPhone 13,256GB,Natural Titanium,USA,Female,4,669,2676,437.48,Jan-2026,2026
15177,2025-06-24,iPhone 16 Pro,128GB,Green,Canada,Male,2,1099,2198,475.12,Jun-2025,2025
15178,2026-08-11,iPhone 16,128GB,White,Canada,Male,1,819,819,176.78,Aug-2026,2026
15179,2026-05-10,iPhone 15 Pro Max,512GB,Purple,Australia,Female,1,1379,1379,292.38,May-2026,2026
15180,2025-04-24,iPhone 16 Pro,128GB,Blue,UK,Male,4,1099,4396,956.4,Apr-2025,2025
15181,2025-04-21,iPhone 16 Pro Max,512GB,Blue,Australia,Female,2,1419,2838,661.95,Apr-2025,2025
15182,2026-03-15,iPhone 15 Pro Max,512GB,Natural Titanium,USA,Male,2,1379,2758,606.78,Mar-2026,2026
15183,2025-05-27,iPhone 15,128GB,Purple,UK,Female,1,779,779,150.02,May-2025,2025
15184,2025-02-04,iPhone 16 Pro,512GB,White,UAE,Male,1,1299,1299,300.43,Feb-2025,2025
15185,2025-11-05,iPhone 15 Pro,128GB,Purple,USA,Male,2,1019,2038,430.27,Nov-2025,2025
15186,2026-06-22,iPhone 16 Pro Max,512GB,Green,India,Female,3,1369,4107,956.85,Jun-2026,2026
15187,2025-01-14,iPhone 16 Pro Max,512GB,Blue,India,Male,5,1399,6995,1585.52,Jan-2025,2025
15188,2026-01-09,iPhone 14,128GB,Black,UK,Female,3,679,2037,350.68,Jan-2026,2026
15189,2026-07-11,iPhone 16 Pro Max,256GB,Natural Titanium,India,Female,2,1309,2618,599.8,Jul-2026,2026
15190,2026-03-04,iPhone 15 Pro,256GB,White,India,Female,2,1109,2218,483.88,Mar-2026,2026
15191,2025-08-21,iPhone 16,128GB,Black,India,Male,3,819,2457,440.75,Aug-2025,2025
15192,2026-07-17,iPhone 13,1TB,Black,India,Female,1,899,899,135.08,Jul-2026,2026
15193,2026-03-16,iPhone 16 Pro,128GB,Natural Titanium,UAE,Female,4,1099,4396,951.34,Mar-2026,2026
15194,2026-05-17,iPhone 16,256GB,Pink,India,Female,2,869,1738,332.8,May-2026,2026
15195,2025-10-02,iPhone 16,128GB,Black,India,Male,4,799,3196,610.28,Oct-2025,2025
15196,2025-03-17,iPhone 16 Pro Max,256GB,Black,UAE,Female,3,1299,3897,896.76,Mar-2025,2025
15197,2026-03-15,iPhone 15 Pro Max,512GB,Purple,Australia,Male,1,1399,1399,317.41,Mar-2026,2026
15198,2025-10-16,iPhone 15 Pro Max,256GB,Pink,India,Male,1,1299,1299,299.03,Oct-2025,2025
15199,2026-06-24,iPhone 16 Pro,256GB,Pink,India,Female,1,1219,1219,272.55,Jun-2026,2026
15200,2025-09-10,iPhone 16 Plus,256GB,Pink,Germany,Female,1,999,999,173.82,Sep-2025,2025
15201,2025-05-06,iPhone 16 Pro Max,128GB,Natural Titanium,USA,Male,1,1219,1219,273.7,May-2025,2025
15202,2025-06-26,iPhone 16 Pro Max,128GB,Green,Germany,Female,2,1219,2438,568.96,Jun-2025,2025
15203,2025-02-06,iPhone 15 Pro,128GB,Pink,India,Male,1,999,999,212.81,Feb-2025,2025
15204,2026-02-14,iPhone 15 Pro Max,128GB,Purple,India,Male,1,1179,1179,251.66,Feb-2026,2026
15205,2025-05-07,iPhone 15,128GB,Green,India,Female,5,819,4095,749.53,May-2025,2025
15206,2026-04-28,iPhone 16,512GB,White,India,Male,1,979,979,193.1,Apr-2026,2026
15207,2025-06-17,iPhone 15 Pro,1TB,Green,Germany,Female,3,1299,3897,830.63,Jun-2025,2025
15208,2026-08-15,iPhone 16 Pro,128GB,White,Singapore,Female,1,1069,1069,239.75,Aug-2026,2026
15209,2025-10-21,iPhone 14,128GB,Pink,Singapore,Male,3,699,2097,347.93,Oct-2025,2025
15210,2025-12-09,iPhone 14,128GB,Pink,Australia,Female,1,719,719,139.7,Dec-2025,2025
15211,2025-11-06,iPhone 15,512GB,White,Australia,Male,2,969,1938,357.03,Nov-2025,2025
15212,2026-06-12,iPhone 14,128GB,Blue,UAE,Male,2,709,1418,247.47,Jun-2026,2026
15213,2026-06-24,iPhone 16,256GB,Purple,Canada,Female,4,869,3476,671.29,Jun-2026,2026
15214,2026-02-23,iPhone 14,256GB,Green,India,Female,1,799,799,132.7,Feb-2026,2026
15215,2026-03-20,iPhone 15,256GB,Purple,USA,Male,1,879,879,165.09,Mar-2026,2026
15216,2026-07-12,iPhone 13,128GB,Purple,UK,Male,3,599,1797,286.24,Jul-2026,2026
15217,2025-08-24,iPhone 16 Pro,128GB,Black,Australia,Male,1,1119,1119,237.34,Aug-2025,2025
15218,2026-03-15,iPhone 16 Pro,128GB,Pink,UAE,Male,1,1099,1099,225.66,Mar-2026,2026
15219,2025-08-02,iPhone 15,128GB,Green,Australia,Female,2,799,1598,263.45,Aug-2025,2025
15220,2025-03-26,iPhone 16 Plus,512GB,Purple,USA,Male,1,1069,1069,207.72,Mar-2025,2025
15221,2025-03-26,iPhone 15 Pro Max,128GB,Green,UAE,Male,1,1179,1179,250.5,Mar-2025,2025
15222,2026-05-04,iPhone 15,128GB,Purple,Singapore,Female,1,779,779,134.2,May-2026,2026
15223,2025-03-06,iPhone 16,512GB,Pink,India,Male,1,1019,1019,184.37,Mar-2025,2025
15224,2025-03-05,iPhone 15,128GB,Purple,Germany,Male,1,769,769,120.15,Mar-2025,2025
15225,2025-12-09,iPhone 16 Plus,128GB,White,USA,Female,1,869,869,177.92,Dec-2025,2025
15226,2025-12-18,iPhone 13,512GB,Pink,UK,Male,3,769,2307,393.46,Dec-2025,2025
15227,2025-06-07,iPhone 16 Pro Max,256GB,Green,Australia,Female,4,1309,5236,1182.72,Jun-2025,2025
15228,2026-08-12,iPhone 14,128GB,Natural Titanium,USA,Male,1,709,709,125.18,Aug-2026,2026
15229,2026-05-06,iPhone 16,256GB,Blue,USA,Male,3,899,2697,498.22,May-2026,2026
15230,2026-04-08,iPhone 16 Pro Max,256GB,Purple,USA,Male,4,1319,5276,1223.19,Apr-2026,2026
15231,2025-08-13,iPhone 13,128GB,White,India,Male,2,609,1218,211.83,Aug-2025,2025
15232,2025-11-09,iPhone 15 Pro Max,256GB,Pink,USA,Male,5,1269,6345,1405.24,Nov-2025,2025
15233,2026-04-11,iPhone 15 Pro,256GB,Black,India,Male,1,1069,1069,213.45,Apr-2026,2026
15234,2025-03-29,iPhone 16,1TB,Natural Titanium,Germany,Male,3,1069,3207,600.89,Mar-2025,2025
15235,2025-10-30,iPhone 15,1TB,Natural Titanium,India,Male,2,1079,2158,383.21,Oct-2025,2025
15236,2026-03-11,iPhone 13,128GB,Pink,USA,Male,1,619,619,107.36,Mar-2026,2026
15237,2025-05-15,iPhone 16,256GB,Natural Titanium,Germany,Female,2,879,1758,331.37,May-2025,2025
15238,2025-02-19,iPhone 15 Pro Max,128GB,Green,Germany,Female,2,1209,2418,540.26,Feb-2025,2025
15239,2026-03-08,iPhone 16,128GB,Green,UAE,Female,1,799,799,151.96,Mar-2026,2026
15240,2025-12-06,iPhone 15,128GB,Black,UK,Female,1,799,799,143.02,Dec-2025,2025
15241,2025-12-13,iPhone 15 Pro,256GB,White,India,Male,2,1069,2138,450.44,Dec-2025,2025
15242,2025-12-13,iPhone 16,256GB,Green,India,Female,2,879,1758,333.57,Dec-2025,2025
15243,2025-09-02,iPhone 16,128GB,White,India,Female,2,819,1638,292.53,Sep-2025,2025
15244,2025-04-19,iPhone 15 Pro,512GB,White,Canada,Male,2,1199,2398,492.17,Apr-2025,2025
15245,2026-06-17,iPhone 15,256GB,Pink,India,Male,1,909,909,183.41,Jun-2026,2026
15246,2025-03-31,iPhone 15,256GB,White,UAE,Male,1,879,879,163.94,Mar-2025,2025
15247,2025-10-23,iPhone 15,128GB,Purple,India,Male,3,769,2307,436.89,Oct-2025,2025
15248,2025-04-22,iPhone 15 Pro,256GB,Green,USA,Male,3,1069,3207,662.83,Apr-2025,2025
15249,2026-08-12,iPhone 15,512GB,Green,USA,Female,2,999,1998,359.59,Aug-2026,2026
15250,2025-06-26,iPhone 16,128GB,Blue,Canada,Female,5,819,4095,775.68,Jun-2025,2025
15251,2025-12-09,iPhone 16,128GB,Natural Titanium,India,Male,4,819,3276,609.9,Dec-2025,2025
15252,2025-04-11,iPhone 15 Pro,1TB,White,USA,Female,1,1269,1269,246.31,Apr-2025,2025
15253,2026-08-27,iPhone 15 Pro,256GB,Blue,India,Male,1,1069,1069,212.62,Aug-2026,2026
15254,2026-02-05,iPhone 15,256GB,Pink,India,Female,1,899,899,174.39,Feb-2026,2026
15255,2025-01-28,iPhone 16,128GB,Blue,UK,Female,1,809,809,147.98,Jan-2025,2025
15256,2026-06-21,iPhone 16 Pro Max,256GB,Natural Titanium,India,Female,3,1299,3897,892.53,Jun-2026,2026
15257,2025-02-27,iPhone 16 Plus,128GB,White,India,Female,1,899,899,170.7,Feb-2025,2025
15258,2026-05-13,iPhone 16 Plus,128GB,Natural Titanium,Germany,Male,3,879,2637,502.98,May-2026,2026
15259,2025-10-24,iPhone 16 Pro,128GB,Green,USA,Male,2,1119,2238,488.74,Oct-2025,2025
15260,2025-05-14,iPhone 15 Pro,128GB,Pink,India,Female,2,999,1998,414.91,May-2025,2025
15261,2025-11-27,iPhone 13,256GB,White,India,Female,1,719,719,119.81,Nov-2025,2025
15262,2025-09-06,iPhone 16,1TB,Pink,India,Female,1,1069,1069,222.66,Sep-2025,2025
15263,2026-07-04,iPhone 15,128GB,Black,USA,Female,2,809,1618,283.85,Jul-2026,2026
15264,2025-03-16,iPhone 16,256GB,White,UAE,Female,3,869,2607,476.96,Mar-2025,2025
15265,2025-06-17,iPhone 16 Plus,128GB,Black,UK,Female,3,909,2727,510.6,Jun-2025,2025
15266,2026-05-18,iPhone 16 Pro,128GB,Blue,India,Female,2,1109,2218,486.76,May-2026,2026
15267,2025-12-21,iPhone 15 Pro,1TB,White,UK,Male,1,1309,1309,252.79,Dec-2025,2025
15268,2025-08-13,iPhone 16,128GB,Black,USA,Male,1,779,779,149.2,Aug-2025,2025
15269,2026-06-15,iPhone 16,128GB,Purple,USA,Female,3,799,2397,462.3,Jun-2026,2026
15270,2025-05-26,iPhone 16 Pro,128GB,Green,Canada,Male,1,1119,1119,233.79,May-2025,2025
15271,2025-08-29,iPhone 16 Pro,256GB,Blue,India,Female,2,1219,2438,532.81,Aug-2025,2025
15272,2025-12-10,iPhone 16 Pro Max,128GB,White,India,Male,2,1179,2358,550.47,Dec-2025,2025
15273,2025-02-04,iPhone 13,128GB,White,Australia,Male,1,579,579,92.26,Feb-2025,2025
15274,2025-01-01,iPhone 15 Pro Max,512GB,Green,India,Female,1,1379,1379,305.26,Jan-2025,2025
15275,2025-06-02,iPhone 15,128GB,Green,India,Male,4,799,3196,574.03,Jun-2025,2025
15276,2026-03-05,iPhone 14,128GB,Natural Titanium,UAE,Male,3,699,2097,357.58,Mar-2026,2026
15277,2026-05-23,iPhone 16 Pro Max,128GB,Black,UAE,Male,3,1199,3597,846.26,May-2026,2026
15278,2025-05-06,iPhone 16 Pro Max,128GB,Black,Canada,Female,1,1179,1179,278.07,May-2025,2025
15279,2026-05-06,iPhone 15,256GB,Black,India,Female,1,869,869,132.0,May-2026,2026
15280,2026-04-27,iPhone 13,256GB,Natural Titanium,India,Female,5,699,3495,561.19,Apr-2026,2026
15281,2025-12-11,iPhone 15,256GB,Pink,India,Male,1,899,899,182.99,Dec-2025,2025
15282,2025-08-09,iPhone 16 Pro,128GB,Blue,USA,Female,2,1079,2158,475.35,Aug-2025,2025
15283,2025-01-25,iPhone 15 Pro,128GB,White,India,Male,1,999,999,188.11,Jan-2025,2025
15284,2026-06-12,iPhone 13,128GB,Blue,UAE,Male,2,569,1138,169.82,Jun-2026,2026
15285,2025-07-01,iPhone 13,128GB,Green,India,Male,1,609,609,96.25,Jul-2025,2025
15286,2026-05-14,iPhone 15 Pro Max,128GB,Purple,India,Male,4,1209,4836,1054.4,May-2026,2026
15287,2025-02-11,iPhone 16 Pro Max,128GB,Blue,USA,Male,5,1219,6095,1421.31,Feb-2025,2025
15288,2026-04-26,iPhone 15,128GB,Blue,Singapore,Male,1,769,769,125.66,Apr-2026,2026
15289,2026-03-15,iPhone 15 Pro Max,256GB,Black,Germany,Male,1,1279,1279,280.83,Mar-2026,2026
15290,2026-02-06,iPhone 14,128GB,Green,Singapore,Female,2,699,1398,237.59,Feb-2026,2026
15291,2026-06-30,iPhone 15 Pro Max,128GB,Blue,USA,Male,1,1199,1199,282.35,Jun-2026,2026
15292,2025-12-11,iPhone 16 Plus,128GB,White,India,Female,5,909,4545,862.49,Dec-2025,2025
15293,2025-02-14,iPhone 15,128GB,Black,India,Female,1,799,799,157.47,Feb-2025,2025
15294,2025-01-21,iPhone 15 Pro,256GB,Natural Titanium,UAE,Male,1,1109,1109,229.85,Jan-2025,2025
15295,2025-03-11,iPhone 16 Pro,128GB,Blue,India,Male,2,1119,2238,490.89,Mar-2025,2025
15296,2025-02-17,iPhone 13,128GB,Green,India,Female,3,599,1797,283.05,Feb-2025,2025
15297,2026-05-06,iPhone 16,128GB,Purple,India,Female,1,819,819,134.72,May-2026,2026
15298,2026-07-05,iPhone 15 Pro,128GB,White,USA,Female,1,979,979,217.67,Jul-2026,2026
15299,2025-10-14,iPhone 15 Pro,256GB,Purple,India,Female,1,1099,1099,239.43,Oct-2025,2025
15300,2025-01-10,iPhone 16,1TB,Green,India,Male,1,1079,1079,204.8,Jan-2025,2025
15301,2026-06-26,iPhone 16 Pro,128GB,Green,USA,Male,1,1099,1099,236.17,Jun-2026,2026
15302,2025-10-01,iPhone 16,256GB,Green,India,Female,3,869,2607,480.56,Oct-2025,2025
15303,2026-08-23,iPhone 13,128GB,Purple,USA,Female,1,569,569,84.52,Aug-2026,2026
15304,2026-01-16,iPhone 15 Pro Max,128GB,Pink,UAE,Female,1,1169,1169,256.77,Jan-2026,2026
15305,2025-11-25,iPhone 15 Pro Max,128GB,White,India,Female,2,1209,2418,535.75,Nov-2025,2025
15306,2026-04-24,iPhone 16,512GB,Green,Canada,Male,1,1009,1009,197.32,Apr-2026,2026
15307,2025-01-15,iPhone 16 Plus,128GB,Pink,India,Female,3,869,2607,484.39,Jan-2025,2025
15308,2026-05-31,iPhone 13,1TB,Black,USA,Female,2,899,1798,277.24,May-2026,2026
15309,2025-07-10,iPhone 15 Pro Max,128GB,Pink,UK,Male,1,1219,1219,267.31,Jul-2025,2025
15310,2025-06-17,iPhone 16,128GB,Black,Singapore,Male,4,809,3236,610.75,Jun-2025,2025
15311,2026-06-05,iPhone 15 Pro,256GB,Purple,UK,Male,2,1119,2238,478.1,Jun-2026,2026
15312,2025-05-17,iPhone 16,512GB,Natural Titanium,India,Female,2,1019,2038,370.38,May-2025,2025
15313,2025-06-03,iPhone 15,512GB,Natural Titanium,USA,Male,3,969,2907,530.19,Jun-2025,2025
15314,2026-01-23,iPhone 15 Pro,256GB,Pink,USA,Male,3,1079,3237,680.5,Jan-2026,2026
15315,2025-07-28,iPhone 16 Pro Max,128GB,Purple,USA,Male,1,1169,1169,261.45,Jul-2025,2025
15316,2025-09-29,iPhone 15 Pro,128GB,Green,India,Male,1,969,969,207.35,Sep-2025,2025
15317,2025-05-23,iPhone 15 Pro,128GB,Pink,USA,Male,1,979,979,212.69,May-2025,2025
15318,2025-03-10,iPhone 16,128GB,Pink,India,Female,3,819,2457,444.0,Mar-2025,2025
15319,2025-09-04,iPhone 16 Pro Max,1TB,Green,UAE,Female,4,1509,6036,1411.67,Sep-2025,2025
15320,2025-09-18,iPhone 16 Pro Max,256GB,Black,UK,Female,1,1319,1319,302.85,Sep-2025,2025
15321,2025-03-20,iPhone 16,512GB,Green,India,Female,1,979,979,191.54,Mar-2025,2025
15322,2026-08-28,iPhone 13,128GB,White,Australia,Female,3,609,1827,297.53,Aug-2026,2026
15323,2026-06-09,iPhone 16 Pro Max,256GB,Natural Titanium,UK,Female,1,1299,1299,300.78,Jun-2026,2026
15324,2025-11-26,iPhone 16,512GB,Natural Titanium,India,Male,1,1009,1009,185.45,Nov-2025,2025
15325,2025-07-08,iPhone 15 Pro,128GB,Pink,India,Male,1,999,999,210.9,Jul-2025,2025
15326,2025-04-05,iPhone 16 Pro,128GB,White,UK,Male,1,1109,1109,244.02,Apr-2025,2025
15327,2025-01-08,iPhone 15 Pro,256GB,Green,India,Female,5,1099,5495,1157.36,Jan-2025,2025
15328,2025-03-08,iPhone 13,256GB,Natural Titanium,Germany,Female,5,709,3545,585.57,Mar-2025,2025
15329,2026-05-11,iPhone 16 Pro,1TB,Purple,India,Female,1,1379,1379,299.72,May-2026,2026
15330,2025-07-10,iPhone 16,128GB,Green,India,Female,5,809,4045,757.53,Jul-2025,2025
15331,2026-01-01,iPhone 15 Pro,128GB,Blue,Germany,Female,1,969,969,204.03,Jan-2026,2026
15332,2026-06-05,iPhone 15,128GB,White,Singapore,Female,3,809,2427,428.03,Jun-2026,2026
15333,2025-04-27,iPhone 16,128GB,Natural Titanium,India,Male,1,779,779,134.67,Apr-2025,2025
15334,2025-09-24,iPhone 15,256GB,Blue,UAE,Female,3,879,2637,465.76,Sep-2025,2025
15335,2026-04-30,iPhone 15 Pro,128GB,White,India,Female,1,1009,1009,195.16,Apr-2026,2026
15336,2026-05-24,iPhone 16,512GB,Purple,UAE,Female,1,1009,1009,176.28,May-2026,2026
15337,2025-10-25,iPhone 16 Pro,512GB,Blue,Australia,Male,4,1309,5236,1169.45,Oct-2025,2025
15338,2025-06-13,iPhone 16,128GB,Blue,India,Female,1,819,819,168.27,Jun-2025,2025
15339,2026-01-11,iPhone 16 Plus,128GB,White,India,Male,5,919,4595,872.65,Jan-2026,2026
15340,2025-09-25,iPhone 16 Pro,256GB,Green,India,Female,1,1199,1199,250.78,Sep-2025,2025
15341,2026-07-03,iPhone 16,256GB,Black,India,Female,1,899,899,148.28,Jul-2026,2026
15342,2025-03-15,iPhone 15,128GB,Green,India,Male,3,809,2427,433.47,Mar-2025,2025
15343,2026-05-23,iPhone 16 Pro,128GB,Black,Canada,Male,2,1109,2218,495.75,May-2026,2026
15344,2025-03-14,iPhone 15 Pro Max,256GB,White,India,Female,1,1299,1299,284.33,Mar-2025,2025
15345,2025-11-04,iPhone 13,256GB,Pink,USA,Female,1,669,669,118.34,Nov-2025,2025
15346,2025-07-18,iPhone 15,128GB,Green,Canada,Female,2,799,1598,282.49,Jul-2025,2025
15347,2025-05-10,iPhone 16 Pro,256GB,Blue,USA,Female,1,1199,1199,260.32,May-2025,2025
15348,2026-07-26,iPhone 13,1TB,Green,USA,Female,2,869,1738,284.54,Jul-2026,2026
15349,2026-05-02,iPhone 14,128GB,White,India,Male,2,699,1398,221.6,May-2026,2026
15350,2025-05-31,iPhone 16 Plus,256GB,Pink,UK,Female,2,999,1998,382.04,May-2025,2025
15351,2025-07-25,iPhone 16 Pro,128GB,Pink,India,Female,5,1079,5395,1188.74,Jul-2025,2025
15352,2025-06-28,iPhone 16,128GB,Green,Canada,Female,2,799,1598,300.84,Jun-2025,2025
15353,2025-07-16,iPhone 15,128GB,Green,India,Male,1,819,819,163.48,Jul-2025,2025
15354,2025-03-30,iPhone 13,128GB,Purple,UAE,Male,1,599,599,104.11,Mar-2025,2025
15355,2026-03-10,iPhone 16,512GB,Green,UK,Male,1,1019,1019,174.61,Mar-2026,2026
15356,2025-07-02,iPhone 13,256GB,White,UK,Female,1,679,679,104.06,Jul-2025,2025
15357,2025-07-28,iPhone 16,128GB,Black,India,Male,1,809,809,145.35,Jul-2025,2025
15358,2026-05-08,iPhone 15,128GB,Purple,India,Male,3,809,2427,435.45,May-2026,2026
15359,2025-05-10,iPhone 16 Pro Max,256GB,Black,Australia,Male,3,1309,3927,891.36,May-2025,2025
15360,2025-01-13,iPhone 15 Pro Max,128GB,Blue,India,Male,2,1179,2358,506.09,Jan-2025,2025
15361,2025-04-16,iPhone 15,128GB,Natural Titanium,India,Female,2,799,1598,285.63,Apr-2025,2025
15362,2026-01-10,iPhone 16 Pro,256GB,White,UK,Female,1,1199,1199,264.75,Jan-2026,2026
15363,2026-08-05,iPhone 15,512GB,Purple,Canada,Female,2,979,1958,342.57,Aug-2026,2026
15364,2025-04-09,iPhone 15 Pro,128GB,Pink,India,Male,3,999,2997,618.11,Apr-2025,2025
15365,2026-08-17,iPhone 16 Pro,256GB,Purple,UK,Male,2,1199,2398,508.56,Aug-2026,2026
15366,2026-08-10,iPhone 15 Pro,128GB,Blue,USA,Female,1,969,969,207.31,Aug-2026,2026
15367,2025-07-11,iPhone 15 Pro Max,256GB,Pink,India,Male,2,1299,2598,566.85,Jul-2025,2025
15368,2025-11-21,iPhone 15 Pro,256GB,Purple,UK,Female,2,1119,2238,462.82,Nov-2025,2025
15369,2026-04-12,iPhone 14,512GB,Pink,Canada,Male,1,919,919,166.23,Apr-2026,2026
15370,2026-01-02,iPhone 13,256GB,Green,Singapore,Male,1,669,669,76.38,Jan-2026,2026
15371,2025-11-14,iPhone 16 Plus,128GB,Pink,India,Male,3,909,2727,524.43,Nov-2025,2025
15372,2025-05-24,iPhone 16,128GB,Purple,UAE,Female,2,809,1618,324.48,May-2025,2025
15373,2026-01-19,iPhone 15,128GB,Pink,USA,Male,3,799,2397,406.36,Jan-2026,2026
15374,2025-08-04,iPhone 15 Pro,256GB,White,India,Female,1,1119,1119,211.53,Aug-2025,2025
15375,2025-12-27,iPhone 16 Pro Max,512GB,Green,UK,Female,1,1369,1369,297.45,Dec-2025,2025
15376,2025-11-20,iPhone 16 Pro Max,256GB,Green,India,Male,1,1279,1279,279.71,Nov-2025,2025
15377,2025-01-15,iPhone 15 Pro Max,256GB,Blue,India,Male,1,1299,1299,297.78,Jan-2025,2025
15378,2025-08-05,iPhone 16 Pro,128GB,Green,India,Female,2,1109,2218,484.73,Aug-2025,2025
15379,2026-05-07,iPhone 16 Plus,128GB,Black,India,Male,3,909,2727,542.5,May-2026,2026
15380,2026-07-01,iPhone 15 Pro,128GB,White,USA,Female,2,1009,2018,419.29,Jul-2026,2026
15381,2025-07-02,iPhone 13,128GB,Blue,India,Female,5,609,3045,483.68,Jul-2025,2025
15382,2025-09-27,iPhone 14,128GB,Black,USA,Male,1,719,719,138.14,Sep-2025,2025
15383,2026-04-12,iPhone 16 Pro,256GB,Pink,India,Male,1,1199,1199,233.11,Apr-2026,2026
15384,2026-06-03,iPhone 16 Plus,128GB,Natural Titanium,UK,Male,1,919,919,175.92,Jun-2026,2026
15385,2026-06-26,iPhone 16,256GB,Black,Australia,Male,2,899,1798,348.15,Jun-2026,2026
15386,2026-04-12,iPhone 14,256GB,Blue,India,Male,1,769,769,144.11,Apr-2026,2026
15387,2025-11-01,iPhone 16,128GB,Green,USA,Female,2,779,1558,306.75,Nov-2025,2025
15388,2025-05-24,iPhone 16 Pro,256GB,White,UK,Female,1,1169,1169,260.33,May-2025,2025
15389,2025-04-21,iPhone 16 Pro,128GB,Natural Titanium,UK,Female,1,1119,1119,261.73,Apr-2025,2025
15390,2025-08-20,iPhone 13,128GB,Blue,India,Female,1,619,619,115.45,Aug-2025,2025
15391,2026-08-07,iPhone 16 Plus,128GB,Black,UK,Male,1,879,879,174.81,Aug-2026,2026
15392,2026-08-15,iPhone 13,128GB,Natural Titanium,India,Male,3,599,1797,275.38,Aug-2026,2026
15393,2026-05-15,iPhone 16 Plus,256GB,Black,India,Male,3,1009,3027,576.95,May-2026,2026
15394,2026-08-18,iPhone 16,512GB,Blue,USA,Male,1,969,969,193.96,Aug-2026,2026
15395,2026-07-08,iPhone 14,128GB,Natural Titanium,India,Male,3,679,2037,342.96,Jul-2026,2026
15396,2025-09-30,iPhone 16 Pro,128GB,Purple,USA,Male,2,1099,2198,491.94,Sep-2025,2025
15397,2025-06-22,iPhone 13,128GB,Purple,UK,Female,2,579,1158,184.46,Jun-2025,2025
15398,2025-01-07,iPhone 16 Pro,256GB,Blue,UAE,Female,1,1169,1169,250.36,Jan-2025,2025
15399,2025-06-04,iPhone 15,128GB,Purple,India,Male,2,799,1598,289.44,Jun-2025,2025
15400,2026-06-06,iPhone 16 Plus,256GB,Blue,Singapore,Female,1,1009,1009,175.28,Jun-2026,2026
15401,2026-06-30,iPhone 16 Pro Max,256GB,Green,UK,Female,1,1299,1299,301.8,Jun-2026,2026
15402,2026-07-02,iPhone 15 Pro,128GB,Natural Titanium,India,Male,1,969,969,194.9,Jul-2026,2026
15403,2026-06-02,iPhone 15 Pro Max,1TB,Blue,India,Male,2,1499,2998,666.5,Jun-2026,2026
15404,2025-08-03,iPhone 15 Pro Max,128GB,Pink,UK,Female,2,1179,2358,505.13,Aug-2025,2025
15405,2025-05-14,iPhone 15,1TB,White,Australia,Female,4,1099,4396,814.26,May-2025,2025
15406,2025-10-12,iPhone 16,128GB,White,USA,Female,2,799,1598,291.34,Oct-2025,2025
15407,2025-05-06,iPhone 16 Plus,128GB,Pink,UAE,Male,5,909,4545,873.83,May-2025,2025
15408,2026-03-15,iPhone 16 Pro Max,256GB,Black,India,Male,3,1269,3807,873.82,Mar-2026,2026
15409,2025-06-01,iPhone 16 Pro,256GB,Black,USA,Male,1,1219,1219,274.43,Jun-2025,2025
15410,2025-11-27,iPhone 16,512GB,Black,India,Female,2,999,1998,388.41,Nov-2025,2025
15411,2026-06-22,iPhone 16 Plus,128GB,Natural Titanium,UAE,Male,1,879,879,164.61,Jun-2026,2026
15412,2026-01-18,iPhone 16 Pro,512GB,Black,India,Male,2,1279,2558,560.77,Jan-2026,2026
15413,2025-04-25,iPhone 15 Pro Max,128GB,Green,India,Male,2,1209,2418,529.7,Apr-2025,2025
15414,2026-04-27,iPhone 14,128GB,Pink,India,Male,2,699,1398,214.14,Apr-2026,2026
15415,2025-10-11,iPhone 15 Pro Max,128GB,White,Australia,Male,1,1179,1179,269.39,Oct-2025,2025
15416,2025-03-16,iPhone 16 Pro,256GB,Pink,UAE,Female,2,1219,2438,536.86,Mar-2025,2025
15417,2025-06-15,iPhone 16,256GB,White,India,Male,1,879,879,162.93,Jun-2025,2025
15418,2025-07-08,iPhone 16 Plus,128GB,Black,Germany,Male,1,909,909,171.13,Jul-2025,2025
15419,2025-03-19,iPhone 15,128GB,Green,India,Male,2,799,1598,282.33,Mar-2025,2025
15420,2026-08-25,iPhone 16 Pro Max,128GB,Blue,India,Female,2,1209,2418,531.66,Aug-2026,2026
15421,2025-01-21,iPhone 15 Pro,128GB,Blue,India,Male,1,999,999,204.53,Jan-2025,2025
15422,2026-07-20,iPhone 16,128GB,Purple,India,Male,2,779,1558,295.93,Jul-2026,2026
15423,2025-07-03,iPhone 13,256GB,Black,India,Female,2,719,1438,220.34,Jul-2025,2025
15424,2025-08-10,iPhone 14,256GB,Black,UAE,Male,1,769,769,131.35,Aug-2025,2025
15425,2025-11-24,iPhone 16 Pro,512GB,Pink,UK,Male,2,1279,2558,572.94,Nov-2025,2025
15426,2025-06-28,iPhone 16 Pro Max,128GB,Green,UK,Female,1,1169,1169,261.72,Jun-2025,2025
15427,2025-04-22,iPhone 15 Pro,128GB,Green,UAE,Male,3,999,2997,612.1,Apr-2025,2025
15428,2025-02-28,iPhone 13,128GB,Pink,UAE,Male,1,599,599,96.44,Feb-2025,2025
15429,2025-11-23,iPhone 15 Pro,256GB,Green,India,Female,1,1099,1099,235.91,Nov-2025,2025
15430,2025-07-10,iPhone 13,128GB,Natural Titanium,UK,Female,4,599,2396,403.96,Jul-2025,2025
15431,2025-07-19,iPhone 15,512GB,Natural Titanium,UK,Female,3,999,2997,533.63,Jul-2025,2025
15432,2025-11-08,iPhone 16 Plus,256GB,Green,Germany,Male,3,999,2997,569.84,Nov-2025,2025
15433,2025-02-04,iPhone 16 Pro Max,128GB,Natural Titanium,India,Male,1,1169,1169,283.44,Feb-2025,2025
15434,2026-01-14,iPhone 14,128GB,Blue,India,Female,1,699,699,108.52,Jan-2026,2026
15435,2026-01-22,iPhone 16,256GB,Green,UK,Male,2,909,1818,352.1,Jan-2026,2026
15436,2025-08-25,iPhone 15,256GB,Natural Titanium,UAE,Male,1,899,899,168.1,Aug-2025,2025
15437,2026-06-03,iPhone 14,128GB,Black,India,Female,4,699,2796,482.74,Jun-2026,2026
15438,2025-10-10,iPhone 15,128GB,Blue,UK,Male,1,779,779,133.19,Oct-2025,2025
15439,2025-01-01,iPhone 16,256GB,Black,India,Female,1,899,899,159.78,Jan-2025,2025
15440,2026-04-09,iPhone 13,256GB,Black,Singapore,Male,2,699,1398,220.62,Apr-2026,2026
15441,2025-08-18,iPhone 15 Pro Max,128GB,Natural Titanium,India,Male,3,1209,3627,797.79,Aug-2025,2025
15442,2025-06-21,iPhone 14,128GB,Natural Titanium,India,Female,1,699,699,102.76,Jun-2025,2025
15443,2025-03-28,iPhone 15,128GB,Pink,India,Male,4,799,3196,581.52,Mar-2025,2025
15444,2026-07-07,iPhone 15,512GB,Purple,USA,Female,2,999,1998,369.72,Jul-2026,2026
15445,2025-05-03,iPhone 16 Pro,128GB,Green,India,Male,3,1079,3237,697.15,May-2025,2025
15446,2025-10-25,iPhone 16 Plus,256GB,Green,UAE,Male,2,999,1998,390.41,Oct-2025,2025
15447,2026-07-29,iPhone 16 Pro,256GB,Green,Germany,Male,3,1169,3507,757.54,Jul-2026,2026
15448,2026-04-29,iPhone 15 Pro,128GB,Green,India,Male,1,969,969,194.74,Apr-2026,2026
15449,2025-06-14,iPhone 15 Pro,256GB,Natural Titanium,UK,Female,3,1109,3327,698.99,Jun-2025,2025
15450,2026-01-18,iPhone 15 Pro,128GB,Blue,India,Female,2,979,1958,412.34,Jan-2026,2026
15451,2025-07-28,iPhone 13,256GB,White,USA,Female,1,719,719,131.29,Jul-2025,2025
15452,2026-03-08,iPhone 16 Plus,256GB,Black,India,Female,1,979,979,193.62,Mar-2026,2026
15453,2026-01-24,iPhone 15 Pro,128GB,Purple,India,Female,2,999,1998,422.9,Jan-2026,2026
15454,2026-07-14,iPhone 15 Pro,128GB,Purple,UK,Male,1,1019,1019,205.94,Jul-2026,2026
15455,2025-08-12,iPhone 16,256GB,White,India,Male,1,869,869,159.12,Aug-2025,2025
15456,2025-01-03,iPhone 15 Pro Max,128GB,White,Australia,Female,1,1179,1179,247.85,Jan-2025,2025
15457,2026-01-07,iPhone 16 Pro Max,128GB,White,UAE,Male,1,1209,1209,272.33,Jan-2026,2026
15458,2026-03-22,iPhone 15 Pro,128GB,Natural Titanium,UAE,Male,2,969,1938,427.69,Mar-2026,2026
15459,2025-04-26,iPhone 16,512GB,Blue,Germany,Female,1,979,979,184.67,Apr-2025,2025
15460,2025-09-27,iPhone 15 Pro,256GB,White,Germany,Male,1,1099,1099,232.98,Sep-2025,2025
15461,2026-03-23,iPhone 16 Pro Max,256GB,Blue,USA,Male,1,1299,1299,293.49,Mar-2026,2026
15462,2026-01-03,iPhone 15 Pro Max,128GB,Natural Titanium,USA,Male,2,1219,2438,525.12,Jan-2026,2026
15463,2025-09-10,iPhone 16,128GB,Pink,India,Female,2,799,1598,305.39,Sep-2025,2025
15464,2025-11-13,iPhone 14,128GB,Pink,UAE,Male,1,699,699,120.62,Nov-2025,2025
15465,2026-02-19,iPhone 16 Plus,128GB,Purple,USA,Male,2,869,1738,344.15,Feb-2026,2026
15466,2025-04-05,iPhone 15,256GB,Pink,Germany,Male,1,869,869,150.55,Apr-2025,2025
15467,2025-01-24,iPhone 15 Pro Max,256GB,Blue,India,Male,3,1279,3837,838.86,Jan-2025,2025
15468,2025-02-19,iPhone 16 Pro,128GB,Blue,India,Male,1,1109,1109,234.68,Feb-2025,2025
15469,2026-05-17,iPhone 16 Pro Max,256GB,Black,India,Female,3,1299,3897,898.95,May-2026,2026
15470,2026-05-13,iPhone 15 Pro Max,128GB,White,Canada,Male,1,1199,1199,276.64,May-2026,2026
15471,2025-12-01,iPhone 16 Pro,128GB,Green,India,Female,2,1099,2198,495.96,Dec-2025,2025
15472,2025-03-20,iPhone 13,512GB,Green,USA,Female,1,779,779,145.21,Mar-2025,2025
15473,2026-08-05,iPhone 16 Pro,256GB,White,USA,Male,1,1199,1199,248.57,Aug-2026,2026
15474,2025-01-27,iPhone 16,256GB,Green,India,Male,2,899,1798,345.6,Jan-2025,2025
15475,2025-09-28,iPhone 15 Pro Max,128GB,Green,USA,Male,3,1199,3597,796.71,Sep-2025,2025
15476,2026-07-16,iPhone 16 Pro,128GB,Natural Titanium,USA,Female,1,1099,1099,224.07,Jul-2026,2026
15477,2025-09-04,iPhone 16 Pro,128GB,Green,India,Male,1,1119,1119,257.69,Sep-2025,2025
15478,2026-08-14,iPhone 15 Pro,512GB,Purple,USA,Male,1,1199,1199,224.29,Aug-2026,2026
15479,2026-01-22,iPhone 16 Pro,256GB,Blue,Singapore,Male,4,1219,4876,1069.81,Jan-2026,2026
15480,2026-07-13,iPhone 14,128GB,Blue,Singapore,Male,3,719,2157,346.88,Jul-2026,2026
15481,2025-12-27,iPhone 16 Pro,512GB,Blue,USA,Male,1,1279,1279,317.61,Dec-2025,2025
15482,2026-05-03,iPhone 16 Plus,128GB,White,USA,Female,3,899,2697,511.05,May-2026,2026
15483,2025-12-18,iPhone 14,256GB,Pink,India,Male,1,799,799,147.23,Dec-2025,2025
15484,2025-09-13,iPhone 16 Plus,128GB,Purple,Singapore,Male,2,919,1838,349.54,Sep-2025,2025
15485,2025-08-10,iPhone 16,128GB,Purple,India,Female,2,779,1558,287.53,Aug-2025,2025
15486,2025-01-01,iPhone 16,128GB,Green,USA,Female,1,769,769,159.4,Jan-2025,2025
15487,2026-06-30,iPhone 15 Pro,128GB,Black,India,Male,1,969,969,203.09,Jun-2026,2026
15488,2026-03-22,iPhone 15,256GB,Blue,India,Male,5,869,4345,767.91,Mar-2026,2026
15489,2025-03-20,iPhone 16 Pro,256GB,Natural Titanium,India,Male,3,1199,3597,783.74,Mar-2025,2025
15490,2025-08-24,iPhone 15,256GB,Purple,UAE,Male,3,879,2637,462.62,Aug-2025,2025
15491,2025-11-30,iPhone 15 Pro Max,512GB,Purple,UK,Male,1,1369,1369,300.11,Nov-2025,2025
15492,2025-12-15,iPhone 16 Plus,128GB,Black,UK,Male,1,899,899,167.44,Dec-2025,2025
15493,2025-04-08,iPhone 14,512GB,Green,India,Male,2,899,1798,303.17,Apr-2025,2025
15494,2025-03-23,iPhone 16,512GB,Purple,Canada,Female,3,979,2937,563.75,Mar-2025,2025
15495,2026-05-17,iPhone 16,128GB,Purple,India,Male,4,799,3196,639.43,May-2026,2026
15496,2026-04-22,iPhone 16 Plus,128GB,Pink,India,Male,1,919,919,175.5,Apr-2026,2026
15497,2026-07-04,iPhone 15 Pro,256GB,Black,UK,Female,2,1069,2138,439.2,Jul-2026,2026
15498,2025-01-14,iPhone 15 Pro Max,128GB,Natural Titanium,Germany,Female,2,1199,2398,554.74,Jan-2025,2025
15499,2026-01-27,iPhone 15 Pro,256GB,Natural Titanium,India,Male,1,1119,1119,252.71,Jan-2026,2026
15500,2025-12-13,iPhone 16 Pro,128GB,Green,USA,Male,1,1069,1069,241.79,Dec-2025,2025
15501,2025-11-06,iPhone 14,256GB,Green,USA,Female,1,809,809,139.18,Nov-2025,2025
15502,2026-01-21,iPhone 16 Pro Max,256GB,Blue,Australia,Male,2,1309,2618,606.88,Jan-2026,2026
15503,2025-07-28,iPhone 16,128GB,Pink,India,Female,3,799,2397,427.32,Jul-2025,2025
15504,2025-12-23,iPhone 16 Pro,128GB,Green,USA,Female,3,1099,3297,706.18,Dec-2025,2025
15505,2026-08-24,iPhone 15 Pro Max,128GB,Pink,India,Male,2,1199,2398,538.05,Aug-2026,2026
15506,2026-07-22,iPhone 15 Pro,128GB,Blue,India,Female,1,969,969,220.82,Jul-2026,2026
15507,2025-04-04,iPhone 16 Pro Max,512GB,Natural Titanium,India,Female,2,1399,2798,621.86,Apr-2025,2025
15508,2025-04-03,iPhone 14,128GB,Black,Singapore,Female,3,699,2097,345.97,Apr-2025,2025
15509,2025-12-06,iPhone 14,256GB,Purple,India,Male,2,769,1538,253.49,Dec-2025,2025
15510,2026-08-20,iPhone 15 Pro,128GB,Purple,Germany,Female,1,999,999,198.54,Aug-2026,2026
15511,2026-03-21,iPhone 16 Pro Max,256GB,White,India,Female,4,1309,5236,1207.93,Mar-2026,2026
15512,2025-01-22,iPhone 16,512GB,White,Germany,Female,3,1019,3057,589.77,Jan-2025,2025
15513,2025-10-18,iPhone 16,128GB,White,UK,Female,3,769,2307,426.1,Oct-2025,2025
15514,2026-04-30,iPhone 16 Plus,512GB,Purple,India,Male,4,1099,4396,818.2,Apr-2026,2026
15515,2025-11-02,iPhone 15 Pro Max,256GB,Pink,UK,Male,1,1279,1279,267.28,Nov-2025,2025
15516,2025-05-08,iPhone 16 Plus,128GB,White,India,Male,3,899,2697,506.99,May-2025,2025
15517,2025-09-30,iPhone 15 Pro,512GB,Black,USA,Male,2,1219,2438,531.04,Sep-2025,2025
15518,2026-03-18,iPhone 16 Pro,128GB,Green,USA,Male,1,1099,1099,242.58,Mar-2026,2026
15519,2026-05-18,iPhone 15,128GB,Pink,USA,Male,2,779,1558,303.59,May-2026,2026
15520,2025-05-10,iPhone 15,256GB,Purple,UAE,Male,1,919,919,174.93,May-2025,2025
15521,2025-05-12,iPhone 16,256GB,Black,Canada,Female,1,899,899,163.3,May-2025,2025
15522,2026-08-20,iPhone 15 Pro Max,256GB,Natural Titanium,India,Female,5,1279,6395,1408.52,Aug-2026,2026
15523,2026-04-27,iPhone 16,128GB,Purple,Germany,Female,1,799,799,145.51,Apr-2026,2026
15524,2026-01-25,iPhone 15 Pro,1TB,Pink,Germany,Male,4,1299,5196,1078.03,Jan-2026,2026
15525,2026-08-16,iPhone 15,256GB,Pink,India,Male,1,919,919,161.73,Aug-2026,2026
15526,2025-11-21,iPhone 15 Pro Max,512GB,Pink,India,Male,1,1409,1409,319.47,Nov-2025,2025
15527,2025-03-10,iPhone 16,128GB,Blue,USA,Female,1,799,799,144.89,Mar-2025,2025
15528,2026-03-24,iPhone 14,256GB,Green,UK,Female,2,769,1538,258.61,Mar-2026,2026
15529,2026-06-12,iPhone 16,512GB,White,India,Male,1,969,969,177.02,Jun-2026,2026
15530,2025-06-14,iPhone 15 Pro,128GB,Blue,India,Female,5,999,4995,1065.17,Jun-2025,2025
15531,2026-05-03,iPhone 15 Pro,1TB,Green,UAE,Female,2,1269,2538,530.82,May-2026,2026
15532,2026-03-02,iPhone 15,128GB,Purple,UK,Female,3,769,2307,411.42,Mar-2026,2026
15533,2025-09-22,iPhone 16 Pro Max,128GB,White,India,Male,1,1199,1199,272.21,Sep-2025,2025
15534,2025-12-08,iPhone 16 Plus,512GB,Natural Titanium,Australia,Male,1,1099,1099,212.74,Dec-2025,2025
15535,2025-10-05,iPhone 15,1TB,Blue,UAE,Male,4,1109,4436,799.53,Oct-2025,2025
15536,2026-03-15,iPhone 16,128GB,Blue,India,Male,1,779,779,159.56,Mar-2026,2026
15537,2025-06-06,iPhone 16 Pro,128GB,Black,UAE,Male,1,1099,1099,237.18,Jun-2025,2025
15538,2026-02-26,iPhone 15 Pro,256GB,Natural Titanium,India,Male,2,1109,2218,487.07,Feb-2026,2026
15539,2025-09-08,iPhone 16 Pro,512GB,Natural Titanium,USA,Male,4,1299,5196,1134.43,Sep-2025,2025
15540,2026-06-14,iPhone 15,256GB,Blue,India,Male,2,869,1738,314.3,Jun-2026,2026
15541,2025-11-23,iPhone 16 Pro,256GB,Pink,India,Male,1,1179,1179,265.02,Nov-2025,2025
15542,2025-04-07,iPhone 16,256GB,Purple,India,Male,2,919,1838,348.99,Apr-2025,2025
15543,2026-05-28,iPhone 15,128GB,Natural Titanium,India,Male,4,799,3196,575.45,May-2026,2026
15544,2025-08-04,iPhone 15 Pro,1TB,Blue,UK,Male,1,1299,1299,262.23,Aug-2025,2025
15545,2025-05-12,iPhone 16 Pro Max,128GB,Pink,UAE,Female,1,1199,1199,283.84,May-2025,2025
15546,2025-09-17,iPhone 16 Pro,256GB,Green,India,Female,1,1219,1219,270.09,Sep-2025,2025
15547,2025-05-05,iPhone 16,128GB,Green,India,Male,1,809,809,154.04,May-2025,2025
15548,2025-03-23,iPhone 14,128GB,Natural Titanium,Canada,Male,1,699,699,96.02,Mar-2025,2025
15549,2025-10-10,iPhone 15 Pro Max,256GB,Pink,India,Female,1,1299,1299,292.57,Oct-2025,2025
15550,2025-02-28,iPhone 15,1TB,Black,India,Female,2,1079,2158,395.96,Feb-2025,2025
15551,2026-06-28,iPhone 14,256GB,Black,USA,Male,1,809,809,104.43,Jun-2026,2026
15552,2025-06-10,iPhone 16,256GB,Green,Canada,Female,1,869,869,172.79,Jun-2025,2025
15553,2025-10-11,iPhone 16 Pro,128GB,Purple,Australia,Male,4,1099,4396,964.35,Oct-2025,2025
15554,2025-04-16,iPhone 16 Plus,512GB,Blue,UAE,Female,1,1119,1119,192.68,Apr-2025,2025
15555,2025-04-15,iPhone 15,128GB,Natural Titanium,India,Female,1,779,779,128.62,Apr-2025,2025
15556,2026-03-15,iPhone 16,128GB,Natural Titanium,UAE,Male,1,819,819,140.77,Mar-2026,2026
15557,2025-08-16,iPhone 16 Pro Max,128GB,Green,India,Female,2,1179,2358,532.15,Aug-2025,2025
15558,2026-08-05,iPhone 16 Plus,256GB,Green,India,Male,2,999,1998,386.06,Aug-2026,2026
15559,2025-11-14,iPhone 16 Plus,1TB,Pink,USA,Male,3,1199,3597,690.48,Nov-2025,2025
15560,2026-04-09,iPhone 16 Pro Max,256GB,Black,UAE,Male,2,1279,2558,595.28,Apr-2026,2026
15561,2026-08-22,iPhone 16 Pro,128GB,Purple,India,Female,3,1099,3297,722.26,Aug-2026,2026
15562,2026-04-17,iPhone 14,128GB,Pink,India,Male,3,699,2097,388.03,Apr-2026,2026
15563,2025-02-25,iPhone 15 Pro,256GB,Green,Canada,Female,1,1109,1109,203.42,Feb-2025,2025
15564,2025-01-13,iPhone 16 Pro Max,128GB,White,Australia,Female,1,1199,1199,263.68,Jan-2025,2025
15565,2026-03-16,iPhone 15 Pro Max,128GB,Blue,UK,Male,2,1169,2338,517.4,Mar-2026,2026
15566,2025-01-18,iPhone 14,256GB,Green,USA,Male,5,809,4045,679.61,Jan-2025,2025
15567,2025-04-23,iPhone 15 Pro Max,1TB,Pink,Australia,Male,1,1509,1509,328.67,Apr-2025,2025
15568,2025-08-17,iPhone 16 Plus,128GB,White,UAE,Female,1,869,869,165.64,Aug-2025,2025
15569,2025-06-20,iPhone 16 Pro Max,128GB,White,UK,Female,3,1169,3507,803.07,Jun-2025,2025
15570,2025-10-22,iPhone 15 Pro,512GB,Green,India,Male,1,1219,1219,239.44,Oct-2025,2025
15571,2025-07-08,iPhone 16,256GB,Purple,India,Female,2,879,1758,343.95,Jul-2025,2025
15572,2026-03-02,iPhone 16 Pro,512GB,Black,USA,Male,1,1319,1319,300.19,Mar-2026,2026
15573,2025-03-20,iPhone 15 Pro,128GB,White,India,Male,1,979,979,224.52,Mar-2025,2025
15574,2025-07-01,iPhone 14,128GB,Natural Titanium,India,Male,1,719,719,99.62,Jul-2025,2025
15575,2026-05-14,iPhone 16 Pro Max,1TB,Blue,USA,Female,2,1469,2938,684.97,May-2026,2026
15576,2025-03-12,iPhone 15 Pro Max,128GB,Pink,India,Female,1,1179,1179,249.02,Mar-2025,2025
15577,2025-09-05,iPhone 15 Pro Max,256GB,Pink,Canada,Female,3,1269,3807,836.07,Sep-2025,2025
15578,2025-05-26,iPhone 16,128GB,Pink,India,Male,1,769,769,138.29,May-2025,2025
15579,2025-10-23,iPhone 13,256GB,Natural Titanium,USA,Female,2,719,1438,218.59,Oct-2025,2025
15580,2026-08-05,iPhone 16 Pro Max,512GB,Green,UAE,Male,1,1399,1399,329.23,Aug-2026,2026
15581,2026-04-15,iPhone 15 Pro,128GB,Pink,USA,Male,3,979,2937,636.93,Apr-2026,2026
15582,2026-05-21,iPhone 15 Pro,512GB,Natural Titanium,India,Male,3,1209,3627,785.34,May-2026,2026
15583,2025-07-12,iPhone 15,128GB,Pink,USA,Male,1,809,809,158.05,Jul-2025,2025
15584,2025-03-09,iPhone 15 Pro,1TB,Blue,Australia,Female,1,1279,1279,255.21,Mar-2025,2025
15585,2026-05-09,iPhone 16 Pro,128GB,Natural Titanium,Singapore,Male,4,1079,4316,947.96,May-2026,2026
15586,2025-02-21,iPhone 16 Pro,128GB,Black,UK,Female,1,1079,1079,236.73,Feb-2025,2025
15587,2025-12-29,iPhone 16 Pro Max,128GB,Purple,Canada,Male,1,1179,1179,277.56,Dec-2025,2025
15588,2026-04-19,iPhone 15 Pro,256GB,Green,India,Male,1,1099,1099,239.61,Apr-2026,2026
15589,2026-06-05,iPhone 16 Plus,512GB,Green,Australia,Male,5,1069,5345,1009.98,Jun-2026,2026
15590,2026-03-07,iPhone 15 Pro Max,128GB,Pink,Singapore,Male,4,1179,4716,1052.53,Mar-2026,2026
15591,2025-10-25,iPhone 16 Pro,256GB,Blue,UK,Female,1,1219,1219,296.42,Oct-2025,2025
15592,2026-03-11,iPhone 16 Plus,512GB,White,UAE,Male,2,1079,2158,414.32,Mar-2026,2026
15593,2025-07-17,iPhone 15 Pro,512GB,Natural Titanium,USA,Female,3,1169,3507,729.68,Jul-2025,2025
15594,2025-05-08,iPhone 15 Pro,256GB,Pink,India,Male,1,1069,1069,237.38,May-2025,2025
15595,2026-06-16,iPhone 15,512GB,Natural Titanium,Australia,Male,1,969,969,187.78,Jun-2026,2026
15596,2026-02-15,iPhone 16,256GB,Pink,UK,Male,1,919,919,182.96,Feb-2026,2026
15597,2025-03-06,iPhone 16 Pro Max,128GB,Green,UK,Female,1,1199,1199,275.73,Mar-2025,2025
15598,2025-08-29,iPhone 15,128GB,Green,UK,Male,3,809,2427,453.73,Aug-2025,2025
15599,2026-01-04,iPhone 14,1TB,Pink,Australia,Female,1,1019,1019,161.69,Jan-2026,2026
15600,2026-06-20,iPhone 14,128GB,Green,UAE,Male,2,679,1358,230.08,Jun-2026,2026
15601,2026-01-19,iPhone 16 Pro,128GB,Blue,India,Male,1,1099,1099,264.63,Jan-2026,2026
15602,2026-03-07,iPhone 15 Pro,512GB,White,USA,Female,3,1199,3597,755.11,Mar-2026,2026
15603,2025-03-24,iPhone 15,128GB,White,Singapore,Male,3,769,2307,415.59,Mar-2025,2025
15604,2026-07-28,iPhone 15 Pro,512GB,Natural Titanium,USA,Male,2,1199,2398,506.21,Jul-2026,2026
15605,2025-10-13,iPhone 16,512GB,White,Germany,Female,4,1009,4036,755.92,Oct-2025,2025
15606,2026-06-18,iPhone 16,1TB,Natural Titanium,Canada,Male,1,1079,1079,191.28,Jun-2026,2026
15607,2026-04-04,iPhone 16 Plus,128GB,Pink,UAE,Male,3,899,2697,506.0,Apr-2026,2026
15608,2025-07-31,iPhone 15 Pro,128GB,Purple,India,Male,2,1009,2018,421.57,Jul-2025,2025
15609,2025-05-06,iPhone 15 Pro Max,512GB,Pink,India,Male,1,1409,1409,324.08,May-2025,2025
15610,2026-02-17,iPhone 14,128GB,Pink,UK,Male,1,699,699,121.98,Feb-2026,2026
15611,2026-05-14,iPhone 14,256GB,Blue,USA,Male,1,799,799,154.05,May-2026,2026
15612,2026-03-01,iPhone 15 Pro Max,256GB,White,Canada,Female,3,1299,3897,863.78,Mar-2026,2026
15613,2026-07-08,iPhone 15 Pro,128GB,Green,Canada,Male,3,1009,3027,646.06,Jul-2026,2026
15614,2026-06-27,iPhone 16,512GB,Green,India,Female,2,969,1938,375.81,Jun-2026,2026
15615,2025-06-07,iPhone 13,256GB,Black,UAE,Male,1,699,699,130.91,Jun-2025,2025
15616,2025-04-22,iPhone 14,128GB,Black,USA,Male,4,709,2836,482.83,Apr-2025,2025
15617,2026-02-06,iPhone 16 Pro,128GB,Natural Titanium,India,Male,1,1099,1099,242.89,Feb-2026,2026
15618,2025-05-02,iPhone 16,128GB,Purple,USA,Female,2,779,1558,283.27,May-2025,2025
15619,2025-09-30,iPhone 16 Plus,128GB,Natural Titanium,Germany,Female,3,909,2727,528.84,Sep-2025,2025
15620,2025-10-21,iPhone 16 Pro,256GB,Green,India,Male,1,1209,1209,260.1,Oct-2025,2025
15621,2026-02-02,iPhone 15 Pro Max,128GB,White,India,Male,2,1219,2438,545.1,Feb-2026,2026
15622,2026-04-16,iPhone 16 Pro,128GB,Natural Titanium,India,Female,1,1079,1079,239.69,Apr-2026,2026
15623,2025-07-26,iPhone 16,512GB,Pink,India,Female,1,1019,1019,179.83,Jul-2025,2025
15624,2025-04-20,iPhone 15,256GB,Green,USA,Female,2,899,1798,324.8,Apr-2025,2025
15625,2026-03-16,iPhone 15 Pro,128GB,Purple,India,Male,1,979,979,200.45,Mar-2026,2026
15626,2025-10-05,iPhone 15 Pro Max,1TB,Purple,Canada,Female,1,1499,1499,312.63,Oct-2025,2025
15627,2026-07-22,iPhone 15 Pro,128GB,Green,India,Female,1,969,969,207.52,Jul-2026,2026
15628,2026-07-23,iPhone 15 Pro,512GB,Black,UK,Male,1,1199,1199,272.35,Jul-2026,2026
15629,2026-04-27,iPhone 15 Pro,256GB,White,India,Male,1,1109,1109,221.19,Apr-2026,2026
15630,2025-04-24,iPhone 14,256GB,Green,Singapore,Male,3,799,2397,375.36,Apr-2025,2025
15631,2026-04-22,iPhone 14,256GB,Pink,USA,Male,1,799,799,160.3,Apr-2026,2026
15632,2025-11-17,iPhone 13,256GB,Pink,Canada,Female,3,669,2007,301.81,Nov-2025,2025
15633,2025-06-28,iPhone 14,512GB,Blue,Canada,Female,2,909,1818,330.26,Jun-2025,2025
15634,2025-08-07,iPhone 15 Pro,512GB,Pink,UAE,Male,1,1179,1179,263.44,Aug-2025,2025
15635,2026-06-12,iPhone 16,128GB,Green,Canada,Male,3,769,2307,439.33,Jun-2026,2026
15636,2026-05-07,iPhone 15,128GB,Green,India,Female,1,819,819,139.72,May-2026,2026
15637,2025-03-02,iPhone 16 Pro,512GB,Pink,UAE,Male,1,1299,1299,299.49,Mar-2025,2025
15638,2025-02-23,iPhone 16 Pro,256GB,Black,India,Male,1,1209,1209,267.93,Feb-2025,2025
15639,2026-06-22,iPhone 16,512GB,White,Canada,Male,1,999,999,211.92,Jun-2026,2026
15640,2025-03-06,iPhone 16 Plus,256GB,Purple,Singapore,Male,5,969,4845,927.02,Mar-2025,2025
15641,2026-08-09,iPhone 15 Pro,256GB,Green,Germany,Male,1,1109,1109,254.17,Aug-2026,2026
15642,2025-06-20,iPhone 13,128GB,Pink,India,Female,3,569,1707,282.79,Jun-2025,2025
15643,2025-09-30,iPhone 16 Pro Max,128GB,Purple,India,Male,2,1199,2398,567.44,Sep-2025,2025
15644,2026-06-19,iPhone 14,256GB,Pink,India,Female,1,819,819,143.6,Jun-2026,2026
15645,2026-01-26,iPhone 16 Pro Max,256GB,Green,India,Female,4,1309,5236,1203.61,Jan-2026,2026
15646,2025-11-23,iPhone 16,256GB,Blue,India,Female,5,909,4545,858.54,Nov-2025,2025
15647,2025-04-18,iPhone 15 Pro,256GB,White,USA,Male,4,1109,4436,920.63,Apr-2025,2025
15648,2025-06-11,iPhone 15 Pro Max,256GB,Green,Singapore,Male,2,1299,2598,570.21,Jun-2025,2025
15649,2026-03-28,iPhone 15 Pro Max,512GB,Purple,UK,Female,1,1399,1399,295.76,Mar-2026,2026
15650,2025-07-25,iPhone 13,128GB,Pink,UK,Female,1,619,619,94.14,Jul-2025,2025
15651,2026-08-13,iPhone 15 Pro,256GB,Blue,USA,Male,2,1099,2198,464.38,Aug-2026,2026
15652,2025-01-16,iPhone 16 Plus,128GB,Natural Titanium,UAE,Male,1,879,879,173.36,Jan-2025,2025
15653,2025-11-23,iPhone 16,128GB,Green,Singapore,Male,2,799,1598,320.07,Nov-2025,2025
15654,2026-08-31,iPhone 15,128GB,White,UK,Male,3,799,2397,434.51,Aug-2026,2026
15655,2025-01-02,iPhone 15 Pro,128GB,Blue,India,Male,1,979,979,211.41,Jan-2025,2025
15656,2025-01-10,iPhone 16 Pro,128GB,Purple,USA,Female,1,1069,1069,232.66,Jan-2025,2025
15657,2026-03-10,iPhone 16,128GB,Pink,Singapore,Male,4,779,3116,592.13,Mar-2026,2026
15658,2025-05-05,iPhone 16,128GB,Black,USA,Male,1,819,819,156.53,May-2025,2025
15659,2025-03-22,iPhone 16 Pro Max,1TB,Natural Titanium,UK,Female,1,1509,1509,372.3,Mar-2025,2025
15660,2026-04-30,iPhone 15 Pro,128GB,Natural Titanium,India,Male,1,1019,1019,219.07,Apr-2026,2026
15661,2025-05-30,iPhone 15 Pro Max,256GB,White,India,Female,1,1299,1299,271.49,May-2025,2025
15662,2025-12-06,iPhone 16 Pro,256GB,Blue,Australia,Male,1,1199,1199,266.57,Dec-2025,2025
15663,2025-05-09,iPhone 16 Plus,128GB,Green,India,Female,1,919,919,164.44,May-2025,2025
15664,2026-03-14,iPhone 15,128GB,Green,India,Male,1,799,799,136.02,Mar-2026,2026
15665,2026-05-16,iPhone 15,128GB,Blue,USA,Female,2,809,1618,291.86,May-2026,2026
15666,2025-02-27,iPhone 16 Plus,256GB,Green,Singapore,Male,1,999,999,195.15,Feb-2025,2025
15667,2025-07-17,iPhone 15,128GB,Natural Titanium,India,Male,1,799,799,148.41,Jul-2025,2025
15668,2025-07-30,iPhone 16 Pro Max,128GB,Natural Titanium,Canada,Male,3,1219,3657,833.04,Jul-2025,2025
15669,2025-02-14,iPhone 14,128GB,Natural Titanium,India,Male,2,709,1418,222.64,Feb-2025,2025
15670,2025-04-07,iPhone 15 Pro,256GB,Blue,Australia,Male,1,1099,1099,229.24,Apr-2025,2025
15671,2025-10-06,iPhone 13,256GB,White,Singapore,Female,3,709,2127,339.54,Oct-2025,2025
15672,2026-06-19,iPhone 16 Plus,128GB,Natural Titanium,India,Male,1,879,879,165.95,Jun-2026,2026
15673,2026-02-14,iPhone 16 Pro,128GB,Green,India,Female,1,1119,1119,248.74,Feb-2026,2026
15674,2026-04-06,iPhone 16,128GB,White,India,Male,4,809,3236,609.73,Apr-2026,2026
15675,2026-01-26,iPhone 16 Pro Max,128GB,Pink,UAE,Female,1,1199,1199,286.74,Jan-2026,2026
15676,2025-02-13,iPhone 14,128GB,Pink,India,Male,3,669,2007,349.25,Feb-2025,2025
15677,2025-01-27,iPhone 14,256GB,Pink,India,Female,3,779,2337,407.16,Jan-2025,2025
15678,2025-04-07,iPhone 16 Pro,256GB,Pink,India,Male,1,1219,1219,285.78,Apr-2025,2025
15679,2026-07-02,iPhone 16 Pro,256GB,Green,India,Male,1,1219,1219,273.88,Jul-2026,2026
15680,2026-07-21,iPhone 16 Pro,256GB,Blue,India,Male,1,1219,1219,268.82,Jul-2026,2026
15681,2025-08-07,iPhone 16 Pro,128GB,Green,Australia,Female,1,1099,1099,240.58,Aug-2025,2025
15682,2025-07-04,iPhone 15 Pro,128GB,Purple,Australia,Female,4,979,3916,830.8,Jul-2025,2025
15683,2025-03-10,iPhone 15,128GB,Green,USA,Female,1,799,799,144.74,Mar-2025,2025
15684,2025-05-10,iPhone 16 Pro Max,256GB,White,UK,Male,1,1299,1299,276.8,May-2025,2025
15685,2026-07-21,iPhone 15 Pro,128GB,Blue,UK,Female,2,1009,2018,416.65,Jul-2026,2026
15686,2026-08-22,iPhone 15 Pro,512GB,Natural Titanium,UAE,Female,1,1199,1199,269.51,Aug-2026,2026
15687,2025-11-30,iPhone 16 Plus,256GB,Black,USA,Male,1,999,999,167.51,Nov-2025,2025
15688,2025-06-03,iPhone 15 Pro,128GB,Black,USA,Male,1,999,999,213.91,Jun-2025,2025
15689,2026-07-01,iPhone 16 Pro,256GB,Natural Titanium,UK,Female,3,1169,3507,778.12,Jul-2026,2026
15690,2025-03-20,iPhone 14,128GB,Blue,UAE,Male,1,669,669,112.69,Mar-2025,2025
15691,2026-08-02,iPhone 16 Pro,128GB,Black,India,Female,1,1109,1109,235.9,Aug-2026,2026
15692,2026-02-17,iPhone 16,128GB,Blue,India,Male,1,799,799,139.09,Feb-2026,2026
15693,2026-06-30,iPhone 16,128GB,White,India,Female,2,779,1558,298.3,Jun-2026,2026
15694,2025-06-18,iPhone 15 Pro Max,512GB,White,USA,Female,1,1399,1399,304.05,Jun-2025,2025
15695,2026-08-06,iPhone 15,256GB,Green,India,Female,1,909,909,182.13,Aug-2026,2026
15696,2026-05-30,iPhone 15 Pro Max,128GB,Black,USA,Male,1,1169,1169,262.92,May-2026,2026
15697,2025-11-10,iPhone 15 Pro Max,128GB,Natural Titanium,USA,Male,2,1179,2358,514.02,Nov-2025,2025
15698,2025-02-01,iPhone 16,128GB,Blue,Australia,Female,1,819,819,159.18,Feb-2025,2025
15699,2025-10-14,iPhone 15,512GB,White,India,Female,3,999,2997,531.34,Oct-2025,2025
15700,2026-08-17,iPhone 14,128GB,Green,UK,Female,1,719,719,120.02,Aug-2026,2026
15701,2025-02-12,iPhone 14,128GB,Black,UK,Male,2,699,1398,216.3,Feb-2025,2025
15702,2025-01-01,iPhone 16 Plus,128GB,Black,USA,Male,2,919,1838,344.92,Jan-2025,2025
15703,2026-07-27,iPhone 13,128GB,Black,USA,Male,3,619,1857,303.66,Jul-2026,2026
15704,2025-09-27,iPhone 16 Pro,256GB,White,Canada,Male,2,1199,2398,525.54,Sep-2025,2025
15705,2025-06-29,iPhone 16 Plus,256GB,White,India,Female,1,969,969,194.82,Jun-2025,2025
15706,2026-06-02,iPhone 16 Pro,256GB,Black,Australia,Female,3,1219,3657,819.73,Jun-2026,2026
15707,2025-04-13,iPhone 16 Pro,256GB,White,Germany,Male,3,1169,3507,780.15,Apr-2025,2025
15708,2025-01-10,iPhone 14,256GB,Black,UK,Female,5,809,4045,711.54,Jan-2025,2025
15709,2026-08-06,iPhone 16 Pro,128GB,Pink,Canada,Female,1,1119,1119,258.6,Aug-2026,2026
15710,2025-03-31,iPhone 15 Pro Max,128GB,White,UK,Female,2,1219,2438,536.78,Mar-2025,2025
15711,2025-08-14,iPhone 16 Pro,128GB,Blue,USA,Male,2,1099,2198,481.12,Aug-2025,2025
15712,2025-05-06,iPhone 16 Pro,256GB,White,Singapore,Male,2,1199,2398,522.66,May-2025,2025
15713,2025-07-28,iPhone 13,512GB,Black,India,Female,5,819,4095,646.69,Jul-2025,2025
15714,2025-04-07,iPhone 15 Pro,128GB,Blue,India,Male,2,1019,2038,431.96,Apr-2025,2025
15715,2025-03-15,iPhone 16,128GB,Green,India,Female,2,799,1598,299.24,Mar-2025,2025
15716,2025-07-10,iPhone 16 Plus,128GB,Blue,UK,Female,1,899,899,154.71,Jul-2025,2025
15717,2025-02-25,iPhone 15,512GB,Blue,India,Female,1,979,979,185.8,Feb-2025,2025
15718,2026-07-07,iPhone 15,512GB,White,Germany,Female,1,999,999,172.84,Jul-2026,2026
15719,2025-02-01,iPhone 15 Pro,128GB,Purple,USA,Female,1,979,979,187.5,Feb-2025,2025
15720,2026-06-11,iPhone 15 Pro Max,256GB,Blue,Australia,Male,1,1319,1319,303.58,Jun-2026,2026
15721,2026-07-28,iPhone 16 Pro Max,256GB,Blue,India,Male,1,1299,1299,312.6,Jul-2026,2026
15722,2025-10-11,iPhone 16 Pro,128GB,Natural Titanium,India,Male,1,1079,1079,223.66,Oct-2025,2025
15723,2026-05-09,iPhone 15 Pro Max,128GB,Black,India,Male,1,1209,1209,259.54,May-2026,2026
15724,2025-07-06,iPhone 13,256GB,White,India,Male,3,699,2097,325.86,Jul-2025,2025
15725,2026-05-13,iPhone 15,128GB,Black,USA,Male,2,799,1598,279.93,May-2026,2026
15726,2026-03-18,iPhone 15 Pro Max,128GB,White,Germany,Male,1,1199,1199,238.86,Mar-2026,2026
15727,2025-05-10,iPhone 16 Pro,128GB,Green,USA,Male,1,1099,1099,236.76,May-2025,2025
15728,2025-10-19,iPhone 15 Pro,256GB,Purple,UK,Female,3,1109,3327,694.14,Oct-2025,2025
15729,2025-04-24,iPhone 16,512GB,Blue,USA,Female,1,1019,1019,212.57,Apr-2025,2025
15730,2025-07-18,iPhone 16 Pro,256GB,Natural Titanium,India,Female,5,1199,5995,1320.59,Jul-2025,2025
15731,2025-01-13,iPhone 16 Pro Max,128GB,White,USA,Male,1,1169,1169,262.38,Jan-2025,2025
15732,2025-09-28,iPhone 15,128GB,Blue,India,Male,1,799,799,146.48,Sep-2025,2025
15733,2026-08-24,iPhone 13,256GB,Blue,Australia,Male,1,699,699,95.64,Aug-2026,2026
15734,2025-08-03,iPhone 15 Pro,128GB,Pink,UAE,Male,1,979,979,206.51,Aug-2025,2025
15735,2026-03-20,iPhone 16 Plus,256GB,Black,India,Female,1,999,999,181.86,Mar-2026,2026
15736,2026-05-27,iPhone 16 Pro Max,128GB,Purple,UK,Male,1,1199,1199,277.3,May-2026,2026
15737,2026-03-23,iPhone 14,256GB,Natural Titanium,India,Male,2,769,1538,267.0,Mar-2026,2026
15738,2025-03-15,iPhone 13,512GB,White,UAE,Female,1,769,769,116.42,Mar-2025,2025
15739,2026-06-21,iPhone 16 Pro,512GB,Green,Canada,Female,2,1279,2558,566.02,Jun-2026,2026
15740,2025-04-11,iPhone 16 Plus,128GB,Purple,Canada,Female,3,909,2727,509.83,Apr-2025,2025
15741,2025-06-25,iPhone 16 Pro Max,256GB,Pink,India,Male,2,1269,2538,571.07,Jun-2025,2025
15742,2026-03-03,iPhone 15 Pro,128GB,Black,India,Male,1,1019,1019,224.98,Mar-2026,2026
15743,2025-04-27,iPhone 15 Pro Max,256GB,Green,USA,Male,1,1309,1309,300.32,Apr-2025,2025
15744,2025-06-15,iPhone 15,128GB,Green,Singapore,Female,1,799,799,146.3,Jun-2025,2025
15745,2025-02-10,iPhone 14,256GB,Blue,Germany,Female,2,799,1598,281.03,Feb-2025,2025
15746,2026-03-05,iPhone 16,128GB,Black,India,Male,2,809,1618,288.87,Mar-2026,2026
15747,2025-12-10,iPhone 15 Pro,512GB,Pink,Canada,Male,1,1219,1219,265.85,Dec-2025,2025
15748,2026-02-28,iPhone 14,256GB,White,Germany,Female,1,799,799,152.95,Feb-2026,2026
15749,2026-01-01,iPhone 16 Pro,128GB,White,India,Male,1,1099,1099,249.03,Jan-2026,2026
15750,2025-04-30,iPhone 15,512GB,Pink,Australia,Female,3,999,2997,537.93,Apr-2025,2025
15751,2025-08-17,iPhone 16 Plus,128GB,Blue,India,Female,1,919,919,158.6,Aug-2025,2025
15752,2025-05-10,iPhone 15,1TB,Blue,India,Male,5,1079,5395,977.62,May-2025,2025
15753,2025-12-18,iPhone 16 Pro,256GB,Green,India,Male,5,1219,6095,1347.57,Dec-2025,2025
15754,2025-11-14,iPhone 14,1TB,Black,USA,Female,3,979,2937,512.39,Nov-2025,2025
15755,2025-12-03,iPhone 16 Plus,128GB,Green,Australia,Male,1,909,909,168.83,Dec-2025,2025
15756,2025-09-30,iPhone 14,128GB,Natural Titanium,USA,Female,1,699,699,111.99,Sep-2025,2025
15757,2025-04-27,iPhone 15 Pro Max,256GB,Natural Titanium,India,Male,1,1309,1309,278.85,Apr-2025,2025
15758,2026-01-03,iPhone 16 Plus,512GB,White,India,Male,5,1069,5345,1004.45,Jan-2026,2026
15759,2025-04-04,iPhone 15,128GB,Pink,UK,Female,1,809,809,151.53,Apr-2025,2025
15760,2025-06-17,iPhone 15,128GB,Black,UK,Male,2,799,1598,287.22,Jun-2025,2025
15761,2025-12-07,iPhone 16 Pro,128GB,Pink,UK,Male,4,1099,4396,972.73,Dec-2025,2025
15762,2025-06-01,iPhone 16 Pro,512GB,Black,India,Male,3,1309,3927,865.78,Jun-2025,2025
15763,2026-08-09,iPhone 13,256GB,Purple,UAE,Female,2,679,1358,212.31,Aug-2026,2026
15764,2025-10-01,iPhone 15,128GB,White,Germany,Female,1,799,799,133.34,Oct-2025,2025
15765,2026-07-08,iPhone 14,128GB,White,USA,Male,1,709,709,136.42,Jul-2026,2026
15766,2026-05-11,iPhone 15,256GB,Purple,UAE,Female,2,909,1818,329.94,May-2026,2026
15767,2025-04-11,iPhone 16 Pro Max,128GB,Black,Germany,Male,4,1209,4836,1126.5,Apr-2025,2025
15768,2026-07-11,iPhone 16,256GB,Blue,UK,Male,4,919,3676,704.14,Jul-2026,2026
15769,2025-03-23,iPhone 15 Pro Max,128GB,Black,UAE,Female,1,1219,1219,263.79,Mar-2025,2025
15770,2026-06-13,iPhone 16 Pro Max,256GB,White,UAE,Female,1,1319,1319,298.42,Jun-2026,2026
15771,2025-03-14,iPhone 16,512GB,Natural Titanium,India,Male,2,979,1958,362.4,Mar-2025,2025
15772,2025-01-14,iPhone 16,256GB,Pink,UK,Male,1,909,909,187.96,Jan-2025,2025
15773,2026-03-09,iPhone 15 Pro,128GB,Green,Australia,Male,1,1019,1019,230.82,Mar-2026,2026
15774,2025-06-06,iPhone 15 Pro,256GB,Pink,India,Female,1,1069,1069,220.8,Jun-2025,2025
15775,2025-05-12,iPhone 16,128GB,White,Germany,Male,4,769,3076,592.38,May-2025,2025
15776,2025-12-04,iPhone 13,512GB,Pink,UK,Male,4,769,3076,487.93,Dec-2025,2025
15777,2026-02-08,iPhone 15,128GB,Blue,USA,Male,2,809,1618,273.41,Feb-2026,2026
15778,2026-01-11,iPhone 15,512GB,Blue,UK,Male,2,999,1998,352.8,Jan-2026,2026
15779,2026-07-13,iPhone 13,128GB,Natural Titanium,USA,Female,1,579,579,101.38,Jul-2026,2026
15780,2025-04-17,iPhone 16,128GB,Black,Australia,Male,2,769,1538,304.37,Apr-2025,2025
15781,2025-09-22,iPhone 16,128GB,Pink,USA,Male,1,769,769,146.07,Sep-2025,2025
15782,2025-07-24,iPhone 15 Pro,1TB,Pink,Germany,Male,1,1319,1319,268.79,Jul-2025,2025
15783,2025-03-20,iPhone 15,1TB,White,USA,Male,1,1099,1099,184.3,Mar-2025,2025
15784,2025-06-04,iPhone 16,128GB,Black,UAE,Male,1,769,769,142.32,Jun-2025,2025
15785,2025-09-04,iPhone 14,128GB,Black,Singapore,Male,3,679,2037,343.35,Sep-2025,2025
15786,2026-06-15,iPhone 16,128GB,Pink,India,Male,5,799,3995,756.05,Jun-2026,2026
15787,2026-06-22,iPhone 16 Pro,128GB,Green,UAE,Female,2,1099,2198,469.5,Jun-2026,2026
15788,2025-06-03,iPhone 15,256GB,Pink,India,Female,2,879,1758,320.7,Jun-2025,2025
15789,2025-06-03,iPhone 16 Plus,128GB,Pink,Australia,Male,1,879,879,168.2,Jun-2025,2025
15790,2025-04-02,iPhone 16 Pro,256GB,Pink,UK,Male,2,1209,2418,528.6,Apr-2025,2025
15791,2026-03-09,iPhone 13,256GB,Blue,Germany,Male,2,699,1398,223.71,Mar-2026,2026
15792,2025-12-04,iPhone 13,256GB,Purple,Australia,Male,2,699,1398,230.07,Dec-2025,2025
15793,2026-04-25,iPhone 16 Pro Max,512GB,Black,India,Female,1,1399,1399,328.41,Apr-2026,2026
15794,2025-05-11,iPhone 15,128GB,Purple,India,Female,2,769,1538,291.97,May-2025,2025
15795,2026-03-26,iPhone 16 Pro,128GB,Blue,UK,Female,1,1099,1099,257.08,Mar-2026,2026
15796,2025-09-30,iPhone 16,256GB,Green,USA,Male,1,899,899,177.0,Sep-2025,2025
15797,2026-08-11,iPhone 15,128GB,White,India,Female,1,799,799,141.9,Aug-2026,2026
15798,2025-06-26,iPhone 14,128GB,Natural Titanium,India,Male,1,719,719,114.49,Jun-2025,2025
15799,2025-02-18,iPhone 15 Pro Max,512GB,Green,UK,Female,2,1379,2758,617.06,Feb-2025,2025
15800,2026-07-21,iPhone 15 Pro,256GB,Black,India,Male,2,1119,2238,455.78,Jul-2026,2026
15801,2025-12-21,iPhone 16 Plus,128GB,White,Australia,Male,1,899,899,171.84,Dec-2025,2025
15802,2025-11-04,iPhone 16 Pro Max,256GB,Purple,Canada,Male,5,1269,6345,1448.14,Nov-2025,2025
15803,2025-02-15,iPhone 16 Pro,128GB,Green,Canada,Male,3,1099,3297,737.06,Feb-2025,2025
15804,2025-10-29,iPhone 15,1TB,Black,India,Female,1,1069,1069,202.14,Oct-2025,2025
15805,2026-02-12,iPhone 16 Pro,128GB,Natural Titanium,India,Female,2,1109,2218,488.32,Feb-2026,2026
15806,2025-07-08,iPhone 16 Pro,256GB,Natural Titanium,USA,Female,1,1169,1169,291.96,Jul-2025,2025
15807,2025-05-09,iPhone 16 Pro Max,256GB,Green,Singapore,Female,3,1269,3807,866.7,May-2025,2025
15808,2026-07-15,iPhone 15 Pro Max,128GB,White,India,Male,3,1199,3597,796.71,Jul-2026,2026
15809,2026-06-21,iPhone 16 Pro,256GB,White,India,Male,1,1219,1219,274.83,Jun-2026,2026
15810,2025-09-23,iPhone 16,512GB,Green,India,Male,2,979,1958,374.88,Sep-2025,2025
15811,2025-04-28,iPhone 15 Pro,256GB,Blue,UAE,Female,3,1119,3357,701.64,Apr-2025,2025
15812,2026-04-09,iPhone 16 Pro Max,128GB,Green,UK,Male,1,1199,1199,277.11,Apr-2026,2026
15813,2025-05-24,iPhone 13,256GB,Purple,India,Male,1,699,699,133.2,May-2025,2025
15814,2026-03-18,iPhone 15,512GB,Green,USA,Male,1,999,999,180.39,Mar-2026,2026
15815,2025-07-19,iPhone 16 Pro,128GB,Green,UAE,Female,1,1099,1099,249.62,Jul-2025,2025
15816,2025-06-06,iPhone 13,256GB,Blue,USA,Female,1,719,719,95.76,Jun-2025,2025
15817,2026-05-02,iPhone 16 Pro,128GB,Pink,UAE,Male,1,1079,1079,235.64,May-2026,2026
15818,2025-05-14,iPhone 16 Plus,128GB,White,Canada,Female,1,879,879,194.44,May-2025,2025
15819,2025-05-28,iPhone 13,128GB,Purple,UAE,Male,1,609,609,91.41,May-2025,2025
15820,2025-12-02,iPhone 15 Pro Max,1TB,Black,UK,Male,2,1499,2998,652.9,Dec-2025,2025
15821,2025-03-12,iPhone 16 Plus,256GB,White,Australia,Female,5,999,4995,969.9,Mar-2025,2025
15822,2025-08-21,iPhone 16,128GB,White,Germany,Male,4,809,3236,607.54,Aug-2025,2025
15823,2025-11-30,iPhone 16 Pro Max,512GB,Pink,USA,Male,1,1399,1399,313.05,Nov-2025,2025
15824,2025-03-31,iPhone 16 Pro,256GB,White,India,Female,3,1199,3597,799.79,Mar-2025,2025
15825,2025-11-30,iPhone 15 Pro,256GB,White,Canada,Female,4,1069,4276,926.52,Nov-2025,2025
15826,2025-07-18,iPhone 14,128GB,Blue,India,Female,4,699,2796,486.36,Jul-2025,2025
15827,2025-06-10,iPhone 16 Pro Max,512GB,Blue,Germany,Male,3,1399,4197,966.16,Jun-2025,2025
15828,2026-06-22,iPhone 16,256GB,Blue,India,Male,3,879,2637,517.16,Jun-2026,2026
15829,2025-05-01,iPhone 14,256GB,Blue,Germany,Male,1,819,819,136.94,May-2025,2025
15830,2025-10-28,iPhone 16 Pro,128GB,Blue,UK,Female,1,1109,1109,237.97,Oct-2025,2025
15831,2026-07-29,iPhone 16 Pro,128GB,Purple,Canada,Male,2,1119,2238,510.35,Jul-2026,2026
15832,2026-03-12,iPhone 16,128GB,Black,USA,Male,1,819,819,171.52,Mar-2026,2026
15833,2025-03-09,iPhone 15 Pro Max,512GB,Pink,Singapore,Male,5,1399,6995,1534.59,Mar-2025,2025
15834,2026-04-04,iPhone 16,128GB,Green,India,Female,1,779,779,160.5,Apr-2026,2026
15835,2026-05-29,iPhone 16 Plus,256GB,Natural Titanium,India,Male,4,969,3876,752.08,May-2026,2026
15836,2026-02-02,iPhone 16 Pro,128GB,Purple,India,Male,3,1069,3207,703.72,Feb-2026,2026
15837,2025-10-13,iPhone 16 Pro Max,128GB,Blue,Germany,Male,1,1199,1199,277.75,Oct-2025,2025
15838,2026-07-15,iPhone 16,128GB,Pink,USA,Male,1,809,809,139.49,Jul-2026,2026
15839,2025-05-20,iPhone 16 Pro,256GB,Green,UAE,Male,1,1209,1209,265.84,May-2025,2025
15840,2026-07-10,iPhone 16 Pro Max,256GB,White,UAE,Male,2,1279,2558,581.28,Jul-2026,2026
15841,2026-08-13,iPhone 15,1TB,Purple,Australia,Female,3,1099,3297,591.0,Aug-2026,2026
15842,2025-10-09,iPhone 13,512GB,White,UAE,Male,5,819,4095,639.42,Oct-2025,2025
15843,2026-08-01,iPhone 16 Pro,128GB,Pink,UK,Male,1,1109,1109,259.74,Aug-2026,2026
15844,2026-04-02,iPhone 15,512GB,Black,UAE,Male,1,999,999,192.83,Apr-2026,2026
15845,2025-03-28,iPhone 13,128GB,Black,UAE,Female,1,579,579,108.38,Mar-2025,2025
15846,2025-03-20,iPhone 15,512GB,Pink,India,Male,1,999,999,180.29,Mar-2025,2025
15847,2025-07-24,iPhone 15 Pro,128GB,Natural Titanium,India,Female,3,999,2997,625.63,Jul-2025,2025
15848,2025-12-03,iPhone 15,512GB,Natural Titanium,India,Female,1,999,999,183.47,Dec-2025,2025
15849,2025-09-11,iPhone 15 Pro,128GB,Black,India,Male,2,999,1998,424.03,Sep-2025,2025
15850,2025-10-31,iPhone 16 Pro Max,128GB,Natural Titanium,USA,Male,1,1199,1199,293.69,Oct-2025,2025
15851,2026-01-15,iPhone 16 Plus,128GB,Black,UK,Female,1,869,869,167.32,Jan-2026,2026
15852,2025-05-10,iPhone 16 Plus,128GB,White,Singapore,Female,2,919,1838,350.61,May-2025,2025
15853,2026-08-19,iPhone 14,128GB,Natural Titanium,India,Female,2,669,1338,237.06,Aug-2026,2026
15854,2025-10-03,iPhone 16 Plus,512GB,Black,Canada,Female,1,1109,1109,188.39,Oct-2025,2025
15855,2026-07-12,iPhone 16 Plus,256GB,Black,USA,Male,2,969,1938,386.12,Jul-2026,2026
15856,2025-07-02,iPhone 16,128GB,Pink,India,Female,1,819,819,164.72,Jul-2025,2025
15857,2025-09-25,iPhone 15,128GB,Black,UK,Male,2,799,1598,293.2,Sep-2025,2025
15858,2025-11-18,iPhone 15 Pro Max,128GB,Natural Titanium,Singapore,Male,4,1199,4796,1062.79,Nov-2025,2025
15859,2026-05-27,iPhone 16 Pro,512GB,Natural Titanium,India,Female,2,1269,2538,569.56,May-2026,2026
15860,2025-03-19,iPhone 16 Plus,128GB,Purple,USA,Male,1,899,899,202.67,Mar-2025,2025
15861,2025-12-05,iPhone 16 Plus,256GB,Blue,India,Male,2,1019,2038,382.97,Dec-2025,2025
15862,2026-07-10,iPhone 16,128GB,Blue,India,Male,3,809,2427,475.03,Jul-2026,2026
15863,2026-05-24,iPhone 15 Pro Max,128GB,Pink,UK,Male,1,1179,1179,264.66,May-2026,2026
15864,2025-08-26,iPhone 16 Plus,128GB,Blue,Australia,Female,2,869,1738,321.11,Aug-2025,2025
15865,2025-05-14,iPhone 13,128GB,White,UAE,Male,1,599,599,109.79,May-2025,2025
15866,2025-07-11,iPhone 16 Plus,128GB,Purple,USA,Female,3,899,2697,516.98,Jul-2025,2025
15867,2025-12-22,iPhone 16 Pro Max,128GB,Purple,Germany,Male,1,1199,1199,280.59,Dec-2025,2025
15868,2025-10-05,iPhone 16 Pro,128GB,Pink,India,Male,4,1079,4316,952.68,Oct-2025,2025
15869,2025-01-18,iPhone 15 Pro,256GB,Natural Titanium,UAE,Male,2,1109,2218,471.63,Jan-2025,2025
15870,2026-06-08,iPhone 15,128GB,Black,USA,Male,1,799,799,154.48,Jun-2026,2026
15871,2025-06-29,iPhone 16,128GB,Blue,Germany,Male,1,799,799,147.08,Jun-2025,2025
15872,2025-05-03,iPhone 16 Pro,128GB,White,Canada,Female,1,1079,1079,237.04,May-2025,2025
15873,2025-09-03,iPhone 16,512GB,Natural Titanium,Germany,Male,1,999,999,202.99,Sep-2025,2025
15874,2026-01-08,iPhone 16,256GB,Pink,India,Male,1,919,919,163.46,Jan-2026,2026
15875,2025-02-20,iPhone 15,256GB,Natural Titanium,UAE,Male,1,919,919,178.69,Feb-2025,2025
15876,2025-03-12,iPhone 16 Plus,128GB,Pink,UAE,Male,1,899,899,171.4,Mar-2025,2025
15877,2026-04-25,iPhone 16 Plus,128GB,Black,UAE,Male,1,919,919,187.82,Apr-2026,2026
15878,2026-07-14,iPhone 16 Pro Max,128GB,Green,USA,Female,1,1199,1199,282.85,Jul-2026,2026
15879,2025-01-19,iPhone 15 Pro,128GB,Blue,India,Male,2,999,1998,414.92,Jan-2025,2025
15880,2025-03-25,iPhone 16 Plus,256GB,White,India,Male,1,1019,1019,188.93,Mar-2025,2025
15881,2025-06-04,iPhone 15 Pro Max,512GB,Pink,India,Female,1,1379,1379,295.75,Jun-2025,2025
15882,2026-07-19,iPhone 16,512GB,Natural Titanium,Australia,Male,1,1009,1009,178.48,Jul-2026,2026
15883,2025-12-23,iPhone 16 Pro,128GB,Blue,Australia,Male,2,1069,2138,472.4,Dec-2025,2025
15884,2026-03-19,iPhone 15,128GB,Natural Titanium,India,Female,1,819,819,150.43,Mar-2026,2026
15885,2025-03-10,iPhone 15 Pro,128GB,White,Germany,Female,1,969,969,211.67,Mar-2025,2025
15886,2026-06-07,iPhone 16 Pro,128GB,Purple,India,Male,1,1109,1109,241.34,Jun-2026,2026
15887,2025-05-23,iPhone 16,512GB,Purple,USA,Female,1,999,999,197.65,May-2025,2025
15888,2025-07-11,iPhone 14,128GB,White,India,Male,1,679,679,129.44,Jul-2025,2025
15889,2026-01-22,iPhone 15 Pro Max,1TB,Purple,Australia,Female,1,1499,1499,353.13,Jan-2026,2026
15890,2026-01-13,iPhone 16,256GB,Pink,UAE,Female,3,879,2637,491.26,Jan-2026,2026
15891,2026-08-04,iPhone 16 Pro Max,128GB,Blue,India,Male,3,1209,3627,850.66,Aug-2026,2026
15892,2026-06-19,iPhone 15,128GB,White,UAE,Male,5,799,3995,724.54,Jun-2026,2026
15893,2025-10-20,iPhone 16 Pro,256GB,Pink,India,Male,2,1199,2398,532.14,Oct-2025,2025
15894,2025-01-09,iPhone 14,128GB,Blue,USA,Male,2,709,1418,237.8,Jan-2025,2025
15895,2025-09-28,iPhone 15,128GB,Blue,India,Male,4,779,3116,576.23,Sep-2025,2025
15896,2026-01-22,iPhone 15,128GB,Pink,India,Female,1,769,769,143.02,Jan-2026,2026
15897,2025-04-03,iPhone 16 Pro,128GB,Blue,Australia,Male,2,1079,2158,461.01,Apr-2025,2025
15898,2026-06-13,iPhone 15,256GB,Green,UAE,Male,1,919,919,146.0,Jun-2026,2026
15899,2025-06-03,iPhone 16 Pro,128GB,White,India,Female,2,1099,2198,485.56,Jun-2025,2025
15900,2026-02-09,iPhone 15 Pro Max,256GB,White,India,Female,1,1299,1299,292.96,Feb-2026,2026
15901,2025-05-29,iPhone 16 Pro Max,256GB,Blue,India,Male,3,1319,3957,903.42,May-2025,2025
15902,2025-09-24,iPhone 16 Pro,128GB,Pink,India,Female,5,1119,5595,1227.98,Sep-2025,2025
15903,2026-02-26,iPhone 16 Plus,256GB,Black,USA,Female,1,1009,1009,205.5,Feb-2026,2026
15904,2026-04-17,iPhone 16 Pro,128GB,Purple,India,Male,3,1079,3237,709.55,Apr-2026,2026
15905,2026-07-01,iPhone 16,256GB,Blue,UAE,Male,1,869,869,172.32,Jul-2026,2026
15906,2026-06-10,iPhone 16 Pro,128GB,Black,USA,Female,1,1079,1079,232.41,Jun-2026,2026
15907,2026-05-18,iPhone 15,128GB,Blue,India,Female,2,819,1638,309.86,May-2026,2026
15908,2025-01-14,iPhone 14,128GB,Black,Germany,Male,1,699,699,124.04,Jan-2025,2025
15909,2025-12-30,iPhone 16,256GB,Blue,India,Male,1,879,879,169.79,Dec-2025,2025
15910,2025-04-29,iPhone 15 Pro Max,128GB,Pink,USA,Female,1,1199,1199,281.65,Apr-2025,2025
15911,2025-08-26,iPhone 15 Pro Max,128GB,Purple,USA,Female,2,1199,2398,511.65,Aug-2025,2025
15912,2026-06-30,iPhone 16,128GB,Natural Titanium,India,Female,1,799,799,160.94,Jun-2026,2026
15913,2025-06-18,iPhone 15 Pro,128GB,Natural Titanium,India,Female,4,969,3876,796.89,Jun-2025,2025
15914,2026-06-06,iPhone 16,256GB,Black,India,Female,2,909,1818,348.41,Jun-2026,2026
15915,2026-05-31,iPhone 13,256GB,Green,Australia,Female,1,719,719,117.56,May-2026,2026
15916,2026-02-01,iPhone 16 Pro Max,512GB,Pink,Canada,Female,1,1369,1369,320.94,Feb-2026,2026
15917,2025-04-16,iPhone 16 Pro Max,128GB,Purple,UAE,Female,4,1179,4716,1065.93,Apr-2025,2025
15918,2025-03-26,iPhone 16 Pro Max,128GB,Blue,USA,Male,2,1219,2438,565.53,Mar-2025,2025
15919,2025-08-02,iPhone 15 Pro,256GB,Black,USA,Female,2,1119,2238,486.58,Aug-2025,2025
15920,2025-05-01,iPhone 16,256GB,Purple,India,Male,2,899,1798,336.23,May-2025,2025
15921,2025-05-12,iPhone 16 Pro Max,128GB,White,India,Male,1,1199,1199,269.63,May-2025,2025
15922,2025-07-16,iPhone 16 Pro Max,256GB,Pink,India,Male,2,1269,2538,579.43,Jul-2025,2025
15923,2025-01-19,iPhone 16 Pro,256GB,Black,USA,Male,3,1199,3597,803.24,Jan-2025,2025
15924,2025-01-12,iPhone 15 Pro,128GB,Pink,India,Male,1,999,999,202.0,Jan-2025,2025
15925,2025-03-22,iPhone 16,256GB,Black,India,Female,5,899,4495,851.48,Mar-2025,2025
15926,2025-11-26,iPhone 16 Pro,128GB,Natural Titanium,India,Female,1,1119,1119,257.7,Nov-2025,2025
15927,2026-01-27,iPhone 15,512GB,White,India,Female,1,1019,1019,175.42,Jan-2026,2026
15928,2025-11-03,iPhone 16,256GB,Green,USA,Female,1,869,869,178.52,Nov-2025,2025
15929,2025-09-24,iPhone 16 Pro,128GB,White,India,Male,2,1099,2198,478.7,Sep-2025,2025
15930,2026-03-23,iPhone 16 Plus,128GB,Blue,India,Male,1,899,899,170.9,Mar-2026,2026
15931,2026-03-17,iPhone 15 Pro Max,1TB,Pink,India,Male,1,1469,1469,335.31,Mar-2026,2026
15932,2025-01-02,iPhone 16,256GB,Green,India,Male,5,919,4595,884.81,Jan-2025,2025
15933,2026-06-04,iPhone 16 Pro Max,128GB,Pink,India,Female,1,1199,1199,272.52,Jun-2026,2026
15934,2025-11-05,iPhone 16,256GB,Purple,India,Male,1,899,899,161.62,Nov-2025,2025
15935,2026-06-06,iPhone 16 Pro,256GB,Black,UAE,Male,1,1169,1169,275.73,Jun-2026,2026
15936,2026-04-14,iPhone 16 Plus,128GB,Blue,USA,Male,1,909,909,171.6,Apr-2026,2026
15937,2025-07-31,iPhone 16 Plus,128GB,Blue,India,Male,1,899,899,177.49,Jul-2025,2025
15938,2025-04-22,iPhone 16 Plus,256GB,Pink,India,Male,1,979,979,195.87,Apr-2025,2025
15939,2025-01-08,iPhone 15 Pro Max,128GB,Natural Titanium,India,Female,1,1219,1219,260.91,Jan-2025,2025
15940,2026-04-22,iPhone 15 Pro Max,128GB,Blue,India,Male,3,1199,3597,776.95,Apr-2026,2026
15941,2026-04-05,iPhone 15 Pro Max,256GB,Pink,Singapore,Male,1,1319,1319,298.7,Apr-2026,2026
15942,2025-09-10,iPhone 13,128GB,Black,Australia,Male,2,599,1198,175.99,Sep-2025,2025
15943,2026-06-10,iPhone 15,128GB,Black,India,Female,1,799,799,133.2,Jun-2026,2026
15944,2026-03-14,iPhone 15,128GB,Pink,UK,Male,1,769,769,147.51,Mar-2026,2026
15945,2025-08-24,iPhone 16 Pro,256GB,White,India,Male,1,1169,1169,263.02,Aug-2025,2025
15946,2025-11-02,iPhone 15,256GB,White,India,Male,1,869,869,161.7,Nov-2025,2025
15947,2026-04-23,iPhone 14,256GB,Black,UAE,Female,2,799,1598,266.77,Apr-2026,2026
15948,2025-01-20,iPhone 14,128GB,Green,India,Female,1,669,669,129.54,Jan-2025,2025
15949,2025-08-04,iPhone 16 Plus,256GB,White,USA,Male,5,979,4895,920.11,Aug-2025,2025
15950,2025-05-15,iPhone 13,512GB,Pink,UK,Female,2,799,1598,232.44,May-2025,2025
15951,2025-05-09,iPhone 15 Pro Max,128GB,Black,USA,Male,1,1169,1169,237.41,May-2025,2025
15952,2026-02-14,iPhone 14,128GB,Blue,Singapore,Male,1,699,699,120.98,Feb-2026,2026
15953,2026-02-26,iPhone 16 Pro,256GB,Blue,Canada,Male,1,1199,1199,263.87,Feb-2026,2026
15954,2025-10-21,iPhone 16 Pro Max,128GB,Natural Titanium,Canada,Male,1,1209,1209,287.27,Oct-2025,2025
15955,2025-09-03,iPhone 16 Pro Max,128GB,White,India,Female,2,1209,2418,564.15,Sep-2025,2025
15956,2026-07-10,iPhone 15 Pro Max,128GB,Green,India,Female,3,1199,3597,791.06,Jul-2026,2026
15957,2025-03-27,iPhone 16,128GB,Purple,UAE,Male,1,799,799,135.68,Mar-2025,2025
15958,2026-07-10,iPhone 16,128GB,White,Singapore,Male,1,809,809,147.28,Jul-2026,2026
15959,2026-01-10,iPhone 15 Pro,128GB,Green,USA,Male,1,999,999,204.26,Jan-2026,2026
15960,2026-03-22,iPhone 15 Pro Max,512GB,White,Singapore,Female,2,1399,2798,634.98,Mar-2026,2026
15961,2026-01-13,iPhone 13,256GB,Blue,India,Female,1,699,699,110.69,Jan-2026,2026
15962,2026-01-25,iPhone 16 Pro,256GB,Green,India,Female,4,1179,4716,1049.85,Jan-2026,2026
15963,2025-02-20,iPhone 15,128GB,Blue,India,Female,2,819,1638,297.36,Feb-2025,2025
15964,2025-08-30,iPhone 15 Pro Max,256GB,Natural Titanium,USA,Male,4,1319,5276,1159.85,Aug-2025,2025
15965,2025-10-21,iPhone 15 Pro Max,128GB,Pink,Canada,Female,1,1179,1179,253.8,Oct-2025,2025
15966,2026-07-17,iPhone 16,256GB,Pink,India,Male,2,899,1798,347.88,Jul-2026,2026
15967,2025-09-23,iPhone 16 Pro,512GB,Black,Germany,Female,2,1309,2618,563.81,Sep-2025,2025
15968,2025-04-30,iPhone 16 Plus,256GB,Blue,USA,Male,2,979,1958,371.67,Apr-2025,2025
15969,2025-09-05,iPhone 16,128GB,Blue,USA,Female,1,769,769,147.44,Sep-2025,2025
15970,2025-03-11,iPhone 16,256GB,Natural Titanium,Canada,Male,5,919,4595,875.46,Mar-2025,2025
15971,2025-02-26,iPhone 14,128GB,Black,India,Male,4,679,2716,451.68,Feb-2025,2025
15972,2026-01-17,iPhone 15 Pro,128GB,Pink,Canada,Female,1,1009,1009,207.29,Jan-2026,2026
15973,2025-02-08,iPhone 16 Pro Max,128GB,Pink,India,Female,2,1209,2418,559.91,Feb-2025,2025
15974,2026-03-19,iPhone 16 Pro Max,512GB,Green,India,Female,1,1399,1399,324.49,Mar-2026,2026
15975,2025-01-18,iPhone 16 Plus,128GB,Green,UK,Female,3,909,2727,533.21,Jan-2025,2025
15976,2025-12-18,iPhone 15,512GB,Purple,Germany,Male,2,999,1998,357.22,Dec-2025,2025
15977,2025-10-25,iPhone 14,128GB,Natural Titanium,UK,Female,1,709,709,106.42,Oct-2025,2025
15978,2025-10-10,iPhone 15 Pro Max,128GB,Pink,UK,Female,1,1179,1179,253.82,Oct-2025,2025
15979,2026-08-09,iPhone 16 Pro,256GB,Purple,Canada,Male,1,1179,1179,246.83,Aug-2026,2026
15980,2025-04-20,iPhone 16 Plus,128GB,White,India,Female,1,879,879,185.95,Apr-2025,2025
15981,2025-06-29,iPhone 16 Pro,256GB,Blue,Canada,Female,1,1209,1209,275.65,Jun-2025,2025
15982,2026-06-28,iPhone 16,256GB,Green,USA,Female,2,899,1798,345.93,Jun-2026,2026
15983,2025-01-25,iPhone 14,256GB,White,India,Male,2,819,1638,283.24,Jan-2025,2025
15984,2025-02-26,iPhone 14,256GB,Green,India,Female,1,799,799,134.95,Feb-2025,2025
15985,2025-06-29,iPhone 13,128GB,Black,India,Male,2,599,1198,175.37,Jun-2025,2025
15986,2025-08-20,iPhone 16,128GB,Blue,India,Female,1,769,769,140.9,Aug-2025,2025
15987,2025-12-09,iPhone 15,128GB,Purple,India,Male,1,799,799,115.03,Dec-2025,2025
15988,2026-04-22,iPhone 16 Plus,128GB,Purple,India,Female,2,919,1838,357.57,Apr-2026,2026
15989,2026-07-30,iPhone 16 Plus,512GB,Green,UAE,Female,1,1119,1119,214.26,Jul-2026,2026
15990,2026-03-31,iPhone 15 Pro,256GB,Pink,UK,Male,1,1079,1079,227.52,Mar-2026,2026
15991,2025-08-20,iPhone 15,256GB,Natural Titanium,UK,Female,1,899,899,153.22,Aug-2025,2025
15992,2025-10-16,iPhone 14,256GB,Purple,India,Male,2,819,1638,277.28,Oct-2025,2025
15993,2025-08-01,iPhone 16 Plus,128GB,Black,Canada,Male,3,899,2697,519.67,Aug-2025,2025
15994,2025-09-15,iPhone 15 Pro Max,256GB,Black,India,Male,1,1299,1299,290.53,Sep-2025,2025
15995,2026-06-14,iPhone 15 Pro,256GB,Pink,UK,Male,1,1069,1069,211.39,Jun-2026,2026
15996,2025-08-17,iPhone 16 Pro,128GB,Black,India,Female,3,1069,3207,697.23,Aug-2025,2025
15997,2025-08-14,iPhone 16,512GB,Natural Titanium,USA,Male,1,969,969,192.11,Aug-2025,2025
15998,2026-08-19,iPhone 16,256GB,Blue,India,Female,1,899,899,167.62,Aug-2026,2026
15999,2026-03-11,iPhone 16 Plus,128GB,Green,Canada,Male,1,919,919,196.34,Mar-2026,2026
16000,2026-02-06,iPhone 16 Pro,256GB,Black,Germany,Female,4,1199,4796,1043.56,Feb-2026,2026
16001,2025-03-29,iPhone 16 Plus,128GB,Blue,UAE,Female,2,879,1758,331.72,Mar-2025,2025
16002,2026-08-07,iPhone 15 Pro Max,128GB,Pink,India,Male,2,1209,2418,527.48,Aug-2026,2026
16003,2026-06-26,iPhone 15 Pro,256GB,Green,India,Female,2,1069,2138,446.39,Jun-2026,2026
16004,2025-11-05,iPhone 16 Pro,512GB,Pink,Germany,Male,2,1279,2558,550.98,Nov-2025,2025
16005,2025-12-09,iPhone 16,256GB,Green,USA,Female,1,879,879,144.87,Dec-2025,2025
16006,2026-03-12,iPhone 16 Plus,512GB,Natural Titanium,Germany,Male,2,1119,2238,432.05,Mar-2026,2026
16007,2025-06-26,iPhone 16 Pro,512GB,Black,USA,Male,2,1299,2598,589.46,Jun-2025,2025
16008,2025-05-19,iPhone 16 Pro Max,512GB,Black,Singapore,Female,2,1379,2758,628.79,May-2025,2025
16009,2025-07-13,iPhone 15,128GB,Green,Germany,Female,1,769,769,141.87,Jul-2025,2025
16010,2025-07-05,iPhone 15,128GB,Blue,UAE,Male,1,809,809,143.63,Jul-2025,2025
16011,2025-08-06,iPhone 15,128GB,Blue,India,Female,2,779,1558,278.36,Aug-2025,2025
16012,2025-06-13,iPhone 16 Plus,256GB,Blue,USA,Male,1,999,999,182.47,Jun-2025,2025
16013,2025-06-10,iPhone 15 Pro,512GB,White,Germany,Female,1,1199,1199,260.14,Jun-2025,2025
16014,2026-06-09,iPhone 15,128GB,Purple,Australia,Male,1,779,779,143.23,Jun-2026,2026
16015,2026-08-24,iPhone 14,256GB,Purple,India,Female,2,769,1538,253.55,Aug-2026,2026
16016,2025-02-11,iPhone 15 Pro,256GB,Purple,USA,Male,1,1119,1119,244.33,Feb-2025,2025
16017,2025-07-29,iPhone 14,128GB,Blue,Australia,Male,1,719,719,139.39,Jul-2025,2025
16018,2025-10-02,iPhone 15,128GB,Black,UK,Female,2,809,1618,305.36,Oct-2025,2025
16019,2025-10-06,iPhone 16 Plus,128GB,Natural Titanium,Australia,Male,1,909,909,170.91,Oct-2025,2025
16020,2025-09-08,iPhone 13,128GB,White,Canada,Male,3,569,1707,262.98,Sep-2025,2025
16021,2025-11-06,iPhone 14,256GB,Blue,Germany,Male,1,799,799,125.43,Nov-2025,2025
16022,2025-05-20,iPhone 16 Pro,128GB,Black,India,Male,3,1099,3297,719.61,May-2025,2025
16023,2026-06-30,iPhone 16 Pro,256GB,White,India,Male,2,1219,2438,531.43,Jun-2026,2026
16024,2026-06-14,iPhone 15 Pro,128GB,Black,India,Male,1,1019,1019,224.43,Jun-2026,2026
16025,2025-02-26,iPhone 14,256GB,Green,Germany,Male,4,799,3196,520.89,Feb-2025,2025
16026,2025-04-22,iPhone 16 Plus,128GB,Black,USA,Female,2,879,1758,333.27,Apr-2025,2025
16027,2025-01-05,iPhone 15 Pro,512GB,White,India,Female,4,1219,4876,1017.77,Jan-2025,2025
16028,2026-02-14,iPhone 13,128GB,Blue,India,Female,1,579,579,83.97,Feb-2026,2026
16029,2026-02-18,iPhone 15,512GB,Purple,India,Female,1,1019,1019,189.64,Feb-2026,2026
16030,2025-07-01,iPhone 14,256GB,White,Canada,Male,2,799,1598,263.7,Jul-2025,2025
16031,2025-01-13,iPhone 16,256GB,Blue,UAE,Male,1,879,879,165.34,Jan-2025,2025
16032,2025-12-05,iPhone 16 Pro,128GB,Blue,UAE,Female,4,1069,4276,951.1,Dec-2025,2025
16033,2025-09-16,iPhone 16 Pro,128GB,Natural Titanium,India,Female,2,1109,2218,484.51,Sep-2025,2025
16034,2025-03-31,iPhone 16,128GB,Pink,Germany,Male,2,819,1638,326.22,Mar-2025,2025
16035,2025-09-07,iPhone 15 Pro Max,128GB,Natural Titanium,India,Male,4,1199,4796,1045.53,Sep-2025,2025
16036,2025-09-12,iPhone 16,512GB,Green,UK,Female,5,969,4845,886.25,Sep-2025,2025
16037,2026-08-11,iPhone 15 Pro Max,128GB,Pink,India,Female,1,1169,1169,263.12,Aug-2026,2026
16038,2025-04-18,iPhone 15,1TB,Purple,India,Female,2,1069,2138,388.58,Apr-2025,2025
16039,2026-08-17,iPhone 16 Plus,256GB,White,India,Male,2,979,1958,384.26,Aug-2026,2026
16040,2026-08-12,iPhone 16 Pro,128GB,Pink,UK,Female,1,1109,1109,249.13,Aug-2026,2026
16041,2026-04-30,iPhone 15 Pro,256GB,Purple,UK,Female,5,1099,5495,1171.92,Apr-2026,2026
16042,2025-09-15,iPhone 16 Pro,128GB,Blue,India,Female,3,1099,3297,729.08,Sep-2025,2025
16043,2025-10-09,iPhone 15 Pro Max,128GB,White,India,Female,2,1169,2338,526.61,Oct-2025,2025
16044,2025-03-29,iPhone 15 Pro,128GB,Pink,Australia,Female,1,969,969,213.58,Mar-2025,2025
16045,2025-07-23,iPhone 13,512GB,Black,India,Female,2,769,1538,239.06,Jul-2025,2025
16046,2025-01-16,iPhone 16 Plus,128GB,Purple,India,Male,2,899,1798,336.23,Jan-2025,2025
16047,2025-05-31,iPhone 16 Pro,256GB,Purple,USA,Male,1,1219,1219,265.29,May-2025,2025
16048,2025-09-11,iPhone 16,128GB,Green,Australia,Female,1,779,779,173.89,Sep-2025,2025
16049,2025-07-07,iPhone 15,256GB,Black,India,Male,1,879,879,151.45,Jul-2025,2025
16050,2025-11-25,iPhone 14,128GB,White,Singapore,Female,2,709,1418,246.13,Nov-2025,2025
16051,2026-06-28,iPhone 16,128GB,Pink,India,Female,2,779,1558,297.28,Jun-2026,2026
16052,2026-02-01,iPhone 15 Pro,128GB,Blue,USA,Female,1,979,979,208.36,Feb-2026,2026
16053,2026-06-01,iPhone 15 Pro Max,128GB,Pink,India,Female,3,1199,3597,792.04,Jun-2026,2026
16054,2026-04-04,iPhone 16 Pro Max,256GB,Natural Titanium,UAE,Male,1,1299,1299,294.38,Apr-2026,2026
16055,2025-11-26,iPhone 16 Plus,128GB,White,India,Male,2,879,1758,320.53,Nov-2025,2025
16056,2025-06-18,iPhone 15 Pro Max,1TB,White,UK,Female,2,1499,2998,648.34,Jun-2025,2025
16057,2026-01-01,iPhone 13,128GB,White,India,Male,3,619,1857,306.07,Jan-2026,2026
16058,2025-06-27,iPhone 13,128GB,White,USA,Female,3,609,1827,297.97,Jun-2025,2025
16059,2025-12-28,iPhone 16 Plus,128GB,Natural Titanium,Australia,Male,1,879,879,169.53,Dec-2025,2025
16060,2025-02-09,iPhone 16 Pro,128GB,Purple,UAE,Female,1,1099,1099,263.44,Feb-2025,2025
16061,2026-02-20,iPhone 16 Plus,512GB,Pink,India,Male,2,1099,2198,447.01,Feb-2026,2026
16062,2025-12-21,iPhone 15 Pro,512GB,Black,UK,Male,2,1199,2398,492.29,Dec-2025,2025
16063,2025-09-12,iPhone 13,256GB,Blue,UK,Female,1,699,699,128.78,Sep-2025,2025
16064,2025-05-23,iPhone 16 Pro Max,512GB,Blue,India,Female,1,1399,1399,307.37,May-2025,2025
16065,2026-07-31,iPhone 16 Pro Max,512GB,Green,USA,Male,1,1409,1409,318.83,Jul-2026,2026
16066,2025-01-11,iPhone 16,256GB,Purple,India,Male,1,899,899,172.79,Jan-2025,2025
16067,2025-01-26,iPhone 14,512GB,White,USA,Female,1,909,909,164.63,Jan-2025,2025
16068,2026-02-25,iPhone 16,128GB,White,Canada,Male,1,819,819,140.48,Feb-2026,2026
16069,2025-08-09,iPhone 16 Pro,256GB,White,India,Female,2,1199,2398,528.51,Aug-2025,2025
16070,2026-05-11,iPhone 16 Plus,256GB,Purple,India,Male,1,1009,1009,193.12,May-2026,2026
16071,2025-08-25,iPhone 16 Plus,128GB,Black,India,Male,4,909,3636,673.29,Aug-2025,2025
16072,2025-08-25,iPhone 14,512GB,White,Singapore,Male,2,869,1738,300.72,Aug-2025,2025
16073,2025-08-07,iPhone 14,128GB,Green,UAE,Male,1,669,669,112.26,Aug-2025,2025
16074,2026-05-02,iPhone 14,512GB,Green,India,Male,1,899,899,159.69,May-2026,2026
16075,2026-04-06,iPhone 16 Pro Max,128GB,Black,USA,Female,2,1199,2398,545.89,Apr-2026,2026
16076,2025-05-24,iPhone 16,128GB,Purple,India,Male,2,809,1618,302.95,May-2025,2025
16077,2025-07-08,iPhone 16 Pro,128GB,White,UK,Male,2,1069,2138,497.7,Jul-2025,2025
16078,2025-09-12,iPhone 14,512GB,Natural Titanium,USA,Male,3,899,2697,449.1,Sep-2025,2025
16079,2025-03-09,iPhone 16 Pro Max,128GB,Pink,Singapore,Female,3,1199,3597,825.13,Mar-2025,2025
16080,2025-12-02,iPhone 16 Pro,256GB,Pink,India,Female,3,1199,3597,785.2,Dec-2025,2025
16081,2026-02-13,iPhone 15,256GB,Blue,UK,Female,1,869,869,158.04,Feb-2026,2026
16082,2025-10-27,iPhone 16 Pro,128GB,Black,UAE,Male,1,1119,1119,249.76,Oct-2025,2025
16083,2026-08-25,iPhone 15,1TB,Pink,Canada,Female,1,1079,1079,208.81,Aug-2026,2026
16084,2025-12-23,iPhone 15,128GB,Blue,USA,Female,2,819,1638,288.23,Dec-2025,2025
16085,2025-09-13,iPhone 15,256GB,Green,UAE,Male,1,919,919,162.38,Sep-2025,2025
16086,2025-12-19,iPhone 16 Pro Max,128GB,Blue,India,Male,3,1199,3597,830.25,Dec-2025,2025
16087,2026-06-05,iPhone 16 Pro Max,128GB,White,USA,Female,1,1179,1179,249.62,Jun-2026,2026
16088,2026-06-08,iPhone 15 Pro,128GB,White,Germany,Male,1,979,979,219.59,Jun-2026,2026
16089,2025-10-11,iPhone 16 Plus,256GB,Green,Germany,Male,1,979,979,147.09,Oct-2025,2025
16090,2025-11-08,iPhone 16 Plus,512GB,Black,UAE,Male,1,1099,1099,217.44,Nov-2025,2025
16091,2025-04-09,iPhone 16 Pro,128GB,Purple,India,Male,1,1109,1109,285.68,Apr-2025,2025
16092,2025-07-16,iPhone 15 Pro,128GB,White,Canada,Male,1,979,979,212.86,Jul-2025,2025
16093,2026-04-27,iPhone 16,1TB,White,India,Female,1,1069,1069,211.52,Apr-2026,2026
16094,2025-08-14,iPhone 16,128GB,Blue,India,Female,2,769,1538,293.5,Aug-2025,2025
16095,2025-12-31,iPhone 13,256GB,Blue,UAE,Female,1,679,679,98.6,Dec-2025,2025
16096,2026-01-03,iPhone 15 Pro,256GB,Blue,India,Male,1,1079,1079,236.06,Jan-2026,2026
16097,2026-07-24,iPhone 16 Plus,128GB,Pink,Singapore,Female,1,879,879,150.13,Jul-2026,2026
16098,2026-08-13,iPhone 15,256GB,Natural Titanium,USA,Female,4,869,3476,611.5,Aug-2026,2026
16099,2025-03-16,iPhone 16 Pro Max,512GB,Green,USA,Male,2,1399,2798,638.08,Mar-2025,2025
16100,2025-02-11,iPhone 13,128GB,Black,UAE,Female,5,609,3045,493.47,Feb-2025,2025
16101,2026-02-26,iPhone 16 Pro Max,256GB,Blue,Canada,Female,2,1299,2598,582.69,Feb-2026,2026
16102,2025-06-30,iPhone 15,256GB,Black,USA,Male,5,869,4345,790.19,Jun-2025,2025
16103,2026-06-29,iPhone 13,128GB,Natural Titanium,India,Male,1,569,569,96.31,Jun-2026,2026
16104,2025-03-12,iPhone 15 Pro,128GB,Blue,Canada,Male,1,999,999,210.75,Mar-2025,2025
16105,2026-07-22,iPhone 16 Pro,256GB,White,India,Female,2,1199,2398,507.55,Jul-2026,2026
16106,2025-04-15,iPhone 16 Plus,128GB,Natural Titanium,India,Male,5,879,4395,846.11,Apr-2025,2025
16107,2025-07-19,iPhone 15,128GB,Black,UK,Male,3,819,2457,439.32,Jul-2025,2025
16108,2025-04-11,iPhone 15,512GB,Pink,India,Male,2,979,1958,351.59,Apr-2025,2025
16109,2025-11-03,iPhone 16,256GB,Blue,Singapore,Female,1,869,869,159.23,Nov-2025,2025
16110,2026-08-09,iPhone 15 Pro Max,1TB,Purple,UK,Male,1,1499,1499,311.04,Aug-2026,2026
16111,2026-01-12,iPhone 16 Pro,128GB,Green,Singapore,Female,1,1099,1099,229.94,Jan-2026,2026
16112,2026-02-03,iPhone 13,512GB,White,India,Female,1,799,799,139.25,Feb-2026,2026
16113,2025-08-09,iPhone 16,256GB,Natural Titanium,Singapore,Female,1,909,909,191.85,Aug-2025,2025
16114,2026-08-18,iPhone 16 Plus,1TB,Natural Titanium,India,Female,1,1199,1199,234.44,Aug-2026,2026
16115,2025-07-01,iPhone 16 Pro Max,512GB,Blue,India,Male,3,1409,4227,981.26,Jul-2025,2025
16116,2025-11-03,iPhone 16 Plus,1TB,Natural Titanium,India,Female,1,1199,1199,247.71,Nov-2025,2025
16117,2026-06-06,iPhone 15,1TB,Black,USA,Female,1,1079,1079,213.81,Jun-2026,2026
16118,2026-01-31,iPhone 14,128GB,Blue,India,Female,1,709,709,127.63,Jan-2026,2026
16119,2025-01-04,iPhone 16,256GB,White,USA,Female,1,879,879,159.83,Jan-2025,2025
16120,2025-10-08,iPhone 16,128GB,Green,India,Female,1,799,799,128.07,Oct-2025,2025
16121,2025-08-03,iPhone 16 Pro,256GB,Green,India,Male,1,1199,1199,264.54,Aug-2025,2025
16122,2026-02-24,iPhone 16 Plus,1TB,Green,UK,Male,4,1199,4796,913.33,Feb-2026,2026
16123,2025-04-11,iPhone 15 Pro Max,128GB,Purple,India,Male,1,1179,1179,290.78,Apr-2025,2025
16124,2026-06-05,iPhone 15 Pro,256GB,White,Canada,Male,1,1099,1099,238.77,Jun-2026,2026
16125,2026-07-27,iPhone 15 Pro,256GB,Purple,UK,Female,1,1109,1109,235.37,Jul-2026,2026
16126,2025-11-05,iPhone 15,128GB,Purple,Germany,Male,1,799,799,133.16,Nov-2025,2025
16127,2026-05-25,iPhone 13,128GB,Natural Titanium,India,Male,1,599,599,96.89,May-2026,2026
16128,2025-03-04,iPhone 16,128GB,Blue,Singapore,Female,1,799,799,166.83,Mar-2025,2025
16129,2025-08-14,iPhone 15,128GB,White,UK,Female,1,819,819,144.95,Aug-2025,2025
16130,2025-04-15,iPhone 15,256GB,White,Singapore,Female,2,899,1798,308.21,Apr-2025,2025
16131,2026-03-01,iPhone 14,256GB,Natural Titanium,India,Female,3,799,2397,397.2,Mar-2026,2026
16132,2025-09-12,iPhone 15,128GB,Blue,UAE,Female,1,809,809,129.34,Sep-2025,2025
16133,2026-03-05,iPhone 13,1TB,Pink,Canada,Female,2,909,1818,282.63,Mar-2026,2026
16134,2026-03-10,iPhone 16 Plus,256GB,Purple,India,Male,1,999,999,176.15,Mar-2026,2026
16135,2025-07-26,iPhone 15 Pro,256GB,Green,UK,Female,1,1069,1069,231.08,Jul-2025,2025
16136,2025-01-28,iPhone 16,128GB,Black,Canada,Male,1,799,799,160.04,Jan-2025,2025
16137,2025-12-02,iPhone 16,256GB,Purple,UK,Female,2,899,1798,359.74,Dec-2025,2025
16138,2026-08-11,iPhone 16 Pro Max,128GB,Black,India,Female,1,1169,1169,268.26,Aug-2026,2026
16139,2025-03-10,iPhone 13,256GB,Blue,UAE,Female,2,699,1398,222.86,Mar-2025,2025
16140,2026-05-28,iPhone 15 Pro Max,256GB,Black,India,Female,2,1309,2618,580.11,May-2026,2026
16141,2025-06-16,iPhone 15,128GB,Pink,Canada,Female,3,799,2397,424.71,Jun-2025,2025
16142,2026-01-03,iPhone 15 Pro Max,512GB,White,India,Female,1,1399,1399,294.25,Jan-2026,2026
16143,2025-09-08,iPhone 16 Pro Max,128GB,Green,India,Male,1,1169,1169,258.05,Sep-2025,2025
16144,2025-06-19,iPhone 16 Plus,128GB,Black,India,Male,1,909,909,180.01,Jun-2025,2025
16145,2025-03-31,iPhone 16,1TB,Black,UK,Male,4,1109,4436,853.85,Mar-2025,2025
16146,2026-07-15,iPhone 15 Pro Max,128GB,Blue,Singapore,Male,3,1199,3597,820.02,Jul-2026,2026
16147,2026-03-22,iPhone 16 Plus,256GB,Blue,India,Male,3,979,2937,545.71,Mar-2026,2026
16148,2025-10-21,iPhone 13,256GB,Natural Titanium,India,Female,2,679,1358,204.42,Oct-2025,2025
16149,2025-05-30,iPhone 16,128GB,White,India,Male,2,819,1638,288.37,May-2025,2025
16150,2025-05-12,iPhone 16,1TB,Green,Australia,Female,1,1119,1119,214.47,May-2025,2025
16151,2026-03-09,iPhone 15 Pro,128GB,Natural Titanium,USA,Male,3,979,2937,623.25,Mar-2026,2026
16152,2025-02-28,iPhone 15,128GB,Natural Titanium,India,Female,3,769,2307,407.68,Feb-2025,2025
16153,2025-07-18,iPhone 16 Pro,512GB,Black,UK,Male,1,1279,1279,263.08,Jul-2025,2025
16154,2025-08-03,iPhone 13,256GB,White,India,Female,1,699,699,135.84,Aug-2025,2025
16155,2026-07-15,iPhone 13,256GB,Green,USA,Female,2,709,1418,231.23,Jul-2026,2026
16156,2026-04-17,iPhone 15 Pro Max,512GB,White,India,Male,1,1399,1399,293.08,Apr-2026,2026
16157,2025-09-04,iPhone 15,128GB,Black,Canada,Male,3,799,2397,427.13,Sep-2025,2025
16158,2026-01-17,iPhone 16 Plus,128GB,Blue,Germany,Male,1,899,899,198.31,Jan-2026,2026
16159,2025-08-27,iPhone 16,128GB,Blue,UAE,Female,1,769,769,157.49,Aug-2025,2025
16160,2026-01-02,iPhone 16 Pro,512GB,Blue,USA,Female,2,1309,2618,572.02,Jan-2026,2026
16161,2025-06-17,iPhone 15 Pro,128GB,Pink,USA,Female,2,999,1998,408.11,Jun-2025,2025
16162,2026-07-14,iPhone 16 Plus,128GB,White,India,Male,1,869,869,181.45,Jul-2026,2026
16163,2025-02-20,iPhone 16 Pro,128GB,Black,UAE,Male,4,1109,4436,958.78,Feb-2025,2025
16164,2026-01-15,iPhone 15 Pro,128GB,White,UK,Male,5,999,4995,1054.94,Jan-2026,2026
16165,2026-04-19,iPhone 15 Pro,256GB,Blue,Germany,Male,2,1119,2238,475.77,Apr-2026,2026
16166,2025-03-21,iPhone 16 Pro,1TB,Purple,India,Male,2,1379,2758,620.0,Mar-2025,2025
16167,2026-01-02,iPhone 13,128GB,Purple,UAE,Male,2,599,1198,198.43,Jan-2026,2026
16168,2026-04-06,iPhone 15 Pro,128GB,White,UAE,Female,2,1019,2038,435.46,Apr-2026,2026
16169,2026-06-23,iPhone 14,256GB,Green,India,Male,4,779,3116,533.77,Jun-2026,2026
16170,2026-03-28,iPhone 13,128GB,Purple,UAE,Male,1,609,609,101.11,Mar-2026,2026
16171,2026-04-09,iPhone 14,512GB,Purple,Germany,Female,1,919,919,178.7,Apr-2026,2026
16172,2026-04-23,iPhone 15 Pro Max,256GB,White,Germany,Female,4,1319,5276,1160.9,Apr-2026,2026
16173,2026-02-24,iPhone 16 Plus,128GB,Natural Titanium,UAE,Female,1,899,899,181.23,Feb-2026,2026
16174,2025-08-02,iPhone 15,1TB,Pink,India,Male,2,1099,2198,390.83,Aug-2025,2025
16175,2026-01-04,iPhone 16 Pro,128GB,Pink,Australia,Female,1,1099,1099,229.44,Jan-2026,2026
16176,2025-04-24,iPhone 15 Pro Max,128GB,Blue,UK,Female,5,1199,5995,1313.15,Apr-2025,2025
16177,2026-05-18,iPhone 16 Pro Max,128GB,Black,India,Male,3,1199,3597,824.37,May-2026,2026
16178,2026-08-11,iPhone 16 Pro Max,1TB,Natural Titanium,India,Male,4,1469,5876,1338.89,Aug-2026,2026
16179,2025-11-07,iPhone 16 Pro,256GB,Green,India,Female,4,1169,4676,1010.84,Nov-2025,2025
16180,2026-04-14,iPhone 16 Pro Max,128GB,Natural Titanium,India,Female,1,1169,1169,283.25,Apr-2026,2026
16181,2025-02-13,iPhone 16 Plus,512GB,Black,UAE,Male,1,1119,1119,205.43,Feb-2025,2025
16182,2026-02-19,iPhone 16 Pro,256GB,Black,India,Male,2,1179,2358,515.38,Feb-2026,2026
16183,2025-09-03,iPhone 15,128GB,Green,India,Female,3,809,2427,429.97,Sep-2025,2025
16184,2025-03-25,iPhone 15 Pro,256GB,Pink,USA,Male,1,1079,1079,198.81,Mar-2025,2025
16185,2025-07-26,iPhone 16 Plus,256GB,Natural Titanium,USA,Female,4,1019,4076,794.1,Jul-2025,2025
16186,2025-05-31,iPhone 15 Pro Max,256GB,Purple,India,Male,1,1279,1279,270.32,May-2025,2025
16187,2026-06-12,iPhone 16 Pro,128GB,Blue,India,Female,3,1099,3297,737.48,Jun-2026,2026
16188,2025-06-14,iPhone 16 Pro,128GB,White,India,Male,2,1119,2238,480.45,Jun-2025,2025
16189,2025-05-25,iPhone 15 Pro,256GB,Pink,UAE,Male,2,1079,2158,455.9,May-2025,2025
16190,2025-02-06,iPhone 16 Pro,512GB,Blue,India,Female,1,1299,1299,297.21,Feb-2025,2025
16191,2025-11-29,iPhone 15,256GB,Purple,USA,Male,1,869,869,142.29,Nov-2025,2025
16192,2026-02-07,iPhone 15 Pro,512GB,Pink,India,Male,1,1169,1169,240.58,Feb-2026,2026
16193,2026-02-18,iPhone 16,256GB,Natural Titanium,India,Female,1,879,879,159.56,Feb-2026,2026
16194,2025-02-14,iPhone 15,512GB,Green,USA,Male,1,979,979,170.82,Feb-2025,2025
16195,2026-02-06,iPhone 16,128GB,Black,India,Male,2,769,1538,301.5,Feb-2026,2026
16196,2025-07-25,iPhone 16,128GB,Green,India,Male,1,799,799,168.46,Jul-2025,2025
16197,2025-03-03,iPhone 15,128GB,Purple,India,Female,1,769,769,134.14,Mar-2025,2025
16198,2026-02-24,iPhone 16 Pro,128GB,White,India,Female,4,1099,4396,970.36,Feb-2026,2026
16199,2026-04-13,iPhone 16,256GB,Green,UAE,Female,3,869,2607,479.6,Apr-2026,2026
16200,2025-01-19,iPhone 15 Pro,512GB,Purple,India,Male,1,1209,1209,283.53,Jan-2025,2025
16201,2025-12-31,iPhone 15,128GB,Black,Australia,Male,3,799,2397,437.47,Dec-2025,2025
16202,2025-10-27,iPhone 16 Pro,512GB,Pink,Canada,Male,5,1299,6495,1438.98,Oct-2025,2025
16203,2025-01-07,iPhone 16 Pro,256GB,Blue,Canada,Female,4,1209,4836,1058.14,Jan-2025,2025
16204,2026-03-04,iPhone 15,256GB,Purple,India,Female,3,899,2697,498.3,Mar-2026,2026
16205,2025-04-27,iPhone 13,256GB,Purple,Canada,Female,2,679,1358,218.95,Apr-2025,2025
16206,2026-08-03,iPhone 16 Pro,128GB,Natural Titanium,India,Female,1,1079,1079,248.96,Aug-2026,2026
16207,2026-05-22,iPhone 16,128GB,White,India,Male,2,799,1598,292.55,May-2026,2026
16208,2026-06-30,iPhone 14,256GB,Pink,India,Male,2,779,1558,267.03,Jun-2026,2026
16209,2025-11-21,iPhone 16,512GB,Purple,Germany,Female,1,999,999,165.45,Nov-2025,2025
16210,2025-02-24,iPhone 15 Pro Max,256GB,Purple,India,Male,1,1279,1279,288.87,Feb-2025,2025
16211,2025-02-11,iPhone 16 Pro,128GB,Blue,Germany,Male,1,1069,1069,241.85,Feb-2025,2025
16212,2025-10-24,iPhone 15,128GB,Black,India,Female,2,809,1618,269.04,Oct-2025,2025
16213,2025-08-19,iPhone 15 Pro Max,1TB,Green,Germany,Male,1,1499,1499,316.19,Aug-2025,2025
16214,2026-03-29,iPhone 15,128GB,Natural Titanium,Germany,Female,2,779,1558,270.6,Mar-2026,2026
16215,2026-01-29,iPhone 16 Pro Max,512GB,Pink,Germany,Female,4,1399,5596,1293.0,Jan-2026,2026
16216,2026-06-06,iPhone 16 Pro,256GB,Blue,USA,Female,1,1179,1179,225.59,Jun-2026,2026
16217,2025-12-24,iPhone 16 Plus,256GB,Blue,Australia,Male,5,1009,5045,981.94,Dec-2025,2025
16218,2026-03-20,iPhone 16 Plus,256GB,Green,Singapore,Female,1,969,969,175.18,Mar-2026,2026
16219,2025-05-08,iPhone 15 Pro Max,128GB,Pink,India,Male,1,1219,1219,304.03,May-2025,2025
16220,2026-02-09,iPhone 16 Pro Max,256GB,Pink,USA,Female,1,1299,1299,298.91,Feb-2026,2026
16221,2026-01-27,iPhone 14,256GB,Natural Titanium,UAE,Male,1,799,799,107.56,Jan-2026,2026
16222,2025-07-12,iPhone 16 Pro,256GB,Black,India,Female,1,1199,1199,244.81,Jul-2025,2025
16223,2026-08-27,iPhone 15,512GB,Pink,UAE,Male,3,969,2907,523.49,Aug-2026,2026
16224,2025-03-19,iPhone 15 Pro,128GB,Natural Titanium,India,Female,2,979,1958,394.77,Mar-2025,2025
16225,2025-03-26,iPhone 16,256GB,Purple,USA,Female,3,879,2637,489.02,Mar-2025,2025
16226,2025-01-30,iPhone 16 Pro,128GB,Green,India,Female,2,1119,2238,462.74,Jan-2025,2025
16227,2025-02-18,iPhone 16 Pro,128GB,Pink,India,Male,1,1119,1119,240.73,Feb-2025,2025
16228,2025-05-25,iPhone 16,256GB,Black,India,Male,1,919,919,192.33,May-2025,2025
16229,2025-03-10,iPhone 15 Pro,128GB,Blue,Australia,Female,2,999,1998,410.92,Mar-2025,2025
16230,2025-02-27,iPhone 16 Pro Max,256GB,Purple,India,Female,2,1269,2538,590.14,Feb-2025,2025
16231,2026-07-28,iPhone 15,128GB,Pink,Canada,Male,1,799,799,130.89,Jul-2026,2026
16232,2026-04-24,iPhone 16 Pro,128GB,Green,Canada,Female,4,1109,4436,988.07,Apr-2026,2026
16233,2026-03-21,iPhone 16,128GB,Pink,USA,Female,2,809,1618,301.32,Mar-2026,2026
16234,2025-10-23,iPhone 15 Pro,128GB,Natural Titanium,India,Male,3,979,2937,619.8,Oct-2025,2025
16235,2025-06-20,iPhone 13,512GB,White,India,Male,2,809,1618,249.41,Jun-2025,2025
16236,2026-07-29,iPhone 15 Pro Max,256GB,Black,USA,Male,1,1299,1299,281.64,Jul-2026,2026
16237,2025-05-27,iPhone 15,512GB,Blue,India,Male,2,999,1998,343.67,May-2025,2025
16238,2026-04-29,iPhone 14,128GB,White,USA,Male,1,709,709,139.81,Apr-2026,2026
16239,2025-11-02,iPhone 14,256GB,Green,Singapore,Female,2,799,1598,272.25,Nov-2025,2025
16240,2026-03-22,iPhone 15 Pro,256GB,Pink,India,Male,1,1099,1099,221.24,Mar-2026,2026
16241,2025-08-09,iPhone 16,128GB,Black,UK,Male,1,799,799,148.57,Aug-2025,2025
16242,2026-07-09,iPhone 16 Pro,256GB,Purple,Singapore,Male,1,1219,1219,273.21,Jul-2026,2026
16243,2026-01-13,iPhone 15,256GB,Natural Titanium,Australia,Female,1,919,919,173.5,Jan-2026,2026
16244,2025-09-23,iPhone 15 Pro Max,128GB,Natural Titanium,Australia,Male,1,1209,1209,258.96,Sep-2025,2025
16245,2025-04-05,iPhone 15 Pro,256GB,Pink,Canada,Female,3,1069,3207,681.87,Apr-2025,2025
16246,2025-09-19,iPhone 16,128GB,Pink,India,Male,2,819,1638,311.06,Sep-2025,2025
16247,2025-03-12,iPhone 16 Pro,128GB,Pink,Germany,Male,1,1109,1109,234.09,Mar-2025,2025
16248,2025-08-07,iPhone 16,128GB,Purple,Germany,Female,2,809,1618,302.74,Aug-2025,2025
16249,2026-06-17,iPhone 16 Pro,512GB,Pink,USA,Male,3,1269,3807,830.01,Jun-2026,2026
16250,2025-04-02,iPhone 16,128GB,Black,India,Female,1,809,809,176.25,Apr-2025,2025
16251,2025-05-07,iPhone 16,128GB,Purple,USA,Female,2,799,1598,305.03,May-2025,2025
16252,2025-03-21,iPhone 15 Pro Max,256GB,Purple,India,Male,1,1269,1269,288.09,Mar-2025,2025
16253,2025-08-26,iPhone 16 Pro,256GB,White,India,Female,4,1199,4796,1069.52,Aug-2025,2025
16254,2026-01-07,iPhone 16 Pro Max,256GB,Green,UK,Female,2,1299,2598,598.63,Jan-2026,2026
16255,2026-05-01,iPhone 16,128GB,Purple,UK,Female,1,769,769,157.43,May-2026,2026
16256,2025-01-25,iPhone 16 Pro,256GB,White,USA,Male,1,1199,1199,264.12,Jan-2025,2025
16257,2025-06-05,iPhone 13,128GB,Black,India,Male,2,619,1238,196.93,Jun-2025,2025
16258,2026-06-01,iPhone 16 Pro Max,256GB,Green,Canada,Female,1,1279,1279,290.37,Jun-2026,2026
16259,2026-06-14,iPhone 15,256GB,Purple,India,Female,3,879,2637,469.19,Jun-2026,2026
16260,2025-02-26,iPhone 15,256GB,Blue,India,Male,1,899,899,168.13,Feb-2025,2025
16261,2026-08-28,iPhone 13,512GB,White,UK,Male,1,799,799,115.08,Aug-2026,2026
16262,2025-01-19,iPhone 16 Pro Max,256GB,Black,USA,Male,1,1299,1299,284.81,Jan-2025,2025
16263,2026-01-19,iPhone 16 Pro,256GB,Black,India,Female,2,1169,2338,525.02,Jan-2026,2026
16264,2025-07-12,iPhone 16 Pro Max,128GB,Black,India,Male,1,1179,1179,285.15,Jul-2025,2025
16265,2025-08-25,iPhone 16 Pro,128GB,Natural Titanium,Canada,Male,1,1099,1099,262.05,Aug-2025,2025
16266,2026-01-22,iPhone 15 Pro Max,1TB,Green,UK,Female,3,1499,4497,984.46,Jan-2026,2026
16267,2026-03-02,iPhone 16 Pro Max,128GB,Pink,India,Male,1,1169,1169,248.16,Mar-2026,2026
16268,2025-10-04,iPhone 16 Pro Max,256GB,Blue,India,Male,1,1269,1269,269.17,Oct-2025,2025
16269,2025-08-15,iPhone 15 Pro Max,256GB,Green,UK,Male,1,1319,1319,306.13,Aug-2025,2025
16270,2026-07-06,iPhone 15,128GB,Green,Australia,Male,4,799,3196,585.7,Jul-2026,2026
16271,2025-11-19,iPhone 16,512GB,Purple,UK,Male,3,969,2907,557.87,Nov-2025,2025
16272,2025-06-02,iPhone 16 Pro Max,256GB,Natural Titanium,Canada,Male,2,1319,2638,614.38,Jun-2025,2025
16273,2025-08-25,iPhone 16 Pro,256GB,White,USA,Male,1,1199,1199,271.99,Aug-2025,2025
16274,2025-02-24,iPhone 16 Pro,128GB,Blue,UAE,Female,2,1099,2198,506.31,Feb-2025,2025
16275,2026-03-12,iPhone 16 Pro Max,256GB,Black,Germany,Male,2,1309,2618,589.05,Mar-2026,2026
16276,2025-04-19,iPhone 16 Pro,128GB,Green,Canada,Female,1,1079,1079,226.86,Apr-2025,2025
16277,2025-07-03,iPhone 16 Pro,256GB,Blue,Germany,Male,1,1179,1179,265.23,Jul-2025,2025
16278,2026-01-03,iPhone 16 Plus,256GB,White,USA,Male,3,1009,3027,584.37,Jan-2026,2026
16279,2025-07-17,iPhone 15,128GB,Pink,Germany,Female,1,809,809,131.13,Jul-2025,2025
16280,2026-01-06,iPhone 16,256GB,Blue,UK,Male,2,899,1798,351.56,Jan-2026,2026
16281,2026-01-08,iPhone 16,128GB,Natural Titanium,Australia,Male,1,799,799,146.49,Jan-2026,2026
16282,2026-05-12,iPhone 16 Pro,512GB,Natural Titanium,India,Female,2,1269,2538,564.58,May-2026,2026
16283,2026-08-22,iPhone 15 Pro Max,256GB,Black,UK,Female,1,1279,1279,265.87,Aug-2026,2026
16284,2025-07-20,iPhone 14,128GB,Natural Titanium,Australia,Female,1,709,709,97.36,Jul-2025,2025
16285,2026-05-24,iPhone 13,128GB,Green,India,Female,2,599,1198,198.57,May-2026,2026
16286,2025-11-18,iPhone 16 Plus,512GB,Pink,UAE,Male,5,1069,5345,1039.56,Nov-2025,2025
16287,2025-10-02,iPhone 16,128GB,White,Canada,Female,5,779,3895,740.55,Oct-2025,2025
16288,2025-07-30,iPhone 15 Pro,128GB,Black,India,Female,1,999,999,231.7,Jul-2025,2025
16289,2026-05-19,iPhone 15,128GB,Pink,USA,Male,1,779,779,123.69,May-2026,2026
16290,2025-04-28,iPhone 15 Pro Max,128GB,Purple,UK,Female,2,1199,2398,516.96,Apr-2025,2025
16291,2026-07-08,iPhone 14,512GB,Purple,USA,Male,1,879,879,155.33,Jul-2026,2026
16292,2025-02-11,iPhone 15 Pro,256GB,White,India,Female,3,1099,3297,698.82,Feb-2025,2025
16293,2025-11-11,iPhone 15 Pro,128GB,Black,India,Male,2,999,1998,413.51,Nov-2025,2025
16294,2025-11-25,iPhone 15 Pro Max,128GB,Natural Titanium,India,Male,2,1199,2398,534.6,Nov-2025,2025
16295,2025-01-17,iPhone 15 Pro Max,128GB,Green,India,Male,2,1169,2338,507.91,Jan-2025,2025
16296,2025-10-10,iPhone 15,1TB,White,India,Male,1,1119,1119,202.83,Oct-2025,2025
16297,2025-09-15,iPhone 16 Pro,256GB,Natural Titanium,UAE,Male,2,1169,2338,518.55,Sep-2025,2025
16298,2026-07-29,iPhone 15 Pro,256GB,Pink,UK,Male,2,1099,2198,483.8,Jul-2026,2026
16299,2026-07-28,iPhone 15,256GB,Black,Canada,Female,3,899,2697,474.92,Jul-2026,2026
16300,2025-01-19,iPhone 15,512GB,Purple,India,Female,1,1019,1019,190.59,Jan-2025,2025
16301,2026-06-13,iPhone 15 Pro,512GB,Purple,USA,Male,1,1219,1219,266.16,Jun-2026,2026
16302,2026-02-27,iPhone 13,128GB,Blue,India,Female,4,599,2396,410.82,Feb-2026,2026
16303,2026-04-11,iPhone 13,1TB,Black,Australia,Male,2,899,1798,305.91,Apr-2026,2026
16304,2026-01-08,iPhone 16,512GB,Pink,UAE,Female,4,979,3916,752.25,Jan-2026,2026
16305,2025-03-22,iPhone 16,128GB,Pink,Australia,Male,2,769,1538,268.9,Mar-2025,2025
16306,2026-07-05,iPhone 16,512GB,Blue,India,Female,4,999,3996,765.03,Jul-2026,2026
16307,2026-07-02,iPhone 16 Pro,256GB,Natural Titanium,UAE,Female,1,1219,1219,281.52,Jul-2026,2026
16308,2026-02-28,iPhone 13,256GB,Pink,USA,Male,1,699,699,98.78,Feb-2026,2026
16309,2026-03-05,iPhone 16 Pro Max,128GB,Natural Titanium,Canada,Male,3,1199,3597,816.93,Mar-2026,2026
16310,2026-01-23,iPhone 14,256GB,Natural Titanium,USA,Female,3,809,2427,434.41,Jan-2026,2026
16311,2025-07-23,iPhone 16 Plus,128GB,Black,USA,Female,2,869,1738,345.21,Jul-2025,2025
16312,2025-07-15,iPhone 14,512GB,Natural Titanium,India,Male,2,909,1818,290.78,Jul-2025,2025
16313,2025-10-12,iPhone 16 Pro,1TB,Purple,UAE,Male,4,1379,5516,1213.84,Oct-2025,2025
16314,2025-07-15,iPhone 16,256GB,White,India,Female,1,899,899,170.68,Jul-2025,2025
16315,2025-11-03,iPhone 14,256GB,Purple,India,Female,2,769,1538,280.5,Nov-2025,2025
16316,2025-01-14,iPhone 16,256GB,Natural Titanium,India,Male,1,919,919,194.59,Jan-2025,2025
16317,2025-05-26,iPhone 13,128GB,Purple,Singapore,Female,1,569,569,94.67,May-2025,2025
16318,2025-02-26,iPhone 16 Pro,256GB,Black,India,Male,1,1169,1169,245.13,Feb-2025,2025
16319,2025-07-29,iPhone 16,256GB,Natural Titanium,Australia,Female,3,899,2697,507.33,Jul-2025,2025
16320,2026-06-13,iPhone 15,128GB,Pink,Singapore,Female,2,819,1638,273.12,Jun-2026,2026
16321,2025-12-10,iPhone 15 Pro,128GB,Blue,Germany,Male,5,999,4995,1030.26,Dec-2025,2025
16322,2025-10-06,iPhone 13,256GB,Blue,Australia,Male,1,699,699,144.23,Oct-2025,2025
16323,2025-07-28,iPhone 16 Plus,128GB,Green,Germany,Female,1,899,899,167.14,Jul-2025,2025
16324,2025-12-01,iPhone 15 Pro,512GB,Blue,India,Female,1,1209,1209,250.33,Dec-2025,2025
16325,2025-10-15,iPhone 16,128GB,Blue,India,Female,1,799,799,150.18,Oct-2025,2025
16326,2025-09-09,iPhone 16 Pro Max,128GB,Pink,UK,Female,1,1179,1179,272.52,Sep-2025,2025
16327,2025-09-22,iPhone 15 Pro,256GB,White,USA,Male,1,1109,1109,237.92,Sep-2025,2025
16328,2025-09-28,iPhone 16 Pro Max,256GB,White,India,Female,1,1269,1269,280.66,Sep-2025,2025
16329,2026-02-23,iPhone 16,256GB,Pink,UAE,Female,1,899,899,189.01,Feb-2026,2026
16330,2025-07-30,iPhone 15,256GB,Blue,UK,Female,2,869,1738,304.96,Jul-2025,2025
16331,2025-12-31,iPhone 15 Pro Max,256GB,Black,Australia,Female,4,1309,5236,1131.41,Dec-2025,2025
16332,2025-03-17,iPhone 16 Plus,256GB,Purple,UK,Female,2,1019,2038,370.69,Mar-2025,2025
16333,2025-11-17,iPhone 15 Pro Max,128GB,Natural Titanium,UK,Male,3,1199,3597,791.19,Nov-2025,2025
16334,2026-03-09,iPhone 13,128GB,Purple,USA,Female,3,599,1797,298.6,Mar-2026,2026
16335,2025-04-19,iPhone 15,128GB,White,USA,Male,1,799,799,153.43,Apr-2025,2025
16336,2026-06-06,iPhone 16 Pro,128GB,Pink,Singapore,Male,2,1099,2198,498.92,Jun-2026,2026
16337,2025-02-16,iPhone 16,128GB,Black,India,Male,3,819,2457,451.72,Feb-2025,2025
16338,2026-01-14,iPhone 16,128GB,Blue,USA,Female,1,799,799,167.6,Jan-2026,2026
16339,2025-04-06,iPhone 15,1TB,Pink,UK,Male,3,1109,3327,604.84,Apr-2025,2025
16340,2025-04-13,iPhone 16 Pro,128GB,White,USA,Male,1,1099,1099,237.94,Apr-2025,2025
16341,2025-05-26,iPhone 16 Pro Max,128GB,Natural Titanium,India,Male,1,1219,1219,271.41,May-2025,2025
16342,2025-01-27,iPhone 13,512GB,Black,India,Male,2,809,1618,247.8,Jan-2025,2025
16343,2026-06-14,iPhone 14,128GB,Black,India,Female,2,669,1338,233.86,Jun-2026,2026
16344,2025-03-23,iPhone 16 Pro,128GB,White,India,Male,2,1099,2198,484.39,Mar-2025,2025
16345,2026-03-04,iPhone 16 Pro,128GB,Black,Australia,Male,1,1099,1099,219.97,Mar-2026,2026
16346,2026-08-07,iPhone 16,128GB,Purple,USA,Male,2,809,1618,303.81,Aug-2026,2026
16347,2026-04-24,iPhone 16 Pro Max,128GB,Natural Titanium,India,Male,1,1199,1199,270.66,Apr-2026,2026
16348,2025-06-11,iPhone 16,128GB,White,USA,Male,5,799,3995,773.23,Jun-2025,2025
16349,2026-02-06,iPhone 15,512GB,Purple,India,Female,3,1019,3057,554.44,Feb-2026,2026
16350,2026-05-23,iPhone 16 Plus,128GB,Pink,Germany,Female,3,899,2697,507.35,May-2026,2026
16351,2025-02-07,iPhone 16,128GB,Green,USA,Male,1,779,779,138.51,Feb-2025,2025
16352,2026-05-26,iPhone 16 Pro Max,256GB,Natural Titanium,Singapore,Male,1,1299,1299,302.0,May-2026,2026
16353,2026-01-28,iPhone 15,128GB,Blue,India,Female,1,799,799,136.2,Jan-2026,2026
16354,2026-05-09,iPhone 16,128GB,Pink,Australia,Male,2,809,1618,289.97,May-2026,2026
16355,2025-07-19,iPhone 16 Pro,512GB,Purple,India,Female,1,1269,1269,283.41,Jul-2025,2025
16356,2025-09-12,iPhone 15 Pro,512GB,Blue,India,Female,2,1169,2338,490.05,Sep-2025,2025
16357,2025-06-28,iPhone 15 Pro,256GB,Blue,India,Female,1,1069,1069,222.27,Jun-2025,2025
16358,2026-07-01,iPhone 16 Pro,128GB,Purple,UK,Female,2,1099,2198,484.4,Jul-2026,2026
16359,2026-08-17,iPhone 15 Pro,1TB,Purple,India,Male,1,1319,1319,283.56,Aug-2026,2026
16360,2026-01-24,iPhone 16,128GB,Natural Titanium,USA,Male,1,809,809,137.99,Jan-2026,2026
16361,2026-02-02,iPhone 16 Pro,128GB,White,Canada,Female,3,1099,3297,715.43,Feb-2026,2026
16362,2025-06-07,iPhone 15,128GB,Green,India,Female,2,819,1638,312.55,Jun-2025,2025
16363,2025-01-04,iPhone 16 Pro Max,256GB,Natural Titanium,India,Female,3,1279,3837,895.88,Jan-2025,2025
16364,2025-06-16,iPhone 16 Plus,128GB,Purple,Australia,Female,2,909,1818,369.86,Jun-2025,2025
16365,2026-04-13,iPhone 15 Pro Max,256GB,Blue,USA,Female,3,1309,3927,873.45,Apr-2026,2026
16366,2026-02-13,iPhone 15 Pro Max,512GB,Blue,Canada,Male,1,1419,1419,320.64,Feb-2026,2026
16367,2026-02-16,iPhone 16 Pro Max,128GB,Pink,India,Male,1,1209,1209,277.03,Feb-2026,2026
16368,2025-07-23,iPhone 15,256GB,Green,USA,Male,2,919,1838,312.88,Jul-2025,2025
16369,2025-07-13,iPhone 15 Pro,128GB,Green,India,Male,4,979,3916,830.53,Jul-2025,2025
16370,2025-08-23,iPhone 15 Pro,128GB,Blue,Germany,Female,2,1009,2018,422.81,Aug-2025,2025
16371,2025-05-30,iPhone 15,128GB,Green,Germany,Female,1,819,819,127.08,May-2025,2025
16372,2025-06-08,iPhone 15 Pro Max,256GB,Pink,Singapore,Female,1,1319,1319,297.15,Jun-2025,2025
16373,2025-10-06,iPhone 16 Pro Max,128GB,White,USA,Female,2,1179,2358,555.79,Oct-2025,2025
16374,2026-02-08,iPhone 16 Pro,512GB,Blue,Canada,Male,1,1269,1269,269.54,Feb-2026,2026
16375,2025-11-07,iPhone 15 Pro,1TB,Black,USA,Female,3,1319,3957,826.49,Nov-2025,2025
16376,2025-03-09,iPhone 15 Pro Max,512GB,Blue,USA,Male,1,1419,1419,316.59,Mar-2025,2025
16377,2026-04-08,iPhone 16,128GB,Blue,Canada,Female,1,809,809,143.03,Apr-2026,2026
16378,2025-03-29,iPhone 13,128GB,White,India,Male,1,599,599,94.08,Mar-2025,2025
16379,2025-08-05,iPhone 16 Pro,128GB,Purple,India,Female,1,1099,1099,244.53,Aug-2025,2025
16380,2025-01-01,iPhone 16 Pro,256GB,Purple,India,Male,1,1179,1179,269.01,Jan-2025,2025
16381,2025-05-15,iPhone 16 Pro,1TB,Black,Canada,Female,1,1369,1369,301.06,May-2025,2025
16382,2025-12-17,iPhone 15 Pro,256GB,Black,India,Male,2,1069,2138,455.31,Dec-2025,2025
16383,2025-05-20,iPhone 15 Pro Max,256GB,Black,India,Male,2,1299,2598,569.09,May-2025,2025
16384,2025-05-13,iPhone 13,128GB,Purple,Singapore,Male,1,609,609,99.18,May-2025,2025
16385,2025-06-27,iPhone 15 Pro,512GB,Natural Titanium,USA,Female,2,1199,2398,507.86,Jun-2025,2025
16386,2025-12-24,iPhone 15 Pro Max,128GB,White,India,Female,3,1199,3597,761.71,Dec-2025,2025
16387,2026-01-15,iPhone 16 Pro Max,128GB,Green,UK,Female,1,1209,1209,269.98,Jan-2026,2026
16388,2026-03-26,iPhone 16 Pro,512GB,Black,Canada,Female,2,1319,2638,593.96,Mar-2026,2026
16389,2026-08-09,iPhone 16 Pro Max,256GB,Green,India,Male,2,1309,2618,577.83,Aug-2026,2026
16390,2026-04-08,iPhone 16 Pro,128GB,Pink,UK,Female,1,1079,1079,242.12,Apr-2026,2026
16391,2025-04-18,iPhone 13,128GB,White,India,Male,1,599,599,112.47,Apr-2025,2025
16392,2025-05-02,iPhone 16,128GB,Green,USA,Male,1,799,799,165.46,May-2025,2025
16393,2025-01-17,iPhone 13,256GB,Purple,India,Female,1,679,679,118.63,Jan-2025,2025
16394,2025-07-15,iPhone 15,128GB,Natural Titanium,India,Male,3,809,2427,457.63,Jul-2025,2025
16395,2025-11-23,iPhone 16,512GB,Purple,USA,Male,1,1009,1009,206.37,Nov-2025,2025
16396,2025-11-14,iPhone 16 Plus,128GB,Black,Germany,Female,4,899,3596,678.63,Nov-2025,2025
16397,2026-04-24,iPhone 16,128GB,Natural Titanium,UAE,Female,3,799,2397,464.04,Apr-2026,2026
16398,2025-09-09,iPhone 13,128GB,Black,Germany,Female,2,599,1198,175.07,Sep-2025,2025
16399,2026-05-18,iPhone 14,128GB,Natural Titanium,UK,Male,2,699,1398,249.35,May-2026,2026
16400,2025-04-29,iPhone 14,256GB,Green,India,Female,1,809,809,136.69,Apr-2025,2025
16401,2026-05-13,iPhone 14,256GB,Purple,India,Female,2,799,1598,284.59,May-2026,2026
16402,2026-05-01,iPhone 15,128GB,Green,Germany,Female,4,819,3276,592.97,May-2026,2026
16403,2025-02-14,iPhone 16 Plus,256GB,Pink,UK,Female,1,1009,1009,203.68,Feb-2025,2025
16404,2025-11-10,iPhone 16 Pro,512GB,White,Singapore,Female,1,1279,1279,283.1,Nov-2025,2025
16405,2025-06-28,iPhone 15 Pro,128GB,Purple,India,Male,1,1019,1019,210.96,Jun-2025,2025
16406,2026-02-22,iPhone 16 Plus,128GB,Blue,India,Female,2,869,1738,333.92,Feb-2026,2026
16407,2026-07-10,iPhone 15,128GB,Purple,India,Female,1,779,779,121.85,Jul-2026,2026
16408,2025-03-19,iPhone 16 Pro Max,256GB,Pink,India,Male,1,1279,1279,292.93,Mar-2025,2025
16409,2025-11-22,iPhone 15 Pro,128GB,Purple,India,Female,2,999,1998,414.24,Nov-2025,2025
16410,2025-12-23,iPhone 16 Pro,128GB,Pink,USA,Female,1,1079,1079,220.84,Dec-2025,2025
16411,2026-02-20,iPhone 16 Pro Max,256GB,Purple,UK,Female,3,1299,3897,887.94,Feb-2026,2026
16412,2026-05-30,iPhone 16 Pro,1TB,Pink,India,Male,1,1399,1399,292.21,May-2026,2026
16413,2025-08-02,iPhone 13,128GB,Natural Titanium,India,Male,1,599,599,77.34,Aug-2025,2025
16414,2025-03-15,iPhone 16,128GB,Black,UAE,Male,1,819,819,148.72,Mar-2025,2025
16415,2026-07-17,iPhone 14,256GB,Green,USA,Female,3,779,2337,403.35,Jul-2026,2026
16416,2026-08-02,iPhone 13,128GB,Purple,USA,Male,3,569,1707,255.16,Aug-2026,2026
16417,2026-05-24,iPhone 13,128GB,White,USA,Male,1,619,619,98.48,May-2026,2026
16418,2025-11-28,iPhone 16 Pro Max,256GB,Black,Germany,Female,1,1299,1299,301.15,Nov-2025,2025
16419,2025-04-03,iPhone 16 Pro Max,512GB,Pink,USA,Male,3,1399,4197,963.96,Apr-2025,2025
16420,2026-06-03,iPhone 15,512GB,White,Germany,Female,2,999,1998,369.7,Jun-2026,2026
16421,2025-09-26,iPhone 16,128GB,Black,USA,Female,1,809,809,191.03,Sep-2025,2025
16422,2026-01-11,iPhone 16 Pro Max,256GB,Blue,India,Female,2,1299,2598,617.36,Jan-2026,2026
16423,2025-01-04,iPhone 15 Pro Max,128GB,Purple,India,Female,3,1199,3597,783.66,Jan-2025,2025
16424,2025-05-18,iPhone 15 Pro,128GB,Purple,USA,Female,1,999,999,198.2,May-2025,2025
16425,2025-08-19,iPhone 15 Pro Max,512GB,Pink,USA,Female,1,1419,1419,306.61,Aug-2025,2025
16426,2026-08-23,iPhone 16 Pro,512GB,Black,UAE,Female,1,1279,1279,287.59,Aug-2026,2026
16427,2026-06-13,iPhone 15 Pro Max,128GB,Black,India,Male,2,1219,2438,536.86,Jun-2026,2026
16428,2025-02-21,iPhone 16 Pro,128GB,Pink,UK,Male,1,1119,1119,246.77,Feb-2025,2025
16429,2025-11-21,iPhone 15 Pro Max,128GB,Blue,Canada,Female,3,1199,3597,792.52,Nov-2025,2025
16430,2025-10-04,iPhone 15,256GB,Purple,UAE,Female,3,879,2637,475.59,Oct-2025,2025
16431,2026-06-20,iPhone 15 Pro,512GB,Green,USA,Female,2,1169,2338,494.15,Jun-2026,2026
16432,2026-05-01,iPhone 14,128GB,Blue,Singapore,Female,1,719,719,133.49,May-2026,2026
16433,2026-05-31,iPhone 15 Pro Max,128GB,Pink,USA,Male,5,1219,6095,1345.09,May-2026,2026
16434,2025-06-01,iPhone 14,128GB,Green,India,Male,2,699,1398,224.51,Jun-2025,2025
16435,2026-04-28,iPhone 16 Pro,128GB,Black,Canada,Male,1,1069,1069,246.29,Apr-2026,2026
16436,2025-09-16,iPhone 15 Pro Max,256GB,Natural Titanium,India,Female,5,1269,6345,1409.0,Sep-2025,2025
16437,2025-11-20,iPhone 16 Pro,512GB,Natural Titanium,UAE,Male,3,1309,3927,862.18,Nov-2025,2025
16438,2025-06-17,iPhone 16 Pro Max,128GB,Blue,India,Male,1,1179,1179,274.88,Jun-2025,2025
16439,2025-11-06,iPhone 16 Pro,128GB,Natural Titanium,India,Female,1,1079,1079,231.78,Nov-2025,2025
16440,2026-04-24,iPhone 16 Pro Max,128GB,Blue,India,Male,1,1209,1209,268.76,Apr-2026,2026
16441,2025-02-25,iPhone 16,128GB,Natural Titanium,India,Female,4,799,3196,599.4,Feb-2025,2025
16442,2026-04-18,iPhone 15,128GB,Purple,India,Male,3,809,2427,429.83,Apr-2026,2026
16443,2025-10-23,iPhone 16 Pro Max,256GB,Natural Titanium,India,Female,1,1319,1319,320.68,Oct-2025,2025
16444,2026-04-06,iPhone 16 Pro,128GB,Purple,Canada,Male,3,1109,3327,731.05,Apr-2026,2026
16445,2025-11-20,iPhone 16 Pro,128GB,Green,Canada,Male,3,1109,3327,722.13,Nov-2025,2025
16446,2025-05-21,iPhone 16 Plus,256GB,Black,Canada,Female,1,969,969,181.21,May-2025,2025
16447,2025-09-19,iPhone 16,128GB,Blue,Australia,Female,2,779,1558,303.99,Sep-2025,2025
16448,2026-02-24,iPhone 13,256GB,Green,USA,Male,1,699,699,129.28,Feb-2026,2026
16449,2025-08-29,iPhone 16 Plus,256GB,Blue,Australia,Female,3,999,2997,575.93,Aug-2025,2025
16450,2025-12-21,iPhone 14,512GB,Natural Titanium,USA,Female,1,899,899,152.54,Dec-2025,2025
16451,2026-08-12,iPhone 15,128GB,Purple,USA,Male,2,799,1598,308.36,Aug-2026,2026
16452,2025-06-29,iPhone 16,256GB,Black,UAE,Female,1,899,899,168.17,Jun-2025,2025
16453,2025-03-07,iPhone 15 Pro Max,128GB,Natural Titanium,India,Male,1,1199,1199,260.4,Mar-2025,2025
16454,2025-12-14,iPhone 13,1TB,Black,Canada,Male,1,899,899,130.0,Dec-2025,2025
16455,2025-06-20,iPhone 16 Pro,256GB,White,USA,Male,2,1199,2398,520.22,Jun-2025,2025
16456,2026-04-19,iPhone 16 Pro,128GB,Green,India,Male,1,1099,1099,227.87,Apr-2026,2026
16457,2026-06-18,iPhone 16 Plus,128GB,Purple,India,Male,2,899,1798,325.96,Jun-2026,2026
16458,2026-01-02,iPhone 16,512GB,Purple,India,Male,1,979,979,185.03,Jan-2026,2026
16459,2025-04-17,iPhone 16 Pro Max,512GB,Purple,Germany,Male,2,1419,2838,646.83,Apr-2025,2025
16460,2026-03-15,iPhone 14,512GB,Natural Titanium,Singapore,Female,2,919,1838,326.91,Mar-2026,2026
16461,2025-08-15,iPhone 16 Plus,512GB,Pink,India,Female,1,1099,1099,212.47,Aug-2025,2025
16462,2026-03-20,iPhone 14,512GB,Blue,India,Female,1,899,899,161.14,Mar-2026,2026
16463,2026-03-18,iPhone 15 Pro,256GB,Black,India,Male,1,1109,1109,238.58,Mar-2026,2026
16464,2026-01-31,iPhone 16,128GB,Blue,Canada,Female,2,769,1538,279.26,Jan-2026,2026
16465,2026-08-04,iPhone 16 Plus,128GB,Blue,India,Male,2,869,1738,327.78,Aug-2026,2026
16466,2025-03-25,iPhone 13,256GB,Pink,Germany,Male,1,679,679,113.71,Mar-2025,2025
16467,2026-07-05,iPhone 15,128GB,Black,UAE,Female,2,779,1558,259.53,Jul-2026,2026
16468,2025-01-13,iPhone 16,256GB,White,Germany,Female,1,879,879,145.82,Jan-2025,2025
16469,2026-05-08,iPhone 16,128GB,Purple,USA,Male,1,769,769,148.36,May-2026,2026
16470,2025-09-25,iPhone 16,256GB,Green,UAE,Male,2,879,1758,331.08,Sep-2025,2025
16471,2026-06-09,iPhone 15 Pro,128GB,Blue,UK,Female,1,1019,1019,172.2,Jun-2026,2026
16472,2025-04-30,iPhone 16,128GB,Pink,Australia,Male,2,779,1558,274.48,Apr-2025,2025
16473,2025-12-19,iPhone 15,128GB,Pink,Australia,Male,4,799,3196,563.54,Dec-2025,2025
16474,2025-02-26,iPhone 15,128GB,Green,UK,Female,1,819,819,153.43,Feb-2025,2025
16475,2025-02-09,iPhone 16,512GB,Green,UK,Male,2,1019,2038,381.26,Feb-2025,2025
16476,2025-12-02,iPhone 16 Plus,256GB,Natural Titanium,Germany,Female,4,999,3996,773.03,Dec-2025,2025
16477,2025-06-22,iPhone 14,512GB,Black,Germany,Male,1,869,869,139.04,Jun-2025,2025
16478,2026-07-01,iPhone 14,128GB,Blue,UAE,Male,1,699,699,112.16,Jul-2026,2026
16479,2025-09-16,iPhone 16,128GB,Blue,India,Male,1,779,779,175.77,Sep-2025,2025
16480,2026-06-01,iPhone 15,128GB,Green,India,Female,2,799,1598,297.81,Jun-2026,2026
16481,2026-06-07,iPhone 15 Pro,128GB,Purple,Australia,Male,2,1019,2038,440.65,Jun-2026,2026
16482,2025-04-27,iPhone 15 Pro,128GB,Natural Titanium,India,Female,2,1009,2018,414.88,Apr-2025,2025
16483,2025-07-03,iPhone 15,128GB,White,India,Female,2,799,1598,284.76,Jul-2025,2025
16484,2025-04-26,iPhone 13,512GB,Blue,India,Female,2,769,1538,246.43,Apr-2025,2025
16485,2025-06-11,iPhone 16 Pro,512GB,Pink,UK,Male,1,1279,1279,278.64,Jun-2025,2025
16486,2026-08-02,iPhone 16 Plus,512GB,Purple,UK,Male,4,1119,4476,852.44,Aug-2026,2026
16487,2026-06-27,iPhone 16 Plus,1TB,Green,India,Male,1,1219,1219,233.49,Jun-2026,2026
16488,2026-08-10,iPhone 16,128GB,Blue,India,Male,1,779,779,145.75,Aug-2026,2026
16489,2025-08-25,iPhone 16 Plus,256GB,Black,Canada,Female,4,969,3876,733.38,Aug-2025,2025
16490,2025-03-07,iPhone 16 Pro Max,128GB,Green,Germany,Female,3,1199,3597,843.95,Mar-2025,2025
16491,2025-03-11,iPhone 16,128GB,Pink,India,Male,3,779,2337,433.65,Mar-2025,2025
16492,2026-03-23,iPhone 15,256GB,Black,India,Male,1,879,879,152.72,Mar-2026,2026
16493,2026-02-20,iPhone 16,512GB,Natural Titanium,UK,Female,3,1009,3027,557.89,Feb-2026,2026
16494,2026-06-16,iPhone 15 Pro Max,256GB,Green,Canada,Female,2,1269,2538,547.33,Jun-2026,2026
16495,2026-03-17,iPhone 16,512GB,Green,Canada,Male,2,1019,2038,381.5,Mar-2026,2026
16496,2026-04-09,iPhone 16,128GB,Blue,UAE,Male,5,819,4095,779.35,Apr-2026,2026
16497,2026-01-31,iPhone 16 Pro,128GB,Black,Australia,Male,1,1099,1099,251.83,Jan-2026,2026
16498,2026-07-05,iPhone 16,128GB,Natural Titanium,India,Female,2,799,1598,313.9,Jul-2026,2026
16499,2026-07-11,iPhone 15,1TB,Green,India,Male,3,1079,3237,598.89,Jul-2026,2026
16500,2026-01-30,iPhone 13,512GB,Purple,UK,Female,1,799,799,115.92,Jan-2026,2026
16501,2025-11-22,iPhone 15 Pro Max,256GB,Pink,Canada,Male,1,1309,1309,277.72,Nov-2025,2025
16502,2025-04-01,iPhone 13,128GB,Black,UK,Female,1,609,609,84.34,Apr-2025,2025
16503,2025-03-11,iPhone 15 Pro,128GB,Purple,Singapore,Male,2,1009,2018,445.16,Mar-2025,2025
16504,2025-06-15,iPhone 15 Pro,128GB,Blue,Canada,Male,1,1019,1019,220.68,Jun-2025,2025
16505,2025-08-02,iPhone 15 Pro,512GB,White,UAE,Male,1,1179,1179,258.18,Aug-2025,2025
16506,2026-08-24,iPhone 16 Pro Max,128GB,Natural Titanium,India,Female,1,1169,1169,255.03,Aug-2026,2026
16507,2025-12-01,iPhone 15 Pro,128GB,Green,India,Male,1,969,969,203.4,Dec-2025,2025
16508,2026-01-04,iPhone 15,128GB,White,Canada,Female,1,809,809,152.32,Jan-2026,2026
16509,2026-08-07,iPhone 14,512GB,Green,India,Male,1,919,919,139.13,Aug-2026,2026
16510,2025-02-18,iPhone 16,256GB,Purple,India,Male,3,899,2697,506.49,Feb-2025,2025
16511,2025-02-21,iPhone 15,256GB,Blue,Germany,Male,1,919,919,170.64,Feb-2025,2025
16512,2025-10-16,iPhone 16,128GB,Blue,Germany,Female,3,799,2397,429.37,Oct-2025,2025
16513,2025-08-27,iPhone 15,128GB,Blue,India,Male,3,799,2397,449.26,Aug-2025,2025
16514,2025-05-13,iPhone 16,128GB,Blue,Canada,Male,2,799,1598,311.63,May-2025,2025
16515,2025-06-15,iPhone 16 Pro,512GB,Black,India,Female,1,1309,1309,274.25,Jun-2025,2025
16516,2026-01-09,iPhone 13,512GB,Black,India,Male,3,799,2397,382.94,Jan-2026,2026
16517,2026-01-08,iPhone 15 Pro Max,128GB,Green,UK,Male,1,1209,1209,271.69,Jan-2026,2026
16518,2026-04-23,iPhone 15 Pro Max,128GB,Black,Canada,Male,1,1219,1219,269.75,Apr-2026,2026
16519,2026-04-24,iPhone 16 Pro,512GB,Green,India,Male,1,1319,1319,289.48,Apr-2026,2026
16520,2026-08-14,iPhone 15 Pro Max,256GB,Natural Titanium,India,Female,1,1269,1269,277.8,Aug-2026,2026
16521,2025-10-27,iPhone 16,128GB,Black,India,Male,1,809,809,163.01,Oct-2025,2025
16522,2025-03-23,iPhone 16 Pro,128GB,Black,Singapore,Male,2,1099,2198,493.35,Mar-2025,2025
16523,2025-03-28,iPhone 16,256GB,Black,UAE,Female,1,909,909,181.1,Mar-2025,2025
16524,2025-08-13,iPhone 15 Pro,256GB,Natural Titanium,USA,Male,2,1079,2158,461.65,Aug-2025,2025
16525,2025-01-16,iPhone 14,1TB,Pink,India,Female,4,1019,4076,698.7,Jan-2025,2025
16526,2025-12-24,iPhone 16 Plus,512GB,Natural Titanium,UK,Male,1,1099,1099,215.91,Dec-2025,2025
16527,2025-06-12,iPhone 16 Pro,128GB,Blue,UK,Female,1,1099,1099,261.95,Jun-2025,2025
16528,2026-05-29,iPhone 16 Pro Max,256GB,Natural Titanium,Canada,Female,2,1269,2538,582.39,May-2026,2026
16529,2025-12-16,iPhone 16 Pro Max,128GB,Pink,India,Female,2,1199,2398,531.16,Dec-2025,2025
16530,2026-04-09,iPhone 16 Pro,256GB,Black,Singapore,Female,1,1209,1209,280.88,Apr-2026,2026
16531,2026-01-10,iPhone 16,256GB,Black,USA,Female,3,899,2697,517.86,Jan-2026,2026
16532,2025-04-02,iPhone 16 Pro,256GB,Pink,India,Female,4,1199,4796,1061.46,Apr-2025,2025
16533,2025-06-30,iPhone 15 Pro Max,512GB,Purple,India,Male,2,1379,2758,596.33,Jun-2025,2025
16534,2025-10-28,iPhone 16,256GB,Green,USA,Male,1,899,899,150.87,Oct-2025,2025
16535,2025-07-08,iPhone 15 Pro,512GB,Blue,Germany,Female,1,1209,1209,257.29,Jul-2025,2025
16536,2025-11-10,iPhone 15 Pro,128GB,Natural Titanium,UAE,Female,2,999,1998,416.46,Nov-2025,2025
16537,2026-05-08,iPhone 16 Plus,128GB,Green,UK,Male,1,899,899,170.59,May-2026,2026
16538,2025-05-08,iPhone 15 Pro Max,256GB,Purple,India,Male,1,1299,1299,279.48,May-2025,2025
16539,2026-06-03,iPhone 15,1TB,Blue,India,Female,1,1109,1109,200.29,Jun-2026,2026
16540,2026-03-02,iPhone 15,128GB,White,USA,Male,1,809,809,137.54,Mar-2026,2026
16541,2026-07-13,iPhone 16 Pro,128GB,Blue,UAE,Male,1,1079,1079,255.36,Jul-2026,2026
16542,2026-07-19,iPhone 16 Plus,128GB,Natural Titanium,UAE,Female,4,899,3596,680.91,Jul-2026,2026
16543,2025-07-06,iPhone 16,256GB,Green,India,Male,3,919,2757,534.15,Jul-2025,2025
16544,2026-07-04,iPhone 15 Pro,512GB,Blue,India,Male,3,1199,3597,761.06,Jul-2026,2026
16545,2026-03-29,iPhone 15 Pro Max,256GB,White,USA,Female,1,1269,1269,294.76,Mar-2026,2026
16546,2026-04-16,iPhone 13,1TB,White,Germany,Male,1,879,879,142.78,Apr-2026,2026
16547,2026-07-19,iPhone 15 Pro Max,256GB,Black,USA,Female,2,1279,2558,573.81,Jul-2026,2026
16548,2025-08-12,iPhone 16 Pro,128GB,Natural Titanium,India,Female,2,1109,2218,496.62,Aug-2025,2025
16549,2025-06-03,iPhone 15 Pro,256GB,White,India,Female,2,1109,2218,484.39,Jun-2025,2025
16550,2026-07-14,iPhone 15 Pro,256GB,Pink,India,Female,1,1079,1079,235.12,Jul-2026,2026
16551,2025-12-17,iPhone 13,1TB,Green,USA,Male,2,899,1798,278.37,Dec-2025,2025
16552,2025-05-27,iPhone 15 Pro Max,128GB,Pink,Canada,Female,4,1169,4676,1026.51,May-2025,2025
16553,2026-07-30,iPhone 13,128GB,Purple,Singapore,Female,1,609,609,82.84,Jul-2026,2026
16554,2025-12-15,iPhone 16,128GB,Pink,USA,Male,1,769,769,142.38,Dec-2025,2025
16555,2025-07-01,iPhone 15 Pro Max,256GB,Green,India,Male,2,1279,2558,546.22,Jul-2025,2025
16556,2025-06-28,iPhone 16 Pro,128GB,Purple,UAE,Female,2,1099,2198,492.6,Jun-2025,2025
16557,2025-02-08,iPhone 16,256GB,Pink,UAE,Female,1,869,869,143.54,Feb-2025,2025
16558,2025-01-03,iPhone 15 Pro,512GB,Pink,India,Female,3,1219,3657,755.17,Jan-2025,2025
16559,2025-03-05,iPhone 16,128GB,Natural Titanium,Australia,Female,1,799,799,155.65,Mar-2025,2025
16560,2025-01-29,iPhone 16 Plus,256GB,Purple,Canada,Female,3,979,2937,567.67,Jan-2025,2025
16561,2026-01-07,iPhone 14,512GB,Pink,USA,Female,1,899,899,128.71,Jan-2026,2026
16562,2026-06-07,iPhone 16,256GB,White,UK,Male,1,879,879,171.5,Jun-2026,2026
16563,2025-04-07,iPhone 16 Pro Max,128GB,Green,UAE,Male,3,1179,3537,821.24,Apr-2025,2025
16564,2026-03-18,iPhone 15 Pro,128GB,Green,UAE,Female,3,969,2907,590.29,Mar-2026,2026
16565,2025-07-22,iPhone 16,256GB,Green,India,Male,5,869,4345,804.04,Jul-2025,2025
16566,2026-02-15,iPhone 16 Pro,128GB,Pink,India,Female,1,1099,1099,241.91,Feb-2026,2026
16567,2025-01-21,iPhone 16,256GB,White,India,Female,2,909,1818,351.05,Jan-2025,2025
16568,2026-07-05,iPhone 16 Plus,1TB,Green,UAE,Female,1,1199,1199,222.22,Jul-2026,2026
16569,2025-04-12,iPhone 15 Pro,256GB,Blue,USA,Female,1,1119,1119,237.48,Apr-2025,2025
16570,2025-02-15,iPhone 15 Pro,128GB,Green,USA,Female,1,999,999,209.87,Feb-2025,2025
16571,2025-03-07,iPhone 16,128GB,Black,Canada,Male,1,799,799,175.8,Mar-2025,2025
16572,2026-08-26,iPhone 16 Plus,512GB,Blue,India,Female,4,1079,4316,793.16,Aug-2026,2026
16573,2025-06-13,iPhone 16 Pro Max,512GB,Green,UAE,Male,1,1369,1369,309.23,Jun-2025,2025
16574,2025-04-21,iPhone 15,128GB,Pink,USA,Male,2,779,1558,275.76,Apr-2025,2025
16575,2025-12-04,iPhone 15 Pro Max,128GB,Green,India,Male,2,1209,2418,511.41,Dec-2025,2025
16576,2025-05-03,iPhone 15,256GB,White,India,Female,1,879,879,162.51,May-2025,2025
16577,2026-03-23,iPhone 14,128GB,White,Singapore,Male,5,719,3595,604.4,Mar-2026,2026
16578,2025-10-18,iPhone 15 Pro,128GB,Green,Canada,Male,1,999,999,199.07,Oct-2025,2025
16579,2026-02-16,iPhone 15 Pro,128GB,Natural Titanium,India,Male,4,1019,4076,840.94,Feb-2026,2026
16580,2025-10-08,iPhone 15,128GB,Pink,Singapore,Male,4,799,3196,576.46,Oct-2025,2025
16581,2025-02-12,iPhone 15 Pro,128GB,Pink,Canada,Male,4,1019,4076,861.79,Feb-2025,2025
16582,2026-05-01,iPhone 15 Pro,128GB,Pink,India,Male,3,999,2997,627.24,May-2026,2026
16583,2026-08-19,iPhone 16 Pro Max,128GB,Green,India,Female,1,1219,1219,291.3,Aug-2026,2026
16584,2025-02-20,iPhone 16 Pro,256GB,Green,India,Male,1,1179,1179,263.87,Feb-2025,2025
16585,2025-07-29,iPhone 14,256GB,Black,UK,Male,2,769,1538,283.19,Jul-2025,2025
16586,2025-05-06,iPhone 16 Pro,128GB,White,UK,Male,1,1109,1109,230.89,May-2025,2025
16587,2026-05-07,iPhone 16,512GB,Natural Titanium,India,Female,3,1009,3027,558.11,May-2026,2026
16588,2026-05-24,iPhone 16 Pro,128GB,Blue,USA,Female,2,1119,2238,499.61,May-2026,2026
16589,2026-08-04,iPhone 15 Pro,128GB,Blue,India,Female,1,969,969,200.22,Aug-2026,2026
16590,2025-09-15,iPhone 15 Pro Max,128GB,White,India,Female,1,1209,1209,249.91,Sep-2025,2025
16591,2025-07-07,iPhone 16 Pro,256GB,Purple,USA,Male,1,1219,1219,256.3,Jul-2025,2025
16592,2025-08-18,iPhone 15,128GB,Black,India,Male,2,819,1638,303.8,Aug-2025,2025
16593,2025-07-08,iPhone 16 Pro Max,128GB,White,USA,Male,1,1169,1169,280.23,Jul-2025,2025
16594,2026-02-19,iPhone 16 Pro,256GB,Black,Germany,Female,2,1169,2338,523.61,Feb-2026,2026
16595,2025-01-10,iPhone 16 Pro Max,256GB,Purple,India,Male,2,1299,2598,598.73,Jan-2025,2025
16596,2025-04-24,iPhone 15 Pro,256GB,Black,India,Female,1,1119,1119,232.24,Apr-2025,2025
16597,2025-03-17,iPhone 15,256GB,Pink,India,Male,2,879,1758,314.24,Mar-2025,2025
16598,2026-05-17,iPhone 15 Pro,1TB,White,USA,Male,2,1299,2598,548.65,May-2026,2026
16599,2025-03-26,iPhone 16 Pro Max,128GB,Blue,UAE,Male,1,1199,1199,277.82,Mar-2025,2025
16600,2025-02-18,iPhone 15 Pro,128GB,Green,UK,Female,4,1019,4076,844.19,Feb-2025,2025
16601,2026-05-10,iPhone 16,1TB,Purple,USA,Male,1,1079,1079,217.2,May-2026,2026
16602,2026-01-22,iPhone 15 Pro,256GB,Purple,India,Female,1,1109,1109,233.44,Jan-2026,2026
16603,2026-01-24,iPhone 15 Pro,256GB,Green,India,Male,3,1069,3207,646.92,Jan-2026,2026
16604,2025-08-06,iPhone 15,128GB,White,India,Male,1,799,799,128.8,Aug-2025,2025
16605,2025-12-12,iPhone 16,128GB,Natural Titanium,UK,Male,1,799,799,146.83,Dec-2025,2025
16606,2025-08-18,iPhone 16 Pro,128GB,Green,India,Male,2,1109,2218,490.48,Aug-2025,2025
16607,2025-09-12,iPhone 13,128GB,Black,Canada,Male,2,599,1198,191.77,Sep-2025,2025
16608,2025-08-24,iPhone 16 Pro,128GB,Green,UK,Male,1,1099,1099,233.43,Aug-2025,2025
16609,2025-01-26,iPhone 16,128GB,Black,India,Male,1,779,779,162.82,Jan-2025,2025
16610,2026-08-07,iPhone 16,256GB,Black,USA,Female,1,879,879,176.01,Aug-2026,2026
16611,2025-09-18,iPhone 16,128GB,Blue,Singapore,Male,2,799,1598,303.21,Sep-2025,2025
16612,2025-09-28,iPhone 15 Pro,128GB,Green,India,Male,2,1019,2038,409.21,Sep-2025,2025
16613,2025-05-03,iPhone 15 Pro Max,128GB,Natural Titanium,India,Female,2,1209,2418,528.29,May-2025,2025
16614,2025-09-14,iPhone 16 Pro,128GB,Blue,USA,Female,2,1099,2198,479.04,Sep-2025,2025
16615,2026-02-25,iPhone 15 Pro,128GB,Natural Titanium,UK,Male,1,969,969,183.31,Feb-2026,2026
16616,2025-09-16,iPhone 15 Pro Max,128GB,Green,India,Female,1,1179,1179,265.63,Sep-2025,2025
16617,2025-02-16,iPhone 13,128GB,Natural Titanium,Germany,Female,1,599,599,98.1,Feb-2025,2025
16618,2026-06-09,iPhone 16 Plus,256GB,Black,UK,Male,1,999,999,178.18,Jun-2026,2026
16619,2025-07-27,iPhone 15 Pro Max,128GB,Natural Titanium,Australia,Male,2,1209,2418,534.94,Jul-2025,2025
16620,2025-11-07,iPhone 16,256GB,Green,India,Male,2,919,1838,360.95,Nov-2025,2025
16621,2025-05-29,iPhone 14,512GB,Purple,Canada,Male,1,869,869,153.86,May-2025,2025
16622,2026-03-14,iPhone 16 Pro Max,256GB,Purple,India,Female,3,1269,3807,868.59,Mar-2026,2026
16623,2025-06-04,iPhone 15 Pro,128GB,Blue,India,Male,1,1019,1019,242.75,Jun-2025,2025
16624,2025-03-31,iPhone 16,128GB,Pink,Germany,Male,1,779,779,153.24,Mar-2025,2025
16625,2025-12-24,iPhone 16,256GB,Purple,India,Female,1,869,869,157.6,Dec-2025,2025
16626,2025-06-23,iPhone 16 Pro,1TB,Natural Titanium,Germany,Female,2,1399,2798,635.11,Jun-2025,2025
16627,2025-08-05,iPhone 15 Pro,1TB,Blue,USA,Female,1,1279,1279,247.02,Aug-2025,2025
16628,2026-04-01,iPhone 16 Plus,128GB,Natural Titanium,Singapore,Female,3,879,2637,487.03,Apr-2026,2026
16629,2025-07-18,iPhone 15 Pro,256GB,Pink,USA,Female,2,1079,2158,447.26,Jul-2025,2025
16630,2026-05-01,iPhone 15 Pro Max,512GB,White,UAE,Female,4,1419,5676,1260.41,May-2026,2026
16631,2026-06-17,iPhone 16 Plus,512GB,Blue,India,Male,1,1099,1099,200.86,Jun-2026,2026
16632,2025-07-19,iPhone 16 Pro,128GB,Purple,USA,Male,2,1099,2198,482.04,Jul-2025,2025
16633,2026-01-06,iPhone 16,128GB,Purple,UAE,Male,3,769,2307,427.29,Jan-2026,2026
16634,2026-03-24,iPhone 16 Pro,128GB,Green,Canada,Male,1,1069,1069,243.6,Mar-2026,2026
16635,2025-09-05,iPhone 15,128GB,Pink,India,Male,1,799,799,149.53,Sep-2025,2025
16636,2025-09-21,iPhone 16 Pro Max,256GB,Purple,USA,Female,1,1279,1279,276.74,Sep-2025,2025
16637,2025-02-27,iPhone 14,1TB,Green,USA,Male,5,1009,5045,857.09,Feb-2025,2025
16638,2025-10-29,iPhone 16,512GB,Pink,India,Male,2,999,1998,382.65,Oct-2025,2025
16639,2025-01-31,iPhone 16,128GB,Blue,USA,Female,2,779,1558,293.75,Jan-2025,2025
16640,2026-05-13,iPhone 15 Pro Max,256GB,Blue,Canada,Female,2,1279,2558,561.92,May-2026,2026
16641,2025-09-06,iPhone 15 Pro,128GB,Green,India,Female,1,979,979,197.31,Sep-2025,2025
16642,2026-08-28,iPhone 15 Pro Max,256GB,Blue,USA,Female,1,1269,1269,289.15,Aug-2026,2026
16643,2025-09-28,iPhone 15,256GB,Green,Singapore,Female,1,919,919,156.25,Sep-2025,2025
16644,2026-08-29,iPhone 15 Pro,128GB,Black,India,Female,1,1019,1019,225.31,Aug-2026,2026
16645,2026-01-29,iPhone 14,128GB,Natural Titanium,UK,Female,3,719,2157,366.67,Jan-2026,2026
16646,2026-05-17,iPhone 16,128GB,Pink,UAE,Female,2,769,1538,286.26,May-2026,2026
16647,2026-08-15,iPhone 14,128GB,Green,Canada,Female,5,719,3595,610.42,Aug-2026,2026
16648,2025-03-25,iPhone 15,512GB,Pink,UAE,Female,1,1009,1009,182.64,Mar-2025,2025
16649,2025-12-31,iPhone 14,128GB,Black,UAE,Male,1,699,699,114.68,Dec-2025,2025
16650,2026-07-03,iPhone 15 Pro,128GB,Pink,India,Male,3,979,2937,612.22,Jul-2026,2026
16651,2025-12-08,iPhone 16 Pro,128GB,Green,USA,Female,1,1119,1119,234.15,Dec-2025,2025
16652,2026-02-11,iPhone 16 Pro Max,512GB,Natural Titanium,Canada,Female,1,1369,1369,332.13,Feb-2026,2026
16653,2026-03-01,iPhone 14,128GB,Natural Titanium,India,Female,1,699,699,109.11,Mar-2026,2026
16654,2025-04-03,iPhone 16,128GB,Blue,India,Male,1,769,769,131.5,Apr-2025,2025
16655,2026-02-16,iPhone 16 Plus,256GB,Natural Titanium,Canada,Male,5,979,4895,935.24,Feb-2026,2026
16656,2026-03-08,iPhone 16,128GB,Natural Titanium,UAE,Male,1,779,779,125.36,Mar-2026,2026
16657,2025-06-08,iPhone 16,128GB,Pink,USA,Female,3,769,2307,438.65,Jun-2025,2025
16658,2025-01-14,iPhone 15,256GB,Pink,Germany,Female,3,899,2697,472.1,Jan-2025,2025
16659,2026-01-08,iPhone 15 Pro Max,128GB,Purple,Canada,Male,1,1199,1199,269.08,Jan-2026,2026
16660,2025-08-13,iPhone 15 Pro,512GB,Purple,Singapore,Female,2,1179,2358,492.87,Aug-2025,2025
16661,2026-05-20,iPhone 14,256GB,Black,Germany,Male,1,769,769,120.08,May-2026,2026
16662,2025-03-14,iPhone 16,256GB,White,USA,Male,1,899,899,168.73,Mar-2025,2025
16663,2025-09-06,iPhone 15 Pro Max,128GB,Natural Titanium,UAE,Male,3,1199,3597,796.59,Sep-2025,2025
16664,2026-05-26,iPhone 15,512GB,Blue,UAE,Female,1,979,979,170.84,May-2026,2026
16665,2026-08-26,iPhone 15 Pro Max,256GB,Natural Titanium,Canada,Female,1,1299,1299,281.34,Aug-2026,2026
16666,2025-08-04,iPhone 16 Pro,128GB,Green,Canada,Male,1,1099,1099,252.91,Aug-2025,2025
16667,2026-08-25,iPhone 16 Pro,128GB,Black,India,Male,1,1069,1069,240.16,Aug-2026,2026
16668,2026-06-25,iPhone 16,128GB,Green,India,Female,1,809,809,148.03,Jun-2026,2026
16669,2025-08-08,iPhone 15 Pro Max,256GB,Green,India,Male,1,1309,1309,288.95,Aug-2025,2025
16670,2025-08-09,iPhone 16,512GB,Pink,Canada,Female,1,999,999,185.97,Aug-2025,2025
16671,2026-01-24,iPhone 15 Pro,256GB,Black,Canada,Female,4,1119,4476,952.39,Jan-2026,2026
16672,2026-07-08,iPhone 14,256GB,Black,USA,Male,1,809,809,117.07,Jul-2026,2026
16673,2025-02-11,iPhone 15 Pro,128GB,Purple,UK,Male,1,969,969,210.07,Feb-2025,2025
16674,2025-10-10,iPhone 16,256GB,Blue,Canada,Male,1,919,919,180.39,Oct-2025,2025
16675,2025-02-27,iPhone 16,1TB,White,India,Male,2,1079,2158,401.21,Feb-2025,2025
16676,2026-06-21,iPhone 16 Pro Max,128GB,Green,India,Female,2,1179,2358,531.46,Jun-2026,2026
16677,2025-03-14,iPhone 16 Pro,128GB,Natural Titanium,USA,Male,4,1069,4276,954.58,Mar-2025,2025
16678,2025-05-09,iPhone 15,128GB,Blue,Germany,Female,2,779,1558,277.9,May-2025,2025
16679,2026-08-22,iPhone 15,128GB,Natural Titanium,Canada,Female,1,769,769,155.66,Aug-2026,2026
16680,2026-03-02,iPhone 14,256GB,Purple,India,Female,1,769,769,118.54,Mar-2026,2026
16681,2025-05-05,iPhone 16 Plus,512GB,Blue,India,Male,2,1109,2218,420.37,May-2025,2025
16682,2025-03-08,iPhone 16 Plus,128GB,Green,UK,Female,2,919,1838,342.39,Mar-2025,2025
16683,2025-01-06,iPhone 16 Pro Max,128GB,Pink,Australia,Female,1,1209,1209,272.98,Jan-2025,2025
16684,2025-11-10,iPhone 16,128GB,Pink,UAE,Male,2,799,1598,307.73,Nov-2025,2025
16685,2025-11-22,iPhone 16 Pro,512GB,Green,USA,Male,3,1309,3927,854.92,Nov-2025,2025
16686,2026-07-19,iPhone 16,128GB,Purple,India,Female,2,779,1558,293.91,Jul-2026,2026
16687,2026-08-01,iPhone 16 Pro,128GB,Purple,Germany,Male,2,1119,2238,483.26,Aug-2026,2026
16688,2026-05-21,iPhone 16 Plus,128GB,Black,India,Male,3,909,2727,525.4,May-2026,2026
16689,2025-03-23,iPhone 16,128GB,White,India,Female,1,769,769,169.17,Mar-2025,2025
16690,2026-08-22,iPhone 16,512GB,Natural Titanium,Canada,Male,1,1009,1009,207.26,Aug-2026,2026
16691,2025-01-02,iPhone 16 Plus,128GB,Pink,Singapore,Male,1,879,879,155.44,Jan-2025,2025
16692,2025-07-23,iPhone 15 Pro Max,256GB,White,UAE,Female,1,1299,1299,280.07,Jul-2025,2025
16693,2026-02-08,iPhone 14,256GB,Blue,UK,Female,4,819,3276,556.3,Feb-2026,2026
16694,2025-04-13,iPhone 13,128GB,Natural Titanium,India,Male,1,599,599,71.34,Apr-2025,2025
16695,2026-06-20,iPhone 15 Pro Max,128GB,Natural Titanium,India,Female,2,1219,2438,535.71,Jun-2026,2026
16696,2026-01-03,iPhone 16,512GB,Natural Titanium,India,Female,2,969,1938,373.93,Jan-2026,2026
16697,2025-07-31,iPhone 14,256GB,Blue,UK,Female,2,779,1558,264.66,Jul-2025,2025
16698,2026-07-31,iPhone 15,256GB,Green,India,Female,2,879,1758,315.27,Jul-2026,2026
16699,2025-07-28,iPhone 15 Pro,256GB,Green,Australia,Male,2,1099,2198,453.7,Jul-2025,2025
16700,2025-04-27,iPhone 16,1TB,Green,India,Female,1,1099,1099,204.64,Apr-2025,2025
16701,2026-04-23,iPhone 15,128GB,Natural Titanium,USA,Male,4,769,3076,547.97,Apr-2026,2026
16702,2025-04-15,iPhone 14,128GB,Purple,USA,Female,1,699,699,106.35,Apr-2025,2025
16703,2026-05-10,iPhone 15,128GB,Pink,UK,Male,1,799,799,154.94,May-2026,2026
16704,2025-02-15,iPhone 15,128GB,White,India,Male,2,769,1538,295.78,Feb-2025,2025
16705,2025-11-27,iPhone 16 Pro,128GB,Blue,Australia,Male,1,1109,1109,236.62,Nov-2025,2025
16706,2025-08-04,iPhone 15,1TB,White,USA,Female,1,1099,1099,185.65,Aug-2025,2025
16707,2026-05-07,iPhone 16 Plus,512GB,Pink,UAE,Male,5,1109,5545,1044.47,May-2026,2026
16708,2026-03-25,iPhone 16,128GB,Natural Titanium,UK,Female,3,769,2307,426.61,Mar-2026,2026
16709,2026-06-20,iPhone 16 Pro Max,128GB,White,India,Female,3,1199,3597,821.64,Jun-2026,2026
16710,2026-05-26,iPhone 15,128GB,Natural Titanium,UK,Male,1,809,809,148.81,May-2026,2026
16711,2026-04-03,iPhone 15,512GB,White,USA,Male,1,1009,1009,196.04,Apr-2026,2026
16712,2026-07-01,iPhone 13,128GB,Purple,Germany,Female,3,579,1737,258.84,Jul-2026,2026
16713,2026-06-20,iPhone 15,256GB,Green,Australia,Male,3,869,2607,480.61,Jun-2026,2026
16714,2026-06-24,iPhone 16 Plus,512GB,Purple,India,Male,2,1119,2238,425.18,Jun-2026,2026
16715,2026-04-29,iPhone 14,128GB,Purple,India,Male,4,699,2796,449.79,Apr-2026,2026
16716,2025-01-16,iPhone 15,512GB,Natural Titanium,India,Male,5,979,4895,865.99,Jan-2025,2025
16717,2026-07-25,iPhone 16 Pro,128GB,White,Singapore,Male,1,1099,1099,247.86,Jul-2026,2026
16718,2025-08-31,iPhone 16,256GB,White,India,Female,1,899,899,160.52,Aug-2025,2025
16719,2025-07-26,iPhone 13,128GB,Purple,UAE,Male,2,579,1158,180.63,Jul-2025,2025
16720,2025-09-28,iPhone 13,128GB,White,UK,Female,5,599,2995,477.65,Sep-2025,2025
16721,2025-04-25,iPhone 13,1TB,Purple,UK,Male,1,899,899,158.03,Apr-2025,2025
16722,2026-08-03,iPhone 16 Pro Max,256GB,Black,India,Male,2,1279,2558,573.03,Aug-2026,2026
16723,2025-10-26,iPhone 16 Pro,128GB,Purple,India,Male,2,1099,2198,491.28,Oct-2025,2025
16724,2026-04-28,iPhone 16 Pro,128GB,Blue,USA,Female,1,1109,1109,259.26,Apr-2026,2026
16725,2026-02-01,iPhone 16 Pro Max,128GB,Blue,India,Male,2,1179,2358,530.61,Feb-2026,2026
16726,2026-01-29,iPhone 15 Pro Max,256GB,White,India,Male,1,1309,1309,297.35,Jan-2026,2026
16727,2025-03-16,iPhone 15,128GB,Purple,India,Male,3,779,2337,414.36,Mar-2025,2025
16728,2026-04-27,iPhone 15 Pro,512GB,Purple,UK,Male,2,1209,2418,499.47,Apr-2026,2026
16729,2025-04-13,iPhone 16 Plus,128GB,Green,USA,Male,3,869,2607,491.36,Apr-2025,2025
16730,2025-10-24,iPhone 16 Pro,128GB,Natural Titanium,India,Male,1,1109,1109,246.73,Oct-2025,2025
16731,2025-06-27,iPhone 15 Pro Max,256GB,Green,India,Male,1,1269,1269,270.22,Jun-2025,2025
16732,2025-08-03,iPhone 16,128GB,Green,India,Female,3,819,2457,477.81,Aug-2025,2025
16733,2025-11-11,iPhone 16 Pro Max,512GB,Purple,USA,Male,1,1399,1399,316.54,Nov-2025,2025
16734,2025-02-08,iPhone 14,256GB,Purple,India,Female,1,799,799,111.4,Feb-2025,2025
16735,2025-09-16,iPhone 16 Pro,128GB,Blue,UAE,Male,1,1099,1099,240.92,Sep-2025,2025
16736,2025-01-07,iPhone 15,256GB,Pink,India,Male,2,899,1798,308.29,Jan-2025,2025
16737,2025-02-18,iPhone 15 Pro Max,128GB,White,Germany,Female,1,1169,1169,254.03,Feb-2025,2025
16738,2026-06-22,iPhone 15,128GB,Blue,India,Female,2,799,1598,292.06,Jun-2026,2026
16739,2025-06-10,iPhone 16,128GB,Green,Germany,Female,2,799,1598,295.73,Jun-2025,2025
16740,2025-06-25,iPhone 16,256GB,Blue,Australia,Female,2,909,1818,324.81,Jun-2025,2025
16741,2026-08-14,iPhone 15 Pro,128GB,Blue,UAE,Female,4,1019,4076,843.9,Aug-2026,2026
16742,2025-01-02,iPhone 16 Pro,128GB,Blue,Germany,Female,1,1099,1099,257.36,Jan-2025,2025
16743,2026-03-31,iPhone 16,128GB,Green,India,Male,2,769,1538,294.5,Mar-2026,2026
16744,2025-10-03,iPhone 16 Plus,128GB,Pink,India,Male,1,909,909,183.01,Oct-2025,2025
16745,2026-05-13,iPhone 15,128GB,Black,India,Female,3,769,2307,435.24,May-2026,2026
16746,2025-01-28,iPhone 16 Pro,128GB,White,India,Female,4,1079,4316,974.26,Jan-2025,2025
16747,2025-11-29,iPhone 15,128GB,White,India,Female,1,799,799,146.36,Nov-2025,2025
16748,2025-01-01,iPhone 15,128GB,Natural Titanium,UK,Male,1,769,769,135.02,Jan-2025,2025
16749,2025-07-07,iPhone 14,128GB,Blue,India,Female,1,669,669,106.23,Jul-2025,2025
16750,2025-02-25,iPhone 15 Pro Max,512GB,Pink,USA,Female,3,1409,4227,931.15,Feb-2025,2025
16751,2026-07-01,iPhone 16 Pro,256GB,Green,India,Female,2,1179,2358,524.29,Jul-2026,2026
16752,2025-04-22,iPhone 15,128GB,Black,UK,Male,3,779,2337,429.11,Apr-2025,2025
16753,2025-11-06,iPhone 15 Pro,512GB,Black,Singapore,Female,1,1199,1199,239.6,Nov-2025,2025
16754,2025-02-05,iPhone 16 Pro,128GB,Blue,USA,Female,1,1119,1119,234.16,Feb-2025,2025
16755,2026-03-15,iPhone 16,128GB,Blue,USA,Female,2,799,1598,300.73,Mar-2026,2026
16756,2026-08-15,iPhone 16 Plus,512GB,Green,India,Female,4,1099,4396,835.27,Aug-2026,2026
16757,2026-08-18,iPhone 15,256GB,Natural Titanium,Canada,Female,1,909,909,183.01,Aug-2026,2026
16758,2026-07-31,iPhone 16 Plus,1TB,Green,India,Male,1,1199,1199,199.5,Jul-2026,2026
16759,2025-11-21,iPhone 15,512GB,Purple,Singapore,Female,4,1009,4036,719.2,Nov-2025,2025
16760,2025-11-03,iPhone 16 Pro Max,128GB,Green,USA,Female,1,1219,1219,290.52,Nov-2025,2025
16761,2026-06-18,iPhone 16,1TB,Blue,India,Male,1,1099,1099,196.79,Jun-2026,2026
16762,2025-04-19,iPhone 16 Plus,512GB,Pink,Singapore,Male,1,1079,1079,204.75,Apr-2025,2025
16763,2026-01-07,iPhone 14,128GB,Blue,Germany,Male,1,699,699,130.36,Jan-2026,2026
16764,2025-12-23,iPhone 15,1TB,Natural Titanium,UK,Female,1,1069,1069,200.37,Dec-2025,2025
16765,2025-06-30,iPhone 14,128GB,Blue,India,Female,2,699,1398,245.85,Jun-2025,2025
16766,2025-12-22,iPhone 15 Pro,256GB,Black,UAE,Male,1,1099,1099,228.36,Dec-2025,2025
16767,2025-03-09,iPhone 15,128GB,Green,India,Female,1,819,819,148.87,Mar-2025,2025
16768,2025-10-19,iPhone 16 Plus,128GB,White,USA,Female,3,899,2697,514.43,Oct-2025,2025
16769,2025-06-30,iPhone 14,256GB,Green,India,Female,5,769,3845,647.27,Jun-2025,2025
16770,2026-04-11,iPhone 16 Plus,128GB,Purple,USA,Female,3,879,2637,511.03,Apr-2026,2026
16771,2026-03-10,iPhone 13,256GB,Pink,UAE,Female,3,679,2037,310.24,Mar-2026,2026
16772,2026-04-09,iPhone 15,256GB,Pink,India,Male,4,899,3596,639.27,Apr-2026,2026
16773,2026-06-18,iPhone 16 Pro,128GB,Green,Germany,Female,3,1099,3297,735.42,Jun-2026,2026
16774,2025-03-07,iPhone 16 Plus,128GB,Green,India,Female,5,899,4495,830.35,Mar-2025,2025
16775,2025-01-21,iPhone 15 Pro Max,256GB,Blue,India,Male,2,1299,2598,573.27,Jan-2025,2025
16776,2026-01-19,iPhone 13,512GB,White,UK,Female,2,809,1618,272.11,Jan-2026,2026
16777,2026-07-13,iPhone 16,256GB,Natural Titanium,Australia,Male,2,899,1798,332.44,Jul-2026,2026
16778,2025-02-08,iPhone 15 Pro,256GB,Blue,Singapore,Male,4,1099,4396,928.12,Feb-2025,2025
16779,2025-10-12,iPhone 15 Pro,256GB,Black,Canada,Female,2,1109,2218,467.27,Oct-2025,2025
16780,2026-08-25,iPhone 16,128GB,Black,India,Female,3,799,2397,463.29,Aug-2026,2026
16781,2026-08-20,iPhone 15 Pro Max,128GB,Pink,Singapore,Female,1,1179,1179,259.55,Aug-2026,2026
16782,2025-12-02,iPhone 14,1TB,Pink,Germany,Male,4,1019,4076,706.69,Dec-2025,2025
16783,2025-07-07,iPhone 16 Pro Max,256GB,White,India,Female,1,1309,1309,305.54,Jul-2025,2025
16784,2025-08-31,iPhone 16 Pro,128GB,Pink,USA,Female,1,1099,1099,252.14,Aug-2025,2025
16785,2025-03-14,iPhone 13,128GB,Purple,USA,Male,3,569,1707,282.84,Mar-2025,2025
16786,2026-04-24,iPhone 16,128GB,Black,USA,Female,1,819,819,171.89,Apr-2026,2026
16787,2026-07-15,iPhone 14,256GB,White,Singapore,Female,1,779,779,120.82,Jul-2026,2026
16788,2025-04-11,iPhone 16 Pro,128GB,Black,India,Male,1,1119,1119,231.29,Apr-2025,2025
16789,2026-05-29,iPhone 16,256GB,Green,UK,Male,1,919,919,187.12,May-2026,2026
16790,2025-06-25,iPhone 15,128GB,Green,India,Male,1,809,809,147.57,Jun-2025,2025
16791,2025-08-26,iPhone 13,128GB,White,USA,Female,2,599,1198,214.17,Aug-2025,2025
16792,2025-02-28,iPhone 13,512GB,Blue,Canada,Male,3,769,2307,342.81,Feb-2025,2025
16793,2025-04-09,iPhone 15 Pro Max,128GB,Purple,India,Male,1,1199,1199,262.93,Apr-2025,2025
16794,2026-05-10,iPhone 16 Plus,1TB,Natural Titanium,USA,Male,2,1219,2438,462.99,May-2026,2026
16795,2026-05-29,iPhone 14,128GB,Purple,Singapore,Male,3,669,2007,351.94,May-2026,2026
16796,2025-10-24,iPhone 15,128GB,Natural Titanium,Canada,Male,1,799,799,167.23,Oct-2025,2025
16797,2025-07-30,iPhone 15 Pro,128GB,Pink,UK,Male,2,999,1998,419.66,Jul-2025,2025
16798,2025-05-03,iPhone 15,256GB,Natural Titanium,India,Male,1,899,899,166.87,May-2025,2025
16799,2025-08-17,iPhone 15 Pro,256GB,White,USA,Male,2,1119,2238,448.54,Aug-2025,2025
16800,2026-08-17,iPhone 16,128GB,Purple,Canada,Female,1,799,799,155.25,Aug-2026,2026
16801,2026-01-23,iPhone 16 Plus,128GB,Natural Titanium,Canada,Male,5,899,4495,857.6,Jan-2026,2026
16802,2025-05-20,iPhone 16 Pro Max,256GB,Pink,India,Female,1,1309,1309,294.23,May-2025,2025
16803,2026-06-25,iPhone 16 Pro Max,128GB,Black,UAE,Female,2,1219,2438,564.32,Jun-2026,2026
16804,2026-01-26,iPhone 16,128GB,Natural Titanium,India,Male,1,779,779,151.0,Jan-2026,2026
16805,2025-09-27,iPhone 16 Plus,128GB,Blue,India,Male,2,899,1798,361.03,Sep-2025,2025
16806,2025-01-12,iPhone 16 Pro Max,256GB,Pink,USA,Female,1,1299,1299,289.64,Jan-2025,2025
16807,2026-01-24,iPhone 14,128GB,Green,India,Female,1,719,719,111.59,Jan-2026,2026
16808,2025-12-03,iPhone 13,128GB,Natural Titanium,India,Male,1,619,619,88.82,Dec-2025,2025
16809,2026-05-21,iPhone 13,128GB,Green,UAE,Male,1,619,619,93.82,May-2026,2026
16810,2025-04-16,iPhone 16,128GB,Black,USA,Male,3,799,2397,436.31,Apr-2025,2025
16811,2025-02-01,iPhone 16 Pro,256GB,White,Canada,Female,1,1199,1199,260.64,Feb-2025,2025
16812,2025-03-15,iPhone 15 Pro,512GB,Pink,UAE,Female,3,1219,3657,768.39,Mar-2025,2025
16813,2025-06-20,iPhone 16,128GB,Natural Titanium,UAE,Male,2,819,1638,329.21,Jun-2025,2025
16814,2025-03-10,iPhone 16,128GB,Natural Titanium,India,Male,1,799,799,150.31,Mar-2025,2025
16815,2025-12-28,iPhone 14,128GB,Black,India,Male,1,699,699,134.02,Dec-2025,2025
16816,2026-03-09,iPhone 15 Pro,512GB,Natural Titanium,UK,Female,4,1209,4836,1025.51,Mar-2026,2026
16817,2025-04-10,iPhone 13,128GB,Green,India,Female,2,619,1238,199.74,Apr-2025,2025
16818,2025-01-09,iPhone 14,1TB,Natural Titanium,Canada,Female,1,969,969,163.02,Jan-2025,2025
16819,2026-07-28,iPhone 16 Pro,128GB,Natural Titanium,USA,Male,2,1099,2198,489.99,Jul-2026,2026
16820,2025-01-29,iPhone 16 Pro,128GB,Green,India,Female,3,1069,3207,713.25,Jan-2025,2025
16821,2025-04-24,iPhone 16 Pro,128GB,Green,UK,Male,1,1099,1099,235.44,Apr-2025,2025
16822,2026-04-07,iPhone 16 Plus,256GB,Blue,Germany,Female,2,979,1958,379.06,Apr-2026,2026
16823,2025-05-23,iPhone 16 Pro,256GB,Blue,India,Male,1,1199,1199,262.7,May-2025,2025
16824,2026-01-25,iPhone 16 Plus,128GB,Green,India,Female,1,899,899,177.35,Jan-2026,2026
16825,2025-06-06,iPhone 16,128GB,Purple,Australia,Male,1,799,799,171.51,Jun-2025,2025
16826,2025-12-01,iPhone 16,128GB,White,India,Female,3,819,2457,462.5,Dec-2025,2025
16827,2025-09-17,iPhone 16,128GB,Blue,India,Male,1,799,799,127.99,Sep-2025,2025
16828,2025-03-23,iPhone 15 Pro,128GB,Pink,India,Male,1,999,999,209.15,Mar-2025,2025
16829,2026-03-17,iPhone 16 Plus,128GB,Blue,USA,Male,1,879,879,154.13,Mar-2026,2026
16830,2025-06-21,iPhone 15 Pro,256GB,Pink,UK,Female,1,1069,1069,227.65,Jun-2025,2025
16831,2025-08-19,iPhone 16,128GB,Blue,USA,Male,1,769,769,134.02,Aug-2025,2025
16832,2025-03-16,iPhone 15 Pro Max,128GB,Green,Germany,Male,2,1169,2338,513.03,Mar-2025,2025
16833,2025-09-27,iPhone 15,128GB,Natural Titanium,Canada,Male,1,799,799,163.39,Sep-2025,2025
16834,2025-03-03,iPhone 16 Pro Max,128GB,Pink,Singapore,Male,3,1179,3537,835.5,Mar-2025,2025
16835,2025-11-16,iPhone 15,128GB,Natural Titanium,USA,Male,1,799,799,148.15,Nov-2025,2025
16836,2025-04-12,iPhone 15 Pro,128GB,Natural Titanium,India,Male,2,979,1958,400.36,Apr-2025,2025
16837,2026-03-05,iPhone 15,128GB,White,Singapore,Male,1,809,809,156.1,Mar-2026,2026
16838,2025-09-12,iPhone 16 Pro,512GB,Blue,India,Male,3,1299,3897,851.76,Sep-2025,2025
16839,2026-06-16,iPhone 16,128GB,Blue,Canada,Female,3,819,2457,448.95,Jun-2026,2026
16840,2026-07-24,iPhone 16,128GB,Green,India,Male,1,819,819,179.05,Jul-2026,2026
16841,2025-04-22,iPhone 16 Pro,512GB,Pink,Canada,Female,2,1319,2638,580.23,Apr-2025,2025
16842,2025-11-09,iPhone 15 Pro,128GB,Purple,Germany,Male,1,999,999,216.41,Nov-2025,2025
16843,2026-04-06,iPhone 15,512GB,Green,USA,Female,1,1009,1009,177.72,Apr-2026,2026
16844,2026-04-07,iPhone 15,128GB,Natural Titanium,India,Male,4,769,3076,560.09,Apr-2026,2026
16845,2025-04-02,iPhone 16 Plus,256GB,Pink,India,Female,1,1019,1019,183.7,Apr-2025,2025
16846,2025-02-21,iPhone 16,256GB,Blue,USA,Male,1,909,909,171.32,Feb-2025,2025
16847,2026-06-04,iPhone 15,512GB,Blue,India,Male,1,1019,1019,194.42,Jun-2026,2026
16848,2025-04-08,iPhone 14,256GB,Blue,UAE,Male,1,799,799,133.68,Apr-2025,2025
16849,2025-08-24,iPhone 14,128GB,Blue,India,Male,4,719,2876,478.8,Aug-2025,2025
16850,2026-01-09,iPhone 16,256GB,Black,India,Male,1,899,899,181.87,Jan-2026,2026
16851,2026-08-04,iPhone 13,128GB,Blue,USA,Male,2,619,1238,193.75,Aug-2026,2026
16852,2026-07-11,iPhone 13,256GB,Blue,USA,Female,1,719,719,110.46,Jul-2026,2026
16853,2025-08-22,iPhone 15 Pro,128GB,Purple,India,Male,1,999,999,196.24,Aug-2025,2025
16854,2025-02-01,iPhone 16 Plus,256GB,Purple,UAE,Male,2,1019,2038,405.79,Feb-2025,2025
16855,2025-10-16,iPhone 16 Plus,256GB,Pink,Australia,Female,2,1009,2018,396.19,Oct-2025,2025
16856,2026-08-02,iPhone 15 Pro Max,512GB,Natural Titanium,India,Female,1,1369,1369,298.14,Aug-2026,2026
16857,2026-06-26,iPhone 16 Plus,128GB,Blue,India,Male,3,899,2697,501.98,Jun-2026,2026
16858,2025-04-24,iPhone 16,256GB,Blue,Canada,Female,1,919,919,182.76,Apr-2025,2025
16859,2025-07-23,iPhone 16 Pro Max,128GB,Pink,India,Male,1,1169,1169,273.7,Jul-2025,2025
16860,2025-01-29,iPhone 15,128GB,Natural Titanium,India,Male,5,779,3895,696.16,Jan-2025,2025
16861,2026-04-19,iPhone 16,256GB,Blue,UK,Male,2,879,1758,332.92,Apr-2026,2026
16862,2025-09-10,iPhone 15 Pro Max,256GB,Blue,India,Male,3,1299,3897,864.43,Sep-2025,2025
16863,2026-01-21,iPhone 15,256GB,Green,India,Male,2,919,1838,333.58,Jan-2026,2026
16864,2025-03-03,iPhone 16 Plus,256GB,Black,Singapore,Male,1,1019,1019,198.04,Mar-2025,2025
16865,2026-05-30,iPhone 15,128GB,Pink,India,Male,2,799,1598,290.78,May-2026,2026
16866,2026-03-06,iPhone 15 Pro,256GB,Green,Germany,Female,1,1099,1099,239.54,Mar-2026,2026
16867,2026-08-03,iPhone 15 Pro,128GB,Purple,India,Female,3,1009,3027,628.97,Aug-2026,2026
16868,2026-06-21,iPhone 15,128GB,Natural Titanium,Canada,Female,2,819,1638,296.77,Jun-2026,2026
16869,2025-05-21,iPhone 15 Pro Max,128GB,White,USA,Female,4,1199,4796,1046.45,May-2025,2025
16870,2025-10-27,iPhone 15 Pro Max,256GB,White,India,Female,2,1299,2598,563.77,Oct-2025,2025
16871,2025-11-07,iPhone 16 Plus,256GB,Purple,UAE,Female,1,999,999,212.65,Nov-2025,2025
16872,2026-04-16,iPhone 16 Pro,128GB,Black,Germany,Female,1,1109,1109,226.88,Apr-2026,2026
16873,2026-01-28,iPhone 15,256GB,Natural Titanium,India,Male,1,909,909,171.64,Jan-2026,2026
16874,2026-03-21,iPhone 16,128GB,Natural Titanium,UAE,Male,2,769,1538,324.84,Mar-2026,2026
16875,2025-06-21,iPhone 16 Pro,512GB,White,USA,Male,2,1279,2558,583.94,Jun-2025,2025
16876,2026-07-30,iPhone 14,256GB,Black,UAE,Male,1,799,799,142.59,Jul-2026,2026
16877,2025-01-31,iPhone 15 Pro Max,128GB,White,UAE,Male,5,1169,5845,1308.83,Jan-2025,2025
16878,2025-02-16,iPhone 16 Plus,1TB,White,India,Male,4,1199,4796,916.05,Feb-2025,2025
16879,2025-05-10,iPhone 16,128GB,Natural Titanium,India,Female,4,799,3196,603.7,May-2025,2025
16880,2025-12-18,iPhone 14,256GB,Green,USA,Male,1,779,779,132.68,Dec-2025,2025
16881,2026-08-04,iPhone 15 Pro,128GB,Natural Titanium,Germany,Male,2,999,1998,430.38,Aug-2026,2026
16882,2025-02-27,iPhone 15 Pro Max,128GB,White,India,Male,4,1179,4716,1062.45,Feb-2025,2025
16883,2025-04-16,iPhone 16 Pro Max,256GB,Natural Titanium,UK,Female,2,1299,2598,610.29,Apr-2025,2025
16884,2025-11-26,iPhone 15,128GB,Purple,India,Male,1,799,799,142.76,Nov-2025,2025
16885,2026-01-18,iPhone 16 Pro Max,512GB,Black,UAE,Male,3,1399,4197,957.65,Jan-2026,2026
16886,2025-06-11,iPhone 15 Pro,128GB,Blue,UK,Female,3,1009,3027,612.39,Jun-2025,2025
16887,2025-10-13,iPhone 15,128GB,Natural Titanium,UAE,Female,2,799,1598,286.0,Oct-2025,2025
16888,2025-03-12,iPhone 15 Pro Max,256GB,Natural Titanium,Germany,Female,1,1269,1269,266.76,Mar-2025,2025
16889,2026-03-30,iPhone 16,128GB,Blue,India,Female,1,809,809,164.83,Mar-2026,2026
16890,2026-07-21,iPhone 15,128GB,Blue,India,Male,2,799,1598,284.61,Jul-2026,2026
16891,2026-02-01,iPhone 15 Pro,512GB,Black,Singapore,Female,2,1209,2418,519.45,Feb-2026,2026
16892,2026-05-30,iPhone 16 Pro,256GB,Black,India,Male,2,1209,2418,562.05,May-2026,2026
16893,2025-01-26,iPhone 16 Pro Max,128GB,Blue,UAE,Female,1,1209,1209,276.51,Jan-2025,2025
16894,2025-11-09,iPhone 15 Pro,256GB,Purple,UAE,Male,1,1099,1099,232.74,Nov-2025,2025
16895,2025-05-06,iPhone 14,512GB,White,UAE,Male,1,909,909,158.89,May-2025,2025
16896,2026-02-12,iPhone 16 Pro,128GB,Blue,India,Male,1,1099,1099,238.39,Feb-2026,2026
16897,2026-07-19,iPhone 16,256GB,Pink,India,Male,2,919,1838,350.61,Jul-2026,2026
16898,2025-07-17,iPhone 14,128GB,Natural Titanium,UAE,Male,1,709,709,116.33,Jul-2025,2025
16899,2025-07-07,iPhone 16 Pro Max,512GB,Black,India,Male,2,1399,2798,659.84,Jul-2025,2025
16900,2026-04-29,iPhone 14,256GB,Pink,UAE,Female,3,809,2427,410.0,Apr-2026,2026
16901,2026-03-26,iPhone 16,512GB,Pink,USA,Male,1,969,969,169.13,Mar-2026,2026
16902,2026-06-07,iPhone 15 Pro Max,512GB,Black,USA,Male,4,1399,5596,1217.17,Jun-2026,2026
16903,2025-12-20,iPhone 16,128GB,Natural Titanium,India,Female,3,819,2457,456.73,Dec-2025,2025
16904,2026-08-20,iPhone 15,128GB,Blue,Germany,Female,2,809,1618,285.86,Aug-2026,2026
16905,2025-04-10,iPhone 16 Plus,128GB,Purple,USA,Male,4,869,3476,670.94,Apr-2025,2025
16906,2026-07-12,iPhone 16 Pro Max,128GB,Green,UK,Male,1,1199,1199,285.52,Jul-2026,2026
16907,2026-07-10,iPhone 15 Pro Max,256GB,Pink,Germany,Female,1,1279,1279,292.13,Jul-2026,2026
16908,2025-10-05,iPhone 16,256GB,Blue,UK,Male,1,919,919,174.81,Oct-2025,2025
16909,2026-05-06,iPhone 15,128GB,Green,Singapore,Male,1,819,819,159.34,May-2026,2026
16910,2025-09-12,iPhone 16 Pro,128GB,Natural Titanium,India,Male,2,1109,2218,485.02,Sep-2025,2025
16911,2026-01-16,iPhone 16 Pro Max,256GB,Pink,Australia,Female,2,1279,2558,566.32,Jan-2026,2026
16912,2026-06-26,iPhone 16 Pro,128GB,Blue,India,Male,1,1099,1099,253.16,Jun-2026,2026
16913,2025-09-21,iPhone 16,128GB,Pink,Canada,Male,1,799,799,143.59,Sep-2025,2025
16914,2025-11-25,iPhone 16 Pro Max,256GB,Blue,Australia,Female,1,1309,1309,298.47,Nov-2025,2025
16915,2025-04-25,iPhone 15,128GB,Natural Titanium,India,Male,1,769,769,134.06,Apr-2025,2025
16916,2025-10-03,iPhone 15 Pro Max,512GB,Purple,USA,Male,3,1409,4227,936.21,Oct-2025,2025
16917,2026-05-03,iPhone 16,128GB,Natural Titanium,UAE,Male,2,769,1538,294.13,May-2026,2026
16918,2025-10-08,iPhone 15 Pro Max,256GB,White,India,Female,1,1309,1309,285.23,Oct-2025,2025
16919,2025-10-02,iPhone 16 Pro,256GB,White,UAE,Female,1,1169,1169,276.37,Oct-2025,2025
16920,2025-11-24,iPhone 16 Plus,128GB,Natural Titanium,India,Female,1,899,899,169.72,Nov-2025,2025
16921,2025-07-30,iPhone 14,128GB,Black,Germany,Male,2,669,1338,224.62,Jul-2025,2025
16922,2026-07-06,iPhone 15 Pro,128GB,Green,India,Male,5,969,4845,1027.14,Jul-2026,2026
16923,2025-01-26,iPhone 15 Pro,128GB,Natural Titanium,UK,Male,1,999,999,223.8,Jan-2025,2025
16924,2025-01-27,iPhone 16,128GB,Natural Titanium,India,Male,3,779,2337,454.72,Jan-2025,2025
16925,2025-03-24,iPhone 15 Pro,256GB,Pink,India,Female,3,1109,3327,691.5,Mar-2025,2025
16926,2026-02-17,iPhone 14,256GB,Pink,USA,Female,1,799,799,140.24,Feb-2026,2026
16927,2025-06-16,iPhone 16,256GB,Blue,USA,Female,4,879,3516,669.06,Jun-2025,2025
16928,2025-06-18,iPhone 16 Pro,128GB,Green,India,Male,1,1099,1099,239.46,Jun-2025,2025
16929,2025-08-17,iPhone 16 Pro Max,256GB,Pink,Australia,Female,5,1319,6595,1505.64,Aug-2025,2025
16930,2026-01-02,iPhone 16 Pro Max,128GB,Green,India,Female,2,1199,2398,554.18,Jan-2026,2026
16931,2026-06-12,iPhone 16 Pro,512GB,Natural Titanium,Canada,Male,1,1309,1309,301.03,Jun-2026,2026
16932,2026-06-22,iPhone 14,512GB,Green,USA,Female,5,919,4595,800.71,Jun-2026,2026
16933,2026-06-08,iPhone 16 Pro,256GB,White,USA,Male,1,1199,1199,277.62,Jun-2026,2026
16934,2025-03-13,iPhone 15 Pro,256GB,Pink,India,Female,3,1099,3297,686.98,Mar-2025,2025
16935,2025-04-16,iPhone 16 Plus,128GB,Pink,UK,Female,1,909,909,161.52,Apr-2025,2025
16936,2025-10-09,iPhone 16,128GB,Black,USA,Male,2,769,1538,274.3,Oct-2025,2025
16937,2025-05-13,iPhone 16 Pro,512GB,Green,India,Male,1,1279,1279,294.04,May-2025,2025
16938,2026-06-18,iPhone 15 Pro Max,128GB,Blue,India,Male,5,1209,6045,1339.77,Jun-2026,2026
16939,2025-09-26,iPhone 13,128GB,White,India,Female,1,599,599,89.19,Sep-2025,2025
16940,2026-02-16,iPhone 16,512GB,Natural Titanium,India,Female,1,1009,1009,182.61,Feb-2026,2026
16941,2025-01-18,iPhone 15,256GB,Black,India,Male,2,909,1818,342.46,Jan-2025,2025
16942,2025-04-27,iPhone 16 Pro Max,128GB,White,India,Female,5,1169,5845,1356.03,Apr-2025,2025
16943,2025-05-24,iPhone 16,128GB,Blue,UAE,Female,1,779,779,163.52,May-2025,2025
16944,2026-07-05,iPhone 16,128GB,Black,India,Female,1,819,819,162.35,Jul-2026,2026
16945,2026-02-26,iPhone 16 Pro Max,256GB,White,India,Male,1,1279,1279,301.93,Feb-2026,2026
16946,2026-01-04,iPhone 16,128GB,Blue,India,Male,1,799,799,127.09,Jan-2026,2026
16947,2026-07-12,iPhone 15 Pro,512GB,Purple,UK,Female,3,1219,3657,763.48,Jul-2026,2026
16948,2025-02-19,iPhone 15 Pro,256GB,Black,India,Male,1,1119,1119,259.27,Feb-2025,2025
16949,2025-04-16,iPhone 15 Pro Max,128GB,Blue,UAE,Female,2,1179,2358,511.94,Apr-2025,2025
16950,2025-08-04,iPhone 16 Pro,128GB,Black,UAE,Female,2,1069,2138,472.98,Aug-2025,2025
16951,2026-03-01,iPhone 16 Pro,256GB,Pink,UK,Male,1,1199,1199,282.47,Mar-2026,2026
16952,2025-03-13,iPhone 16 Pro Max,512GB,Pink,India,Male,2,1369,2738,640.24,Mar-2025,2025
16953,2026-03-22,iPhone 14,128GB,White,USA,Male,3,669,2007,329.6,Mar-2026,2026
16954,2025-07-05,iPhone 15,512GB,Green,India,Male,1,1019,1019,169.33,Jul-2025,2025
16955,2025-03-11,iPhone 14,128GB,Purple,Germany,Male,1,709,709,139.85,Mar-2025,2025
16956,2025-05-30,iPhone 16 Plus,128GB,Natural Titanium,Canada,Female,1,909,909,181.61,May-2025,2025
16957,2025-09-03,iPhone 14,512GB,Green,USA,Male,3,909,2727,467.85,Sep-2025,2025
16958,2026-06-22,iPhone 14,128GB,Natural Titanium,Singapore,Male,1,719,719,128.26,Jun-2026,2026
16959,2025-04-09,iPhone 16,256GB,Natural Titanium,USA,Male,4,899,3596,678.8,Apr-2025,2025
16960,2025-10-05,iPhone 15 Pro Max,128GB,Natural Titanium,India,Male,2,1169,2338,503.67,Oct-2025,2025
16961,2026-07-17,iPhone 16 Plus,512GB,Blue,India,Male,1,1079,1079,210.29,Jul-2026,2026
16962,2026-03-31,iPhone 15 Pro Max,512GB,Black,USA,Male,2,1399,2798,608.34,Mar-2026,2026
16963,2025-04-14,iPhone 15 Pro Max,512GB,Pink,Australia,Male,1,1399,1399,300.69,Apr-2025,2025
16964,2026-08-24,iPhone 15 Pro Max,128GB,Green,Australia,Male,4,1209,4836,1059.52,Aug-2026,2026
16965,2025-08-21,iPhone 16 Pro,128GB,Natural Titanium,UK,Male,1,1119,1119,255.59,Aug-2025,2025
16966,2026-01-29,iPhone 15 Pro,256GB,Pink,USA,Female,1,1099,1099,222.36,Jan-2026,2026
16967,2026-05-16,iPhone 15 Pro,128GB,Natural Titanium,UK,Male,2,1019,2038,418.49,May-2026,2026
16968,2025-09-08,iPhone 15 Pro,256GB,Purple,Canada,Male,2,1099,2198,450.2,Sep-2025,2025
16969,2026-06-05,iPhone 15,256GB,Blue,USA,Female,3,869,2607,467.42,Jun-2026,2026
16970,2025-03-20,iPhone 16 Pro,128GB,Purple,USA,Female,4,1069,4276,952.85,Mar-2025,2025
16971,2025-02-21,iPhone 14,256GB,Purple,UAE,Male,1,819,819,137.48,Feb-2025,2025
16972,2025-08-14,iPhone 16 Pro Max,512GB,Blue,Australia,Male,1,1379,1379,317.2,Aug-2025,2025
16973,2025-02-20,iPhone 15,1TB,Black,Canada,Female,2,1099,2198,397.92,Feb-2025,2025
16974,2025-07-05,iPhone 16 Pro,128GB,Purple,India,Male,4,1099,4396,963.16,Jul-2025,2025
16975,2025-02-03,iPhone 16 Pro,128GB,Green,India,Male,5,1109,5545,1208.98,Feb-2025,2025
16976,2025-05-11,iPhone 16,128GB,Natural Titanium,Australia,Male,5,779,3895,734.86,May-2025,2025
16977,2026-03-19,iPhone 16,128GB,Blue,Australia,Female,1,799,799,145.0,Mar-2026,2026
16978,2026-03-08,iPhone 15 Pro,128GB,Blue,USA,Female,2,999,1998,418.51,Mar-2026,2026
16979,2026-05-12,iPhone 16,1TB,Natural Titanium,UK,Male,1,1099,1099,203.39,May-2026,2026
16980,2026-02-07,iPhone 15 Pro,128GB,Pink,Germany,Male,1,999,999,212.49,Feb-2026,2026
16981,2025-11-19,iPhone 15 Pro,128GB,White,Germany,Male,1,999,999,208.44,Nov-2025,2025
16982,2025-07-29,iPhone 16 Pro,128GB,Purple,Canada,Male,1,1119,1119,238.7,Jul-2025,2025
16983,2025-11-25,iPhone 15,128GB,Green,India,Female,1,799,799,161.29,Nov-2025,2025
16984,2026-01-07,iPhone 16 Pro,128GB,Black,UAE,Male,1,1119,1119,251.94,Jan-2026,2026
16985,2026-04-05,iPhone 15 Pro,256GB,Purple,India,Female,1,1109,1109,230.39,Apr-2026,2026
16986,2025-05-13,iPhone 16,128GB,Natural Titanium,Germany,Male,1,799,799,145.32,May-2025,2025
16987,2025-05-01,iPhone 16 Pro Max,128GB,Black,India,Male,2,1219,2438,571.71,May-2025,2025
16988,2026-08-29,iPhone 16 Plus,128GB,Pink,UAE,Male,1,899,899,160.4,Aug-2026,2026
16989,2026-03-28,iPhone 16,256GB,Purple,UK,Female,2,869,1738,347.07,Mar-2026,2026
16990,2025-05-09,iPhone 16 Plus,128GB,Black,Canada,Male,1,899,899,153.61,May-2025,2025
16991,2025-04-01,iPhone 16 Pro Max,128GB,Purple,USA,Female,3,1199,3597,860.52,Apr-2025,2025
16992,2026-08-27,iPhone 15,512GB,Blue,India,Male,1,999,999,174.76,Aug-2026,2026
16993,2026-07-29,iPhone 16,128GB,Purple,UAE,Male,1,779,779,132.43,Jul-2026,2026
16994,2025-01-29,iPhone 15 Pro,256GB,Green,USA,Female,2,1119,2238,461.95,Jan-2025,2025
16995,2026-06-08,iPhone 13,512GB,Purple,India,Male,4,809,3236,514.02,Jun-2026,2026
16996,2025-11-29,iPhone 14,128GB,Black,Singapore,Male,1,669,669,106.97,Nov-2025,2025
16997,2025-10-24,iPhone 15 Pro,512GB,Green,UK,Male,1,1219,1219,260.26,Oct-2025,2025
16998,2025-05-10,iPhone 16,512GB,Black,UAE,Male,4,999,3996,762.65,May-2025,2025
16999,2025-10-20,iPhone 16 Pro,128GB,Natural Titanium,USA,Female,1,1099,1099,279.88,Oct-2025,2025
17000,2025-06-22,iPhone 16 Pro,512GB,Natural Titanium,Canada,Male,1,1269,1269,280.23,Jun-2025,2025
